customer_id,first_name,last_name,email,phone,city,state,postal_code,country,acquisition_channel,created_at
1,Katherine,Anderson,katherine.anderson410@outlook.com,+1-450-428-3286,Houston,TX,77001,United States,Meta Ads,2025-11-24 07:25:57+00
2,Anna,Lopez,anna.lopez9675@icloud.com,+1-232-230-2535,San Antonio,TX,78201,United States,Organic Search,2025-04-12 22:26:33+00
3,Patricia,Bailey,patricia.bailey3258@proton.me,+1-629-425-8359,Minneapolis,MN,55401,United States,Organic Search,2025-11-06 12:55:57+00
4,James,Lee,james.lee6925@outlook.com,+1-484-359-4527,San Jose,CA,95101,United States,Organic Search,2024-10-22 10:21:29+00
5,Richard,Rivera,richard.rivera5636@proton.me,+1-470-244-8527,Portland,OR,97201,United States,Organic Search,2024-10-21 08:23:32+00
6,William,Peterson,william.peterson4804@proton.me,+1-570-791-4150,Chicago,IL,60601,United States,Organic Search,2024-06-26 08:19:54+00
7,Donna,Hernandez,donna.hernandez3815@gmail.com,+1-589-484-8428,Seattle,WA,98101,United States,Organic Search,2024-10-03 06:43:33+00
8,Anthony,Wright,anthony.wright1170@proton.me,+1-850-375-9751,San Diego,CA,92101,United States,Organic Search,2024-10-22 01:33:43+00
9,Paul,Bailey,paul.bailey3599@outlook.com,+1-986-994-1916,San Diego,CA,92101,United States,Direct,2025-09-17 15:08:29+00
10,Kenneth,Phillips,kenneth.phillips4387@gmail.com,+1-416-780-6155,San Antonio,TX,78201,United States,Meta Ads,2024-11-03 15:06:47+00
11,Samuel,Collins,samuel.collins2341@outlook.com,+1-342-452-9830,Dallas,TX,75201,United States,Email Campaign,2024-11-29 02:35:07+00
12,Justin,Phillips,justin.phillips5931@yahoo.com,+1-341-721-9085,Chicago,IL,60601,United States,Email Campaign,2025-10-31 04:07:18+00
13,Joseph,Martin,joseph.martin2622@icloud.com,+1-810-265-7304,Denver,CO,80201,United States,Meta Ads,2024-12-29 21:04:56+00
14,Helen,Allen,helen.allen9065@gmail.com,+1-896-938-2876,Portland,OR,97201,United States,Email Campaign,2025-08-20 07:43:07+00
15,Samuel,Baker,samuel.baker1828@outlook.com,+1-645-361-8433,New York,NY,10001,United States,Affiliate,2025-11-11 15:04:55+00
16,Raymond,King,raymond.king8202@yahoo.com,+1-719-308-5889,Nashville,TN,37201,United States,Meta Ads,2024-04-29 01:07:49+00
17,Deborah,Lee,deborah.lee8838@proton.me,+1-200-813-6310,Miami,FL,33101,United States,Organic Search,2024-10-09 06:27:06+00
18,Michelle,Walker,michelle.walker950@yahoo.com,+1-780-280-2403,Miami,FL,33101,United States,Email Campaign,2025-08-14 02:39:07+00
19,Jonathan,Taylor,jonathan.taylor2104@icloud.com,+1-762-369-5342,Nashville,TN,37201,United States,Direct,2024-11-24 23:51:46+00
20,Margaret,Cooper,margaret.cooper3296@outlook.com,+1-608-887-7118,Atlanta,GA,30301,United States,Direct,2024-12-17 00:18:42+00
21,Jessica,Young,jessica.young3682@gmail.com,+1-546-221-4770,Minneapolis,MN,55401,United States,Organic Search,2024-02-25 11:24:25+00
22,Patrick,Davis,patrick.davis3751@gmail.com,+1-232-538-2160,Nashville,TN,37201,United States,Organic Search,2025-06-03 22:38:58+00
23,Gary,Ramirez,gary.ramirez8835@yahoo.com,+1-940-784-8744,San Diego,CA,92101,United States,Email Campaign,2025-09-19 12:50:06+00
24,Edward,Harris,edward.harris1546@gmail.com,+1-874-641-6804,Boston,MA,02101,United States,Google Ads,2025-11-02 07:05:02+00
25,Janet,Miller,janet.miller1613@gmail.com,+1-612-945-6559,Houston,TX,77001,United States,Organic Search,2024-05-28 01:45:03+00
26,Jonathan,Edwards,jonathan.edwards2297@icloud.com,+1-387-485-8579,San Diego,CA,92101,United States,Direct,2024-02-28 21:16:34+00
27,Jeffrey,Peterson,jeffrey.peterson1605@gmail.com,+1-867-753-1241,Chicago,IL,60601,United States,Affiliate,2025-10-21 12:50:06+00
28,Donald,Perez,donald.perez6659@icloud.com,+1-692-418-7570,Los Angeles,CA,90001,United States,Organic Search,2024-01-03 00:10:44+00
29,Stephanie,King,stephanie.king7455@outlook.com,+1-633-913-8973,Phoenix,AZ,85001,United States,Organic Search,2024-06-18 10:14:19+00
30,Linda,Cooper,linda.cooper999@outlook.com,+1-258-251-8811,Nashville,TN,37201,United States,Direct,2025-02-16 20:54:31+00
31,Christopher,Davis,christopher.davis8321@gmail.com,+1-390-270-2113,San Diego,CA,92101,United States,Google Ads,2025-11-22 20:09:30+00
32,Larry,Young,larry.young9486@proton.me,+1-240-834-2343,Boston,MA,02101,United States,Meta Ads,2025-03-15 08:35:36+00
33,Eric,Green,eric.green4273@yahoo.com,+1-885-933-6147,San Diego,CA,92101,United States,Organic Search,2024-04-11 23:44:52+00
34,Debra,Hill,debra.hill7492@outlook.com,+1-969-274-1152,Atlanta,GA,30301,United States,Meta Ads,2025-03-13 14:57:43+00
35,Richard,Martinez,richard.martinez8809@yahoo.com,+1-718-471-3170,Seattle,WA,98101,United States,Direct,2025-11-14 06:47:07+00
36,Ashley,Mitchell,ashley.mitchell4670@yahoo.com,+1-648-756-5956,Charlotte,NC,28201,United States,Referral,2025-09-19 05:26:00+00
37,Christine,Ortiz,christine.ortiz129@proton.me,+1-506-879-2697,Phoenix,AZ,85001,United States,Organic Search,2025-11-22 09:26:49+00
38,Susan,Peterson,susan.peterson2547@outlook.com,+1-488-819-4450,San Jose,CA,95101,United States,Organic Search,2025-05-07 23:03:08+00
39,Kimberly,Cook,kimberly.cook8005@outlook.com,+1-252-294-7939,Dallas,TX,75201,United States,Organic Search,2024-09-16 09:56:40+00
40,Thomas,King,thomas.king2648@icloud.com,+1-764-922-8007,Portland,OR,97201,United States,Organic Search,2024-02-28 18:38:49+00
41,Frank,Martin,frank.martin8939@gmail.com,+1-578-796-3426,Boston,MA,02101,United States,Organic Search,2024-08-27 18:21:07+00
42,George,Garcia,george.garcia5863@yahoo.com,+1-898-455-2684,Seattle,WA,98101,United States,Email Campaign,2025-11-18 01:27:55+00
43,Edward,Martin,edward.martin3879@yahoo.com,+1-381-622-1406,Philadelphia,PA,19101,United States,Email Campaign,2024-09-15 08:23:09+00
44,Edward,Young,edward.young4372@yahoo.com,+1-918-310-7267,Los Angeles,CA,90001,United States,Direct,2024-06-22 02:27:54+00
45,Betty,Collins,betty.collins5729@outlook.com,+1-433-428-1387,San Antonio,TX,78201,United States,Google Ads,2024-08-04 17:32:14+00
46,David,Scott,david.scott5754@proton.me,+1-609-895-9785,San Jose,CA,95101,United States,Affiliate,2024-03-30 22:07:33+00
47,Kimberly,Thompson,kimberly.thompson9513@outlook.com,+1-239-311-8119,Seattle,WA,98101,United States,Email Campaign,2024-08-31 23:22:08+00
48,Laura,Rogers,laura.rogers1895@icloud.com,+1-790-394-5173,Los Angeles,CA,90001,United States,Email Campaign,2024-01-02 15:31:39+00
49,Eric,Morgan,eric.morgan3229@outlook.com,+1-641-271-6409,Charlotte,NC,28201,United States,Google Ads,2025-10-21 00:09:02+00
50,Jessica,Hill,jessica.hill8309@outlook.com,+1-882-618-6344,Denver,CO,80201,United States,Meta Ads,2025-03-06 22:59:51+00
51,Thomas,Harris,thomas.harris6889@icloud.com,+1-893-966-3851,Charlotte,NC,28201,United States,Meta Ads,2024-11-11 17:47:23+00
52,Stephen,Smith,stephen.smith4979@outlook.com,+1-415-640-6279,Atlanta,GA,30301,United States,Google Ads,2025-06-09 02:36:16+00
53,Margaret,Rogers,margaret.rogers7753@yahoo.com,+1-874-286-5649,Nashville,TN,37201,United States,Meta Ads,2025-04-26 07:51:29+00
54,Kevin,Lopez,kevin.lopez3849@outlook.com,+1-430-403-3414,New York,NY,10001,United States,Organic Search,2025-01-04 09:11:00+00
55,Brandon,Martinez,brandon.martinez7462@icloud.com,+1-844-789-4185,Denver,CO,80201,United States,Google Ads,2024-07-08 20:11:58+00
56,Charles,Smith,charles.smith1747@icloud.com,+1-424-380-9486,Atlanta,GA,30301,United States,Organic Search,2024-07-12 21:23:33+00
57,Jessica,Collins,jessica.collins2185@icloud.com,+1-883-743-6198,Atlanta,GA,30301,United States,Meta Ads,2025-07-13 00:14:18+00
58,Nicholas,Diaz,nicholas.diaz8977@icloud.com,+1-362-961-8777,Atlanta,GA,30301,United States,Organic Search,2024-07-11 08:52:57+00
59,Katherine,Scott,katherine.scott8541@icloud.com,+1-841-444-5499,Atlanta,GA,30301,United States,Organic Search,2024-08-10 06:21:31+00
60,Donald,Wright,donald.wright5503@outlook.com,+1-753-282-3267,Phoenix,AZ,85001,United States,Organic Search,2025-06-23 08:09:43+00
61,Karen,Ramirez,karen.ramirez1053@icloud.com,+1-617-538-9890,Atlanta,GA,30301,United States,Google Ads,2024-06-09 23:40:20+00
62,Sharon,Roberts,sharon.roberts9570@gmail.com,+1-983-789-7232,Miami,FL,33101,United States,Organic Search,2024-09-30 13:15:33+00
63,Joshua,Roberts,joshua.roberts6866@proton.me,+1-965-952-9947,Charlotte,NC,28201,United States,Direct,2025-01-14 13:15:25+00
64,Mark,Wright,mark.wright7141@icloud.com,+1-229-598-6507,Denver,CO,80201,United States,Email Campaign,2025-10-15 04:09:40+00
65,Kathleen,Taylor,kathleen.taylor8752@gmail.com,+1-603-806-1444,Chicago,IL,60601,United States,Meta Ads,2024-04-15 17:37:18+00
66,Kathleen,White,kathleen.white824@outlook.com,+1-588-535-4467,Atlanta,GA,30301,United States,Google Ads,2025-08-14 14:21:00+00
67,Timothy,Scott,timothy.scott6907@outlook.com,+1-283-681-1317,Portland,OR,97201,United States,Organic Search,2024-09-29 03:44:01+00
68,Mark,Rodriguez,mark.rodriguez660@gmail.com,+1-453-404-1333,Charlotte,NC,28201,United States,Organic Search,2024-04-08 08:55:46+00
69,Jacob,Anderson,jacob.anderson9241@yahoo.com,+1-676-916-5198,Seattle,WA,98101,United States,Organic Search,2025-04-16 23:54:49+00
70,Ruth,Anderson,ruth.anderson2684@outlook.com,+1-310-792-1420,Austin,TX,73301,United States,Meta Ads,2024-10-18 20:13:43+00
71,Ronald,Sanchez,ronald.sanchez1246@proton.me,+1-907-842-4978,Houston,TX,77001,United States,Meta Ads,2024-08-22 13:54:31+00
72,Rachel,Thomas,rachel.thomas9273@gmail.com,+1-555-745-8018,Seattle,WA,98101,United States,Organic Search,2025-05-18 07:04:52+00
73,Amanda,Johnson,amanda.johnson6883@icloud.com,+1-308-643-6934,Atlanta,GA,30301,United States,Email Campaign,2024-12-04 14:04:07+00
74,Daniel,Gutierrez,daniel.gutierrez4426@proton.me,+1-751-993-8921,Atlanta,GA,30301,United States,Google Ads,2025-07-22 03:18:58+00
75,Nicole,Wright,nicole.wright5281@yahoo.com,+1-288-485-8385,San Diego,CA,92101,United States,Email Campaign,2025-03-18 22:46:02+00
76,Brandon,Carter,brandon.carter5512@gmail.com,+1-706-532-3979,Miami,FL,33101,United States,Organic Search,2025-09-12 00:40:23+00
77,Kimberly,Baker,kimberly.baker4582@proton.me,+1-918-482-1166,Nashville,TN,37201,United States,Affiliate,2024-03-07 19:56:28+00
78,Donald,Evans,donald.evans8005@proton.me,+1-976-446-8800,Miami,FL,33101,United States,Google Ads,2024-01-14 17:26:15+00
79,Barbara,Nguyen,barbara.nguyen3631@icloud.com,+1-908-449-6016,Minneapolis,MN,55401,United States,Google Ads,2025-03-06 05:29:01+00
80,Helen,Hall,helen.hall6972@proton.me,+1-538-560-8434,Dallas,TX,75201,United States,Google Ads,2024-06-28 09:32:26+00
81,Jessica,Harris,jessica.harris5170@gmail.com,+1-960-748-4033,San Antonio,TX,78201,United States,Organic Search,2025-01-11 10:06:57+00
82,Emily,Ortiz,emily.ortiz9778@outlook.com,+1-302-398-5853,San Diego,CA,92101,United States,Google Ads,2024-08-23 02:40:34+00
83,Mary,Morgan,mary.morgan2074@outlook.com,+1-246-255-5786,Phoenix,AZ,85001,United States,Meta Ads,2025-08-08 01:03:47+00
84,Gary,Wilson,gary.wilson201@proton.me,+1-491-680-8843,Atlanta,GA,30301,United States,Google Ads,2024-02-10 05:43:53+00
85,Steven,Morris,steven.morris1870@gmail.com,+1-610-703-2213,Minneapolis,MN,55401,United States,Meta Ads,2024-02-11 23:20:44+00
86,Karen,Martin,karen.martin9222@outlook.com,+1-287-454-2940,Portland,OR,97201,United States,Email Campaign,2025-04-16 06:34:48+00
87,Scott,Lewis,scott.lewis8562@icloud.com,+1-661-653-5871,Minneapolis,MN,55401,United States,Referral,2024-08-25 12:42:01+00
88,Larry,Davis,larry.davis9989@gmail.com,+1-981-412-4457,Dallas,TX,75201,United States,Meta Ads,2024-05-02 07:45:23+00
89,Donald,Thompson,donald.thompson9044@gmail.com,+1-360-202-7693,Atlanta,GA,30301,United States,Meta Ads,2024-12-31 07:48:12+00
90,Donna,Jones,donna.jones3793@outlook.com,+1-923-489-8438,Chicago,IL,60601,United States,Meta Ads,2024-07-24 19:39:20+00
91,Benjamin,Sanchez,benjamin.sanchez6966@gmail.com,+1-757-430-3441,Dallas,TX,75201,United States,Direct,2024-02-25 19:10:33+00
92,Linda,Perez,linda.perez5040@proton.me,+1-966-782-5728,Atlanta,GA,30301,United States,Organic Search,2025-06-19 05:53:17+00
93,Joshua,Phillips,joshua.phillips4461@proton.me,+1-752-705-8172,Chicago,IL,60601,United States,Meta Ads,2025-11-22 04:02:39+00
94,Laura,Adams,laura.adams9892@outlook.com,+1-226-293-4750,Minneapolis,MN,55401,United States,Meta Ads,2024-01-17 10:43:23+00
95,Alexander,Wright,alexander.wright9442@gmail.com,+1-981-974-3870,Miami,FL,33101,United States,Meta Ads,2024-12-09 19:45:12+00
96,Emily,White,emily.white9591@icloud.com,+1-850-703-2494,Miami,FL,33101,United States,Google Ads,2024-09-16 05:19:07+00
97,Carol,Wilson,carol.wilson2635@outlook.com,+1-621-910-9117,Austin,TX,73301,United States,Meta Ads,2024-11-07 08:58:15+00
98,Stephen,Jones,stephen.jones7452@gmail.com,+1-522-458-6296,Houston,TX,77001,United States,Referral,2024-11-10 06:22:08+00
99,Angela,Smith,angela.smith8890@icloud.com,+1-623-255-4073,Nashville,TN,37201,United States,Google Ads,2025-08-10 21:07:20+00
100,Shirley,Cruz,shirley.cruz846@yahoo.com,+1-473-762-3146,Austin,TX,73301,United States,Google Ads,2025-06-26 16:19:26+00
101,Gary,Thomas,gary.thomas473@proton.me,+1-445-926-3594,Austin,TX,73301,United States,Meta Ads,2025-03-05 06:42:44+00
102,Edward,Lopez,edward.lopez3682@gmail.com,+1-672-320-3522,Miami,FL,33101,United States,Affiliate,2024-08-15 00:41:37+00
103,Angela,Wright,angela.wright6808@icloud.com,+1-683-449-8483,Portland,OR,97201,United States,Organic Search,2024-05-28 09:14:05+00
104,Scott,Rogers,scott.rogers2237@gmail.com,+1-482-991-7798,San Jose,CA,95101,United States,Affiliate,2025-01-29 16:54:58+00
105,Paul,Smith,paul.smith4635@outlook.com,+1-801-793-9022,Phoenix,AZ,85001,United States,Google Ads,2025-01-11 12:46:40+00
106,Brian,Nelson,brian.nelson9043@proton.me,+1-586-666-6272,San Antonio,TX,78201,United States,Referral,2024-07-04 19:39:28+00
107,Pamela,Roberts,pamela.roberts3827@icloud.com,+1-244-525-8749,Denver,CO,80201,United States,Google Ads,2025-05-30 20:03:23+00
108,Christine,Martin,christine.martin8116@gmail.com,+1-329-714-6439,Houston,TX,77001,United States,Direct,2024-12-08 07:54:09+00
109,Richard,Ortiz,richard.ortiz7487@gmail.com,+1-939-347-7717,Phoenix,AZ,85001,United States,Organic Search,2025-08-30 08:41:14+00
110,Kimberly,Baker,kimberly.baker6513@gmail.com,+1-536-890-9742,Denver,CO,80201,United States,Affiliate,2025-05-02 04:23:00+00
111,Carolyn,Morales,carolyn.morales8865@gmail.com,+1-832-270-4846,Austin,TX,73301,United States,Referral,2025-08-03 08:44:02+00
112,Barbara,Parker,barbara.parker1613@gmail.com,+1-654-370-5906,New York,NY,10001,United States,Organic Search,2025-09-10 17:11:23+00
113,Linda,Nguyen,linda.nguyen5874@outlook.com,+1-641-349-5000,Nashville,TN,37201,United States,Google Ads,2025-06-13 21:40:48+00
114,Lisa,Perez,lisa.perez2869@gmail.com,+1-824-591-4945,Miami,FL,33101,United States,Direct,2024-04-21 11:54:27+00
115,Sandra,Reyes,sandra.reyes4162@icloud.com,+1-461-882-1153,Atlanta,GA,30301,United States,Direct,2025-06-10 15:34:56+00
116,Anna,Lee,anna.lee1211@icloud.com,+1-553-801-5901,Boston,MA,02101,United States,Meta Ads,2024-12-21 04:02:12+00
117,Joshua,Sanchez,joshua.sanchez6303@icloud.com,+1-309-442-7248,Minneapolis,MN,55401,United States,Google Ads,2024-08-18 03:27:39+00
118,Catherine,Nguyen,catherine.nguyen360@icloud.com,+1-481-208-1803,Charlotte,NC,28201,United States,Email Campaign,2025-10-09 05:14:32+00
119,Andrew,Robinson,andrew.robinson9947@outlook.com,+1-424-851-4115,Charlotte,NC,28201,United States,Organic Search,2025-08-10 04:58:55+00
120,Raymond,Moore,raymond.moore1592@gmail.com,+1-516-651-1546,Minneapolis,MN,55401,United States,Google Ads,2024-04-12 09:41:37+00
121,Barbara,Nguyen,barbara.nguyen5353@icloud.com,+1-379-405-3165,Portland,OR,97201,United States,Direct,2024-10-11 12:04:43+00
122,Helen,Cook,helen.cook4466@yahoo.com,+1-463-693-5835,San Jose,CA,95101,United States,Email Campaign,2024-12-30 02:19:47+00
123,Elizabeth,Jackson,elizabeth.jackson3697@icloud.com,+1-770-574-2479,Denver,CO,80201,United States,Organic Search,2025-02-21 02:25:58+00
124,Jessica,Collins,jessica.collins6039@outlook.com,+1-798-590-7086,Houston,TX,77001,United States,Meta Ads,2025-01-01 12:57:57+00
125,Patricia,Bailey,patricia.bailey5375@proton.me,+1-426-863-2035,Atlanta,GA,30301,United States,Direct,2024-08-23 01:13:59+00
126,Christine,Evans,christine.evans1912@yahoo.com,+1-246-238-5986,Miami,FL,33101,United States,Organic Search,2024-07-01 16:59:23+00
127,Jonathan,Moore,jonathan.moore6368@icloud.com,+1-579-886-9850,Boston,MA,02101,United States,Meta Ads,2025-07-18 16:47:23+00
128,Karen,Turner,karen.turner1623@icloud.com,+1-830-617-5583,Los Angeles,CA,90001,United States,Meta Ads,2024-06-18 02:12:01+00
129,Jeffrey,Cruz,jeffrey.cruz3869@outlook.com,+1-301-902-7018,Portland,OR,97201,United States,Direct,2025-05-16 04:26:34+00
130,Melissa,Davis,melissa.davis6524@outlook.com,+1-394-325-8450,Chicago,IL,60601,United States,Meta Ads,2025-05-13 18:14:17+00
131,Katherine,Williams,katherine.williams829@outlook.com,+1-449-328-4362,Chicago,IL,60601,United States,Direct,2025-03-06 19:10:55+00
132,Anthony,Ramirez,anthony.ramirez3818@outlook.com,+1-992-351-1046,Dallas,TX,75201,United States,Direct,2024-04-22 17:10:45+00
133,Thomas,Cooper,thomas.cooper4107@yahoo.com,+1-312-876-1422,Phoenix,AZ,85001,United States,Organic Search,2025-09-05 22:22:53+00
134,Donald,Adams,donald.adams259@yahoo.com,+1-471-253-3076,Boston,MA,02101,United States,Meta Ads,2025-08-02 12:12:29+00
135,David,Stewart,david.stewart7345@outlook.com,+1-725-807-2786,Atlanta,GA,30301,United States,Meta Ads,2025-04-23 02:25:21+00
136,Jennifer,Gutierrez,jennifer.gutierrez4942@icloud.com,+1-858-231-1996,Miami,FL,33101,United States,Direct,2024-11-27 10:18:58+00
137,Rachel,Wilson,rachel.wilson8033@icloud.com,+1-275-282-6277,Charlotte,NC,28201,United States,Organic Search,2024-04-08 08:22:54+00
138,Emily,Peterson,emily.peterson5328@icloud.com,+1-811-743-5831,Atlanta,GA,30301,United States,Meta Ads,2024-11-30 11:29:48+00
139,Richard,Anderson,richard.anderson9034@yahoo.com,+1-640-662-4743,Boston,MA,02101,United States,Google Ads,2024-12-18 13:49:56+00
140,Rebecca,Turner,rebecca.turner1558@outlook.com,+1-637-520-5176,Seattle,WA,98101,United States,Affiliate,2025-06-17 19:16:19+00
141,Jacob,Rodriguez,jacob.rodriguez1495@gmail.com,+1-295-642-2582,Seattle,WA,98101,United States,Email Campaign,2025-03-08 11:30:08+00
142,Linda,Bailey,linda.bailey9203@outlook.com,+1-886-325-7730,Seattle,WA,98101,United States,Direct,2025-08-06 02:18:43+00
143,Jason,Miller,jason.miller4713@proton.me,+1-519-560-2697,Minneapolis,MN,55401,United States,Meta Ads,2024-04-30 12:22:46+00
144,Gregory,Morris,gregory.morris3675@gmail.com,+1-558-769-7022,Houston,TX,77001,United States,Email Campaign,2025-03-22 05:59:59+00
145,Mark,Diaz,mark.diaz9191@proton.me,+1-828-891-1430,Charlotte,NC,28201,United States,Affiliate,2025-10-06 14:16:11+00
146,Frank,Wright,frank.wright475@yahoo.com,+1-479-919-6062,San Jose,CA,95101,United States,Google Ads,2024-05-21 05:38:40+00
147,Charles,Phillips,charles.phillips1141@yahoo.com,+1-958-848-1502,Chicago,IL,60601,United States,Email Campaign,2024-06-16 10:22:03+00
148,Timothy,Turner,timothy.turner7433@outlook.com,+1-361-578-6105,San Jose,CA,95101,United States,Email Campaign,2025-03-17 04:42:38+00
149,Scott,Hernandez,scott.hernandez862@yahoo.com,+1-361-972-1815,Chicago,IL,60601,United States,Organic Search,2025-05-29 11:25:53+00
150,Jason,Morales,jason.morales9947@icloud.com,+1-624-479-4531,Nashville,TN,37201,United States,Organic Search,2024-11-30 06:10:15+00
151,Joseph,Torres,joseph.torres9718@icloud.com,+1-739-883-6053,Los Angeles,CA,90001,United States,Organic Search,2025-04-10 20:13:37+00
152,Linda,Smith,linda.smith3350@outlook.com,+1-416-985-3248,Dallas,TX,75201,United States,Google Ads,2024-04-03 12:40:13+00
153,James,Murphy,james.murphy7056@yahoo.com,+1-332-589-9725,San Diego,CA,92101,United States,Meta Ads,2025-10-09 14:50:53+00
154,Debra,Rivera,debra.rivera1181@icloud.com,+1-959-243-8147,New York,NY,10001,United States,Google Ads,2024-03-01 19:27:51+00
155,Kenneth,Diaz,kenneth.diaz9395@icloud.com,+1-926-855-7843,Austin,TX,73301,United States,Organic Search,2024-01-17 12:47:39+00
156,Carol,Perez,carol.perez7539@outlook.com,+1-290-647-2734,San Diego,CA,92101,United States,Google Ads,2024-11-07 08:55:32+00
157,Helen,Hernandez,helen.hernandez6485@outlook.com,+1-963-547-4630,San Jose,CA,95101,United States,Email Campaign,2024-02-29 15:48:53+00
158,Angela,Anderson,angela.anderson8694@proton.me,+1-398-994-6724,Seattle,WA,98101,United States,Email Campaign,2025-09-28 10:18:30+00
159,Samuel,Jackson,samuel.jackson3872@gmail.com,+1-349-462-4232,Philadelphia,PA,19101,United States,Meta Ads,2025-08-13 19:26:24+00
160,Christine,Martinez,christine.martinez2903@icloud.com,+1-675-972-8354,Minneapolis,MN,55401,United States,Meta Ads,2025-04-30 09:55:47+00
161,Carol,Green,carol.green2474@icloud.com,+1-269-680-8245,Austin,TX,73301,United States,Email Campaign,2025-04-04 16:51:48+00
162,Linda,Rivera,linda.rivera8313@gmail.com,+1-517-672-8404,Los Angeles,CA,90001,United States,Organic Search,2025-10-08 07:56:56+00
163,Andrew,Martinez,andrew.martinez1480@proton.me,+1-808-719-7299,Atlanta,GA,30301,United States,Meta Ads,2025-09-07 08:33:12+00
164,Jack,Garcia,jack.garcia7369@proton.me,+1-867-392-6267,Charlotte,NC,28201,United States,Google Ads,2024-04-27 12:15:15+00
165,Linda,Edwards,linda.edwards1696@outlook.com,+1-931-286-9266,Philadelphia,PA,19101,United States,Organic Search,2025-07-03 23:01:28+00
166,Jeffrey,Cruz,jeffrey.cruz8587@proton.me,+1-824-362-6962,Seattle,WA,98101,United States,Direct,2024-10-28 05:58:05+00
167,Edward,Baker,edward.baker9796@gmail.com,+1-846-862-6482,Chicago,IL,60601,United States,Google Ads,2025-03-09 17:11:17+00
168,Alexander,Roberts,alexander.roberts4656@outlook.com,+1-941-872-3463,San Jose,CA,95101,United States,Organic Search,2025-05-30 18:37:34+00
169,Charles,Hall,charles.hall5083@icloud.com,+1-332-809-2388,Austin,TX,73301,United States,Meta Ads,2025-05-15 03:35:01+00
170,Kevin,Taylor,kevin.taylor8625@gmail.com,+1-861-886-7937,Nashville,TN,37201,United States,Google Ads,2024-10-08 23:18:37+00
171,Michelle,White,michelle.white3510@outlook.com,+1-984-697-4145,San Diego,CA,92101,United States,Referral,2024-04-30 16:23:14+00
172,Elizabeth,Nguyen,elizabeth.nguyen1658@proton.me,+1-989-752-9626,Los Angeles,CA,90001,United States,Meta Ads,2025-11-12 01:08:43+00
173,Samantha,Taylor,samantha.taylor9786@icloud.com,+1-357-366-3962,Charlotte,NC,28201,United States,Email Campaign,2024-05-08 21:52:25+00
174,Raymond,Cruz,raymond.cruz716@icloud.com,+1-573-892-4891,Atlanta,GA,30301,United States,Meta Ads,2025-08-07 17:35:16+00
175,Ruth,Edwards,ruth.edwards3834@proton.me,+1-444-516-8684,San Antonio,TX,78201,United States,Google Ads,2025-03-19 09:23:17+00
176,Jeffrey,Reyes,jeffrey.reyes4617@icloud.com,+1-714-740-7859,Philadelphia,PA,19101,United States,Email Campaign,2025-09-14 16:33:16+00
177,Emma,Moore,emma.moore4097@gmail.com,+1-856-692-7081,Portland,OR,97201,United States,Affiliate,2025-07-06 21:28:31+00
178,Eric,Thomas,eric.thomas4671@gmail.com,+1-981-364-5469,Atlanta,GA,30301,United States,Direct,2024-04-24 18:46:40+00
179,Laura,Lopez,laura.lopez3638@icloud.com,+1-557-227-7797,Los Angeles,CA,90001,United States,Google Ads,2024-10-17 19:08:50+00
180,Donald,Roberts,donald.roberts1338@outlook.com,+1-429-228-6221,Houston,TX,77001,United States,Direct,2025-05-20 04:08:43+00
181,Kevin,Jackson,kevin.jackson2255@gmail.com,+1-493-683-3273,Miami,FL,33101,United States,Google Ads,2024-01-05 09:53:21+00
182,William,Williams,william.williams4194@yahoo.com,+1-353-761-9647,Boston,MA,02101,United States,Organic Search,2024-08-12 02:36:09+00
183,Donald,Hill,donald.hill1997@gmail.com,+1-444-629-8489,Chicago,IL,60601,United States,Organic Search,2025-01-23 13:29:31+00
184,Scott,Morgan,scott.morgan270@proton.me,+1-788-447-3352,Austin,TX,73301,United States,Google Ads,2025-04-22 20:52:52+00
185,Melissa,Walker,melissa.walker9350@icloud.com,+1-391-880-2402,Nashville,TN,37201,United States,Referral,2024-02-22 21:38:02+00
186,Helen,Cooper,helen.cooper8313@proton.me,+1-767-220-7397,Miami,FL,33101,United States,Organic Search,2024-10-27 19:59:25+00
187,Deborah,Allen,deborah.allen267@outlook.com,+1-269-553-4950,Houston,TX,77001,United States,Email Campaign,2025-07-25 08:52:43+00
188,Kevin,Moore,kevin.moore727@outlook.com,+1-759-546-3868,Atlanta,GA,30301,United States,Referral,2025-01-07 00:28:03+00
189,Benjamin,White,benjamin.white2210@gmail.com,+1-933-994-8498,Los Angeles,CA,90001,United States,Google Ads,2024-02-04 08:36:29+00
190,Betty,Garcia,betty.garcia5171@outlook.com,+1-727-607-9897,Miami,FL,33101,United States,Organic Search,2025-08-08 10:21:37+00
191,Samuel,Harris,samuel.harris4688@outlook.com,+1-999-248-6438,Dallas,TX,75201,United States,Organic Search,2024-10-13 04:22:28+00
192,Laura,Phillips,laura.phillips7205@icloud.com,+1-547-391-9129,Miami,FL,33101,United States,Google Ads,2025-09-11 14:34:45+00
193,Eric,Wright,eric.wright1354@icloud.com,+1-280-640-3956,Portland,OR,97201,United States,Google Ads,2024-03-21 00:33:49+00
194,William,Adams,william.adams4844@outlook.com,+1-656-817-7981,Philadelphia,PA,19101,United States,Meta Ads,2024-09-30 09:18:38+00
195,Cynthia,Garcia,cynthia.garcia5777@proton.me,+1-645-481-1939,Chicago,IL,60601,United States,Meta Ads,2024-11-11 20:18:27+00
196,George,Rogers,george.rogers2622@gmail.com,+1-346-822-8179,Los Angeles,CA,90001,United States,Organic Search,2024-07-02 15:16:21+00
197,Samuel,Campbell,samuel.campbell5934@icloud.com,+1-780-233-3513,Atlanta,GA,30301,United States,Affiliate,2024-10-16 06:49:55+00
198,Jeffrey,Martinez,jeffrey.martinez9404@yahoo.com,+1-742-575-7521,San Jose,CA,95101,United States,Meta Ads,2024-07-13 05:05:54+00
199,Joseph,Brown,joseph.brown3049@icloud.com,+1-730-596-2929,Dallas,TX,75201,United States,Email Campaign,2025-07-01 04:12:57+00
200,Cynthia,Ramirez,cynthia.ramirez4679@icloud.com,+1-404-325-3223,Chicago,IL,60601,United States,Google Ads,2025-11-29 08:35:28+00
201,Carolyn,Cruz,carolyn.cruz1439@outlook.com,+1-883-555-2063,Portland,OR,97201,United States,Meta Ads,2025-11-23 15:37:36+00
202,Joshua,Lee,joshua.lee2853@outlook.com,+1-720-429-2988,San Antonio,TX,78201,United States,Email Campaign,2024-07-03 05:04:56+00
203,Shirley,Brown,shirley.brown5913@proton.me,+1-786-577-8657,Portland,OR,97201,United States,Organic Search,2025-11-18 03:32:54+00
204,Barbara,Rodriguez,barbara.rodriguez5068@icloud.com,+1-934-936-8842,Nashville,TN,37201,United States,Google Ads,2024-11-14 08:23:38+00
205,Pamela,Martinez,pamela.martinez2054@outlook.com,+1-857-275-8372,Atlanta,GA,30301,United States,Meta Ads,2024-09-24 22:13:15+00
206,Thomas,Peterson,thomas.peterson9631@yahoo.com,+1-986-332-8088,Nashville,TN,37201,United States,Direct,2024-02-13 08:58:13+00
207,Jessica,Gutierrez,jessica.gutierrez2508@outlook.com,+1-368-365-6286,San Diego,CA,92101,United States,Google Ads,2025-02-07 08:57:21+00
208,Andrew,Hernandez,andrew.hernandez4106@yahoo.com,+1-850-764-5496,Phoenix,AZ,85001,United States,Meta Ads,2025-04-22 13:46:23+00
209,Jonathan,Lopez,jonathan.lopez8235@yahoo.com,+1-806-794-3526,Philadelphia,PA,19101,United States,Meta Ads,2025-07-14 01:34:06+00
210,Emma,Baker,emma.baker9235@gmail.com,+1-229-283-1744,Minneapolis,MN,55401,United States,Organic Search,2024-06-13 01:45:10+00
211,Pamela,Turner,pamela.turner497@icloud.com,+1-842-758-5745,Austin,TX,73301,United States,Google Ads,2025-09-17 08:28:27+00
212,Rachel,Phillips,rachel.phillips4874@icloud.com,+1-274-905-1981,Philadelphia,PA,19101,United States,Google Ads,2025-01-11 11:05:43+00
213,Kathleen,Clark,kathleen.clark5574@proton.me,+1-347-520-6231,Seattle,WA,98101,United States,Referral,2024-04-11 21:39:27+00
214,Deborah,Rogers,deborah.rogers9203@gmail.com,+1-526-447-8642,Houston,TX,77001,United States,Organic Search,2024-07-11 21:32:34+00
215,Charles,Gonzalez,charles.gonzalez830@outlook.com,+1-593-830-7850,San Diego,CA,92101,United States,Affiliate,2024-05-04 09:01:02+00
216,Carol,Green,carol.green3111@yahoo.com,+1-710-727-8648,Miami,FL,33101,United States,Direct,2025-01-21 15:39:14+00
217,Robert,Lopez,robert.lopez6443@proton.me,+1-668-446-4524,Minneapolis,MN,55401,United States,Google Ads,2024-02-09 14:08:29+00
218,Andrew,Murphy,andrew.murphy9790@icloud.com,+1-492-749-1133,Houston,TX,77001,United States,Google Ads,2025-11-16 18:10:01+00
219,Kimberly,Campbell,kimberly.campbell6607@outlook.com,+1-246-610-1838,Minneapolis,MN,55401,United States,Meta Ads,2024-10-08 21:55:58+00
220,Stephen,Torres,stephen.torres1205@icloud.com,+1-716-661-5582,Charlotte,NC,28201,United States,Meta Ads,2024-04-02 14:47:52+00
221,Thomas,Gonzalez,thomas.gonzalez6454@outlook.com,+1-547-771-6990,Phoenix,AZ,85001,United States,Organic Search,2025-01-30 18:43:53+00
222,Rebecca,Cook,rebecca.cook660@gmail.com,+1-239-340-6456,Miami,FL,33101,United States,Meta Ads,2024-04-26 00:27:18+00
223,Emma,Rogers,emma.rogers2291@outlook.com,+1-827-526-3662,Denver,CO,80201,United States,Referral,2025-07-28 13:54:42+00
224,Joshua,Baker,joshua.baker8312@proton.me,+1-745-701-5911,Miami,FL,33101,United States,Email Campaign,2024-10-13 10:41:14+00
225,Kevin,Anderson,kevin.anderson6825@proton.me,+1-515-942-1436,Charlotte,NC,28201,United States,Google Ads,2025-05-24 13:06:05+00
226,Justin,Robinson,justin.robinson842@proton.me,+1-691-374-9589,Charlotte,NC,28201,United States,Email Campaign,2024-10-22 15:15:41+00
227,Charles,Young,charles.young518@proton.me,+1-917-312-4125,New York,NY,10001,United States,Google Ads,2024-11-21 14:37:50+00
228,Karen,Evans,karen.evans3341@icloud.com,+1-713-993-8726,Los Angeles,CA,90001,United States,Email Campaign,2025-02-07 04:57:21+00
229,Anthony,Bailey,anthony.bailey5326@icloud.com,+1-738-585-6140,Philadelphia,PA,19101,United States,Google Ads,2025-02-18 10:12:31+00
230,Amanda,Cooper,amanda.cooper5805@outlook.com,+1-824-695-4150,San Diego,CA,92101,United States,Organic Search,2024-08-20 04:25:39+00
231,Mark,Hill,mark.hill4736@yahoo.com,+1-906-921-9011,San Jose,CA,95101,United States,Google Ads,2025-03-11 16:14:45+00
232,Raymond,Scott,raymond.scott4716@gmail.com,+1-787-892-9899,Denver,CO,80201,United States,Direct,2024-11-02 18:37:04+00
233,Brian,Jackson,brian.jackson4759@gmail.com,+1-494-931-2294,Seattle,WA,98101,United States,Affiliate,2025-05-24 20:12:19+00
234,Steven,Morris,steven.morris3506@yahoo.com,+1-751-477-5450,Phoenix,AZ,85001,United States,Organic Search,2025-07-29 19:12:31+00
235,Nicole,Walker,nicole.walker3973@gmail.com,+1-885-743-4697,San Diego,CA,92101,United States,Organic Search,2024-11-17 08:29:45+00
236,Kevin,Stewart,kevin.stewart1648@yahoo.com,+1-205-763-3587,Boston,MA,02101,United States,Meta Ads,2025-11-15 08:27:30+00
237,Jacob,Morris,jacob.morris3268@outlook.com,+1-528-492-1969,Chicago,IL,60601,United States,Meta Ads,2024-06-29 16:53:53+00
238,Jonathan,Jones,jonathan.jones2869@icloud.com,+1-380-237-7504,Miami,FL,33101,United States,Organic Search,2025-08-05 02:25:53+00
239,Donna,Jones,donna.jones152@outlook.com,+1-781-817-2758,San Jose,CA,95101,United States,Google Ads,2025-05-13 10:55:47+00
240,Anna,Ortiz,anna.ortiz8093@yahoo.com,+1-716-679-5470,San Antonio,TX,78201,United States,Email Campaign,2024-09-14 04:23:54+00
241,Christopher,Collins,christopher.collins4216@yahoo.com,+1-214-954-6523,Austin,TX,73301,United States,Meta Ads,2025-08-11 12:46:25+00
242,Matthew,Thompson,matthew.thompson6644@icloud.com,+1-727-535-2421,Denver,CO,80201,United States,Meta Ads,2024-05-23 20:34:16+00
243,Sarah,Morris,sarah.morris5302@yahoo.com,+1-206-467-7284,San Diego,CA,92101,United States,Google Ads,2024-07-26 17:08:05+00
244,Kevin,Hill,kevin.hill9544@proton.me,+1-211-467-6890,San Diego,CA,92101,United States,Organic Search,2024-04-02 03:52:15+00
245,Kathleen,Flores,kathleen.flores2617@icloud.com,+1-902-714-6095,Houston,TX,77001,United States,Meta Ads,2024-08-17 11:53:58+00
246,Deborah,Lewis,deborah.lewis3591@yahoo.com,+1-689-356-8454,Charlotte,NC,28201,United States,Google Ads,2025-06-29 13:07:24+00
247,Stephen,Stewart,stephen.stewart8807@yahoo.com,+1-980-453-2341,Nashville,TN,37201,United States,Google Ads,2025-06-30 23:09:05+00
248,George,Martinez,george.martinez9244@gmail.com,+1-263-760-9281,San Antonio,TX,78201,United States,Meta Ads,2024-04-26 17:27:03+00
249,Nancy,Adams,nancy.adams8526@icloud.com,+1-319-896-4365,Minneapolis,MN,55401,United States,Google Ads,2025-11-29 12:30:43+00
250,Angela,Edwards,angela.edwards912@icloud.com,+1-335-725-7806,Atlanta,GA,30301,United States,Meta Ads,2025-03-10 08:44:05+00
251,Kathleen,Flores,kathleen.flores357@icloud.com,+1-460-203-4570,Minneapolis,MN,55401,United States,Organic Search,2024-11-25 10:17:30+00
252,Brian,Rodriguez,brian.rodriguez8867@gmail.com,+1-270-683-1519,Austin,TX,73301,United States,Google Ads,2025-08-20 14:40:41+00
253,Sarah,Turner,sarah.turner6136@icloud.com,+1-659-586-7154,Chicago,IL,60601,United States,Meta Ads,2025-05-29 08:42:25+00
254,Anna,Moore,anna.moore5698@gmail.com,+1-382-750-7439,Nashville,TN,37201,United States,Organic Search,2024-06-22 07:14:47+00
255,James,Williams,james.williams4889@icloud.com,+1-889-936-9920,Boston,MA,02101,United States,Meta Ads,2025-10-01 20:33:03+00
256,Sandra,Young,sandra.young7547@outlook.com,+1-358-482-4088,Houston,TX,77001,United States,Organic Search,2025-05-28 02:58:36+00
257,Sharon,Williams,sharon.williams3944@yahoo.com,+1-268-303-1550,Atlanta,GA,30301,United States,Meta Ads,2025-06-30 14:12:22+00
258,Michael,Young,michael.young725@icloud.com,+1-649-439-9843,San Antonio,TX,78201,United States,Email Campaign,2025-08-26 02:52:28+00
259,Linda,Moore,linda.moore8256@outlook.com,+1-439-949-6224,Minneapolis,MN,55401,United States,Meta Ads,2025-06-06 16:54:11+00
260,Carol,Walker,carol.walker4945@yahoo.com,+1-876-733-4621,Boston,MA,02101,United States,Google Ads,2024-02-17 16:19:57+00
261,Brenda,Thompson,brenda.thompson7000@proton.me,+1-707-248-6642,Denver,CO,80201,United States,Email Campaign,2024-09-04 21:38:27+00
262,Catherine,Turner,catherine.turner6689@yahoo.com,+1-507-585-4012,Portland,OR,97201,United States,Google Ads,2025-10-22 00:51:45+00
263,Mark,Hill,mark.hill2366@icloud.com,+1-259-775-7761,Boston,MA,02101,United States,Meta Ads,2024-04-14 11:40:12+00
264,Stephanie,Young,stephanie.young4178@yahoo.com,+1-538-862-2295,Atlanta,GA,30301,United States,Direct,2024-03-13 03:39:13+00
265,Jonathan,Harris,jonathan.harris845@outlook.com,+1-586-889-1647,Chicago,IL,60601,United States,Organic Search,2025-08-14 23:03:01+00
266,Nicole,Bailey,nicole.bailey3556@icloud.com,+1-413-540-5967,New York,NY,10001,United States,Organic Search,2024-05-27 22:17:54+00
267,Jack,Thomas,jack.thomas7847@yahoo.com,+1-912-818-4350,Denver,CO,80201,United States,Direct,2025-03-05 03:30:14+00
268,Carol,Torres,carol.torres6237@icloud.com,+1-746-864-6886,Austin,TX,73301,United States,Organic Search,2025-02-02 15:35:35+00
269,Shirley,Reyes,shirley.reyes1616@icloud.com,+1-979-527-4328,Seattle,WA,98101,United States,Google Ads,2024-02-05 20:11:51+00
270,Larry,Lewis,larry.lewis2391@gmail.com,+1-467-766-7841,Austin,TX,73301,United States,Organic Search,2024-09-13 13:08:04+00
271,Sandra,Carter,sandra.carter9336@yahoo.com,+1-711-763-6530,Dallas,TX,75201,United States,Email Campaign,2025-01-14 20:33:26+00
272,Raymond,Morales,raymond.morales7551@yahoo.com,+1-950-560-3773,Phoenix,AZ,85001,United States,Email Campaign,2025-01-14 14:52:33+00
273,Lisa,Cooper,lisa.cooper963@proton.me,+1-234-276-1794,New York,NY,10001,United States,Google Ads,2025-10-16 18:10:18+00
274,Benjamin,Robinson,benjamin.robinson1114@yahoo.com,+1-209-423-9285,Atlanta,GA,30301,United States,Google Ads,2025-04-25 05:17:00+00
275,Katherine,Morris,katherine.morris7994@gmail.com,+1-206-744-7739,New York,NY,10001,United States,Organic Search,2025-07-15 06:38:53+00
276,Emily,Morgan,emily.morgan4698@gmail.com,+1-714-914-8054,Philadelphia,PA,19101,United States,Organic Search,2024-03-16 03:25:15+00
277,Helen,Martin,helen.martin3949@yahoo.com,+1-834-739-5135,Seattle,WA,98101,United States,Organic Search,2024-11-04 14:41:08+00
278,William,Mitchell,william.mitchell6653@icloud.com,+1-778-449-4700,Austin,TX,73301,United States,Meta Ads,2025-10-20 21:23:18+00
279,William,Jones,william.jones1532@icloud.com,+1-588-586-8798,Los Angeles,CA,90001,United States,Meta Ads,2025-06-30 05:58:59+00
280,Nancy,Hernandez,nancy.hernandez8190@icloud.com,+1-860-539-2562,Nashville,TN,37201,United States,Direct,2024-06-27 19:09:28+00
281,Margaret,Stewart,margaret.stewart4442@gmail.com,+1-276-900-5593,Portland,OR,97201,United States,Meta Ads,2024-01-26 21:20:01+00
282,Daniel,Green,daniel.green257@yahoo.com,+1-801-347-7525,Chicago,IL,60601,United States,Google Ads,2025-03-14 08:56:34+00
283,Donald,Roberts,donald.roberts8857@outlook.com,+1-593-973-3292,Chicago,IL,60601,United States,Meta Ads,2024-09-25 23:17:18+00
284,Michael,Gonzalez,michael.gonzalez7162@yahoo.com,+1-277-548-7499,San Jose,CA,95101,United States,Organic Search,2024-07-31 15:11:06+00
285,Cynthia,Morales,cynthia.morales3738@outlook.com,+1-766-584-8075,Philadelphia,PA,19101,United States,Meta Ads,2025-05-28 11:49:01+00
286,Timothy,Hernandez,timothy.hernandez4840@yahoo.com,+1-930-275-2344,Dallas,TX,75201,United States,Organic Search,2025-07-07 02:37:25+00
287,Katherine,Martin,katherine.martin6384@outlook.com,+1-569-309-2499,New York,NY,10001,United States,Affiliate,2024-12-11 18:28:38+00
288,George,Wright,george.wright1675@yahoo.com,+1-289-391-8061,Atlanta,GA,30301,United States,Meta Ads,2025-02-02 08:35:23+00
289,Edward,Wilson,edward.wilson431@gmail.com,+1-562-767-2524,Charlotte,NC,28201,United States,Meta Ads,2024-09-09 07:49:10+00
290,Stephanie,Johnson,stephanie.johnson4782@icloud.com,+1-597-997-2387,Portland,OR,97201,United States,Direct,2024-07-07 21:02:54+00
291,Pamela,Gutierrez,pamela.gutierrez2779@icloud.com,+1-373-342-5405,Austin,TX,73301,United States,Organic Search,2024-04-23 16:25:20+00
292,David,Perez,david.perez7122@outlook.com,+1-631-506-8933,Chicago,IL,60601,United States,Google Ads,2024-07-10 20:46:19+00
293,Raymond,Murphy,raymond.murphy9729@proton.me,+1-400-668-2752,Phoenix,AZ,85001,United States,Google Ads,2024-11-03 16:13:59+00
294,Kevin,Carter,kevin.carter5400@icloud.com,+1-542-640-3230,Austin,TX,73301,United States,Google Ads,2025-06-24 09:11:16+00
295,Betty,Morris,betty.morris5148@yahoo.com,+1-607-526-5775,Miami,FL,33101,United States,Affiliate,2025-08-30 17:03:31+00
296,Ashley,Adams,ashley.adams6162@outlook.com,+1-602-573-2865,Minneapolis,MN,55401,United States,Organic Search,2025-02-28 03:15:48+00
297,Lisa,Peterson,lisa.peterson441@icloud.com,+1-925-414-8183,Austin,TX,73301,United States,Direct,2024-02-24 01:12:39+00
298,Edward,Murphy,edward.murphy2281@outlook.com,+1-447-458-3525,Boston,MA,02101,United States,Email Campaign,2024-02-27 18:48:36+00
299,Cynthia,Morris,cynthia.morris9540@icloud.com,+1-747-718-7853,Portland,OR,97201,United States,Organic Search,2024-10-06 14:06:55+00
300,Catherine,Morgan,catherine.morgan9730@gmail.com,+1-311-987-5067,Seattle,WA,98101,United States,Organic Search,2025-04-21 05:08:38+00
301,Jennifer,Phillips,jennifer.phillips5433@icloud.com,+1-308-210-2615,Dallas,TX,75201,United States,Organic Search,2025-08-03 10:20:58+00
302,Eric,Bailey,eric.bailey9512@proton.me,+1-426-656-7129,Denver,CO,80201,United States,Google Ads,2025-06-12 03:49:56+00
303,Nicole,Cook,nicole.cook2470@outlook.com,+1-225-694-2712,Austin,TX,73301,United States,Google Ads,2024-03-08 00:26:58+00
304,Joseph,Jackson,joseph.jackson5708@outlook.com,+1-551-666-4389,Nashville,TN,37201,United States,Google Ads,2025-01-05 04:18:46+00
305,Richard,Cruz,richard.cruz7413@outlook.com,+1-268-507-1732,Houston,TX,77001,United States,Organic Search,2024-09-23 19:26:11+00
306,Samuel,Wilson,samuel.wilson2693@yahoo.com,+1-728-378-3623,San Jose,CA,95101,United States,Meta Ads,2024-12-25 05:18:49+00
307,Sandra,Phillips,sandra.phillips3023@yahoo.com,+1-855-873-8080,Denver,CO,80201,United States,Organic Search,2025-04-22 07:46:58+00
308,Betty,Edwards,betty.edwards9703@icloud.com,+1-598-204-4519,San Antonio,TX,78201,United States,Organic Search,2025-06-30 23:01:56+00
309,David,Wilson,david.wilson8797@yahoo.com,+1-574-533-4228,Atlanta,GA,30301,United States,Organic Search,2025-06-05 06:46:50+00
310,Gary,Ortiz,gary.ortiz5135@proton.me,+1-597-825-7431,Minneapolis,MN,55401,United States,Organic Search,2024-09-30 17:28:28+00
311,Ryan,Thompson,ryan.thompson4874@proton.me,+1-804-286-3194,San Jose,CA,95101,United States,Organic Search,2024-08-25 12:41:45+00
312,Joseph,White,joseph.white6117@yahoo.com,+1-723-597-7852,Charlotte,NC,28201,United States,Organic Search,2024-10-25 08:52:19+00
313,Jason,White,jason.white7974@proton.me,+1-910-860-3838,Portland,OR,97201,United States,Organic Search,2024-08-12 16:16:13+00
314,Sarah,White,sarah.white5155@icloud.com,+1-834-254-6882,New York,NY,10001,United States,Google Ads,2024-05-31 21:27:31+00
315,Stephanie,Bailey,stephanie.bailey8282@icloud.com,+1-618-901-9056,Boston,MA,02101,United States,Email Campaign,2024-12-11 01:59:46+00
316,Gary,Perez,gary.perez1355@proton.me,+1-231-979-4613,Austin,TX,73301,United States,Organic Search,2024-06-23 23:23:06+00
317,Jonathan,Torres,jonathan.torres2756@icloud.com,+1-779-960-9115,Portland,OR,97201,United States,Meta Ads,2025-03-21 04:09:49+00
318,Joseph,Wright,joseph.wright8899@outlook.com,+1-755-974-1681,Atlanta,GA,30301,United States,Meta Ads,2024-11-26 13:27:28+00
319,Susan,Young,susan.young4878@gmail.com,+1-660-469-6711,Chicago,IL,60601,United States,Google Ads,2024-04-01 12:14:02+00
320,Donald,Clark,donald.clark9633@outlook.com,+1-927-824-8015,Philadelphia,PA,19101,United States,Meta Ads,2025-09-01 22:39:05+00
321,Anthony,Clark,anthony.clark973@proton.me,+1-559-745-5605,Charlotte,NC,28201,United States,Meta Ads,2024-09-08 17:20:26+00
322,Patrick,Nguyen,patrick.nguyen4741@proton.me,+1-473-726-2560,Phoenix,AZ,85001,United States,Affiliate,2025-09-02 14:20:33+00
323,Edward,Davis,edward.davis4544@yahoo.com,+1-918-335-5090,Phoenix,AZ,85001,United States,Email Campaign,2025-10-05 20:01:12+00
324,Ashley,Gomez,ashley.gomez8020@yahoo.com,+1-791-847-5402,Boston,MA,02101,United States,Google Ads,2024-02-28 23:43:31+00
325,Katherine,Lopez,katherine.lopez6601@proton.me,+1-967-484-7046,Atlanta,GA,30301,United States,Affiliate,2024-09-11 13:06:51+00
326,Justin,Smith,justin.smith1527@icloud.com,+1-850-880-6869,Chicago,IL,60601,United States,Email Campaign,2024-11-05 05:57:40+00
327,Margaret,Diaz,margaret.diaz3471@icloud.com,+1-474-530-5646,San Jose,CA,95101,United States,Meta Ads,2024-04-11 18:27:11+00
328,Larry,Morales,larry.morales5632@gmail.com,+1-247-301-8529,New York,NY,10001,United States,Organic Search,2025-10-28 11:47:04+00
329,Christopher,Cruz,christopher.cruz7480@gmail.com,+1-638-407-3161,Austin,TX,73301,United States,Organic Search,2025-11-12 04:54:57+00
330,Emily,Lopez,emily.lopez5906@outlook.com,+1-284-580-3711,Los Angeles,CA,90001,United States,Google Ads,2024-08-25 15:06:18+00
331,Raymond,Robinson,raymond.robinson7033@gmail.com,+1-920-297-1017,San Antonio,TX,78201,United States,Google Ads,2024-04-13 09:42:12+00
332,Nicole,Lewis,nicole.lewis8511@icloud.com,+1-209-208-6629,Houston,TX,77001,United States,Referral,2024-11-24 08:30:08+00
333,Frank,Taylor,frank.taylor7827@gmail.com,+1-434-592-2463,Houston,TX,77001,United States,Organic Search,2024-10-12 19:50:47+00
334,Joshua,Moore,joshua.moore6271@yahoo.com,+1-856-893-3340,Chicago,IL,60601,United States,Meta Ads,2024-01-07 21:58:50+00
335,Brandon,Perez,brandon.perez7211@outlook.com,+1-939-418-3480,Boston,MA,02101,United States,Meta Ads,2024-12-09 22:37:58+00
336,Margaret,Lopez,margaret.lopez1647@yahoo.com,+1-970-326-7291,Seattle,WA,98101,United States,Affiliate,2024-09-01 14:46:23+00
337,Sarah,Young,sarah.young4538@gmail.com,+1-454-766-5668,New York,NY,10001,United States,Direct,2025-05-26 17:33:56+00
338,Joshua,Clark,joshua.clark8483@proton.me,+1-721-393-7418,Austin,TX,73301,United States,Meta Ads,2025-09-01 03:07:14+00
339,Donald,Murphy,donald.murphy6323@gmail.com,+1-446-711-2163,Nashville,TN,37201,United States,Direct,2024-01-10 16:56:43+00
340,George,Green,george.green2163@icloud.com,+1-782-630-6986,Portland,OR,97201,United States,Meta Ads,2025-08-15 18:14:31+00
341,Jacob,Martinez,jacob.martinez274@proton.me,+1-269-214-5295,San Antonio,TX,78201,United States,Organic Search,2024-02-17 07:13:16+00
342,Ronald,Cook,ronald.cook4694@proton.me,+1-985-625-7939,Denver,CO,80201,United States,Organic Search,2025-02-21 02:17:35+00
343,Jonathan,Martin,jonathan.martin4547@gmail.com,+1-517-280-9377,San Antonio,TX,78201,United States,Referral,2024-05-01 00:26:22+00
344,Jonathan,Adams,jonathan.adams6402@proton.me,+1-849-981-2083,Austin,TX,73301,United States,Meta Ads,2025-07-21 07:24:37+00
345,Donald,Davis,donald.davis4006@gmail.com,+1-644-318-8428,Charlotte,NC,28201,United States,Meta Ads,2024-08-28 13:35:04+00
346,Debra,Thompson,debra.thompson1957@gmail.com,+1-924-340-1185,Philadelphia,PA,19101,United States,Google Ads,2024-09-26 15:03:07+00
347,Eric,Gutierrez,eric.gutierrez4248@yahoo.com,+1-580-329-5403,Houston,TX,77001,United States,Email Campaign,2024-01-24 03:14:24+00
348,Kevin,Diaz,kevin.diaz4457@proton.me,+1-265-469-2262,Miami,FL,33101,United States,Google Ads,2024-10-07 01:11:45+00
349,Linda,Murphy,linda.murphy9288@yahoo.com,+1-576-361-5179,Houston,TX,77001,United States,Direct,2025-06-07 22:30:56+00
350,Raymond,Anderson,raymond.anderson3743@proton.me,+1-202-245-1201,San Diego,CA,92101,United States,Organic Search,2024-10-10 01:00:49+00
351,Stephanie,Martin,stephanie.martin2933@gmail.com,+1-766-931-7870,San Diego,CA,92101,United States,Google Ads,2024-11-19 15:35:07+00
352,Raymond,Green,raymond.green4445@gmail.com,+1-785-581-2956,Nashville,TN,37201,United States,Meta Ads,2024-02-11 05:52:48+00
353,Daniel,Lewis,daniel.lewis8451@gmail.com,+1-610-270-8620,Austin,TX,73301,United States,Email Campaign,2024-08-29 15:49:34+00
354,Carol,Lopez,carol.lopez9062@icloud.com,+1-208-577-4287,Austin,TX,73301,United States,Meta Ads,2024-08-24 09:16:48+00
355,Jack,Young,jack.young7601@outlook.com,+1-805-705-4201,Portland,OR,97201,United States,Email Campaign,2024-07-09 17:29:46+00
356,Karen,Smith,karen.smith6719@gmail.com,+1-438-754-6675,New York,NY,10001,United States,Affiliate,2024-01-02 11:15:15+00
357,Gregory,Carter,gregory.carter5039@gmail.com,+1-410-742-4902,Boston,MA,02101,United States,Google Ads,2024-02-16 20:31:30+00
358,Charles,Scott,charles.scott1525@gmail.com,+1-437-732-7767,Seattle,WA,98101,United States,Google Ads,2025-08-04 05:51:19+00
359,William,Gonzalez,william.gonzalez8281@yahoo.com,+1-852-603-2226,Minneapolis,MN,55401,United States,Meta Ads,2024-12-04 04:40:06+00
360,Gregory,Taylor,gregory.taylor3880@outlook.com,+1-467-522-7438,San Jose,CA,95101,United States,Google Ads,2024-07-30 13:37:29+00
361,Sandra,Martinez,sandra.martinez3322@yahoo.com,+1-998-988-2785,Phoenix,AZ,85001,United States,Organic Search,2024-12-15 12:31:53+00
362,Kathleen,Green,kathleen.green6661@gmail.com,+1-748-566-4401,Atlanta,GA,30301,United States,Google Ads,2024-07-25 04:06:20+00
363,Jessica,Lopez,jessica.lopez2583@outlook.com,+1-921-913-1660,San Antonio,TX,78201,United States,Direct,2024-09-11 22:31:00+00
364,Charles,Lopez,charles.lopez4067@outlook.com,+1-605-725-1802,Austin,TX,73301,United States,Organic Search,2024-05-15 09:07:46+00
365,Patricia,Phillips,patricia.phillips7409@proton.me,+1-966-763-5093,Houston,TX,77001,United States,Google Ads,2025-09-16 17:43:17+00
366,Sarah,Thomas,sarah.thomas196@gmail.com,+1-999-427-3141,San Antonio,TX,78201,United States,Direct,2024-10-16 11:03:06+00
367,Rachel,Hernandez,rachel.hernandez9541@proton.me,+1-465-276-1357,Chicago,IL,60601,United States,Organic Search,2025-05-17 02:04:06+00
368,Jeffrey,Taylor,jeffrey.taylor1507@outlook.com,+1-325-243-8552,Los Angeles,CA,90001,United States,Organic Search,2025-03-22 01:58:36+00
369,Laura,Gomez,laura.gomez8129@gmail.com,+1-591-899-7990,Philadelphia,PA,19101,United States,Google Ads,2024-05-25 16:44:58+00
370,Emily,Scott,emily.scott7308@yahoo.com,+1-235-828-5026,Austin,TX,73301,United States,Google Ads,2025-11-17 00:11:07+00
371,Stephen,Morris,stephen.morris1000@gmail.com,+1-486-592-3248,Boston,MA,02101,United States,Organic Search,2025-11-18 11:07:05+00
372,Helen,Young,helen.young8908@gmail.com,+1-591-930-6883,Miami,FL,33101,United States,Meta Ads,2025-01-11 19:04:49+00
373,Brian,Cook,brian.cook5270@icloud.com,+1-476-384-1427,San Jose,CA,95101,United States,Meta Ads,2024-01-24 02:15:21+00
374,Emily,Davis,emily.davis7729@proton.me,+1-566-985-4813,Philadelphia,PA,19101,United States,Organic Search,2025-05-25 12:50:25+00
375,Donald,Wright,donald.wright8744@gmail.com,+1-982-424-7363,Seattle,WA,98101,United States,Affiliate,2025-10-18 20:03:34+00
376,Daniel,Thompson,daniel.thompson3876@proton.me,+1-525-955-6878,Minneapolis,MN,55401,United States,Organic Search,2025-06-28 11:23:59+00
377,Melissa,Jackson,melissa.jackson9226@yahoo.com,+1-704-755-6063,Philadelphia,PA,19101,United States,Google Ads,2024-03-11 10:31:10+00
378,Linda,Robinson,linda.robinson9858@yahoo.com,+1-220-739-8831,New York,NY,10001,United States,Google Ads,2025-04-22 08:18:06+00
379,Betty,Taylor,betty.taylor5583@yahoo.com,+1-531-260-1359,Phoenix,AZ,85001,United States,Meta Ads,2024-04-20 08:35:49+00
380,Joseph,Ortiz,joseph.ortiz5979@gmail.com,+1-582-921-7481,Minneapolis,MN,55401,United States,Organic Search,2024-08-22 17:18:36+00
381,Carol,Moore,carol.moore2581@icloud.com,+1-854-698-6198,Philadelphia,PA,19101,United States,Email Campaign,2025-03-12 20:00:58+00
382,Frank,Rivera,frank.rivera3658@proton.me,+1-379-587-6026,Austin,TX,73301,United States,Organic Search,2025-07-20 10:23:37+00
383,James,Gomez,james.gomez9298@gmail.com,+1-386-816-6213,Charlotte,NC,28201,United States,Organic Search,2025-03-15 14:37:14+00
384,Susan,Murphy,susan.murphy2305@outlook.com,+1-963-279-4899,Seattle,WA,98101,United States,Referral,2024-05-10 17:38:53+00
385,Katherine,Lopez,katherine.lopez5501@icloud.com,+1-211-471-4435,San Diego,CA,92101,United States,Meta Ads,2024-09-29 13:26:32+00
386,Steven,Wilson,steven.wilson21@gmail.com,+1-595-648-7875,Philadelphia,PA,19101,United States,Direct,2025-01-18 07:42:52+00
387,Timothy,Hall,timothy.hall8947@icloud.com,+1-303-690-4695,Philadelphia,PA,19101,United States,Google Ads,2025-09-13 02:03:59+00
388,John,Nguyen,john.nguyen329@outlook.com,+1-467-307-2215,San Jose,CA,95101,United States,Organic Search,2024-10-18 23:02:32+00
389,Christopher,Martinez,christopher.martinez8963@gmail.com,+1-546-808-8909,New York,NY,10001,United States,Google Ads,2025-05-23 00:38:34+00
390,Nancy,Parker,nancy.parker2574@gmail.com,+1-303-539-4367,San Antonio,TX,78201,United States,Google Ads,2025-03-06 17:24:15+00
391,Raymond,Cooper,raymond.cooper4347@outlook.com,+1-504-443-2571,Los Angeles,CA,90001,United States,Google Ads,2025-03-03 06:27:14+00
392,Gary,Martin,gary.martin894@outlook.com,+1-203-637-2435,Austin,TX,73301,United States,Direct,2025-04-30 20:32:23+00
393,Scott,Morris,scott.morris3272@gmail.com,+1-226-411-3798,Austin,TX,73301,United States,Referral,2025-01-03 03:59:48+00
394,Joseph,Flores,joseph.flores6513@icloud.com,+1-700-876-5341,Chicago,IL,60601,United States,Meta Ads,2024-10-28 08:01:44+00
395,Lisa,Mitchell,lisa.mitchell6250@outlook.com,+1-391-656-1731,Dallas,TX,75201,United States,Google Ads,2024-07-23 22:08:49+00
396,Mark,Wright,mark.wright9245@gmail.com,+1-354-970-2584,Chicago,IL,60601,United States,Meta Ads,2025-09-20 01:34:12+00
397,Anna,Evans,anna.evans9663@yahoo.com,+1-766-262-7342,Nashville,TN,37201,United States,Google Ads,2025-02-20 06:42:43+00
398,Rachel,Stewart,rachel.stewart9384@yahoo.com,+1-687-506-2293,Denver,CO,80201,United States,Direct,2025-07-09 03:37:24+00
399,John,Cook,john.cook9359@proton.me,+1-785-893-3415,Houston,TX,77001,United States,Affiliate,2024-12-15 02:42:26+00
400,Daniel,Perez,daniel.perez3472@yahoo.com,+1-329-243-7936,Chicago,IL,60601,United States,Referral,2024-12-04 12:19:06+00
401,Betty,Jackson,betty.jackson9750@outlook.com,+1-527-944-2097,Chicago,IL,60601,United States,Google Ads,2024-11-04 23:14:02+00
402,Stephen,Adams,stephen.adams4526@proton.me,+1-669-212-9561,Boston,MA,02101,United States,Organic Search,2024-04-26 13:32:06+00
403,Charles,Gonzalez,charles.gonzalez1731@proton.me,+1-998-303-5687,Portland,OR,97201,United States,Direct,2025-11-13 05:07:19+00
404,Edward,King,edward.king6276@icloud.com,+1-785-823-8750,Los Angeles,CA,90001,United States,Organic Search,2024-11-09 07:58:44+00
405,Charles,Phillips,charles.phillips636@icloud.com,+1-539-907-4892,Los Angeles,CA,90001,United States,Email Campaign,2024-07-27 22:46:30+00
406,Deborah,Williams,deborah.williams5536@outlook.com,+1-518-487-9054,Houston,TX,77001,United States,Referral,2024-06-26 09:26:03+00
407,Sarah,Hill,sarah.hill7260@outlook.com,+1-475-946-7828,Charlotte,NC,28201,United States,Meta Ads,2024-05-26 07:22:30+00
408,Jeffrey,Ramirez,jeffrey.ramirez6672@icloud.com,+1-977-728-7126,Los Angeles,CA,90001,United States,Meta Ads,2024-05-03 19:27:40+00
409,David,Flores,david.flores8304@icloud.com,+1-338-999-9589,Minneapolis,MN,55401,United States,Organic Search,2024-05-30 01:22:15+00
410,Betty,Davis,betty.davis4088@gmail.com,+1-667-251-6904,San Antonio,TX,78201,United States,Organic Search,2025-10-01 23:16:11+00
411,Kathleen,Cook,kathleen.cook6504@gmail.com,+1-897-231-4963,Seattle,WA,98101,United States,Google Ads,2024-12-12 19:58:14+00
412,Daniel,Stewart,daniel.stewart9616@proton.me,+1-558-552-3679,Dallas,TX,75201,United States,Email Campaign,2025-06-19 09:06:17+00
413,Barbara,Torres,barbara.torres450@icloud.com,+1-250-366-4511,San Diego,CA,92101,United States,Meta Ads,2025-06-10 17:09:18+00
414,Anthony,Wright,anthony.wright6710@proton.me,+1-220-999-1145,Miami,FL,33101,United States,Direct,2025-05-18 03:52:49+00
415,Daniel,Johnson,daniel.johnson3667@outlook.com,+1-822-512-5511,Boston,MA,02101,United States,Direct,2025-10-23 18:43:00+00
416,Brian,Collins,brian.collins4129@yahoo.com,+1-677-509-9530,Charlotte,NC,28201,United States,Google Ads,2024-03-20 19:14:09+00
417,James,Rogers,james.rogers6132@proton.me,+1-862-808-5631,Austin,TX,73301,United States,Meta Ads,2025-01-09 12:15:18+00
418,David,Baker,david.baker4530@outlook.com,+1-483-467-5895,San Antonio,TX,78201,United States,Organic Search,2025-08-17 21:28:36+00
419,Donald,Davis,donald.davis9831@icloud.com,+1-876-527-3292,New York,NY,10001,United States,Meta Ads,2024-08-17 22:28:11+00
420,Kimberly,Turner,kimberly.turner6629@icloud.com,+1-954-236-4111,San Jose,CA,95101,United States,Email Campaign,2024-06-22 01:09:01+00
421,Rachel,Morgan,rachel.morgan7795@outlook.com,+1-719-507-3785,Portland,OR,97201,United States,Organic Search,2024-03-17 03:27:10+00
422,Jacob,Taylor,jacob.taylor4238@proton.me,+1-981-387-6499,Chicago,IL,60601,United States,Organic Search,2024-06-22 19:08:03+00
423,Ruth,Flores,ruth.flores6890@outlook.com,+1-580-466-5817,Atlanta,GA,30301,United States,Direct,2024-12-31 19:26:14+00
424,Michael,Martinez,michael.martinez7737@yahoo.com,+1-712-322-7253,Nashville,TN,37201,United States,Google Ads,2024-02-12 07:47:17+00
425,Karen,Moore,karen.moore3282@outlook.com,+1-619-783-8496,Phoenix,AZ,85001,United States,Google Ads,2025-07-10 05:01:37+00
426,Lisa,Hernandez,lisa.hernandez7989@outlook.com,+1-846-381-6134,Los Angeles,CA,90001,United States,Organic Search,2024-07-31 18:55:44+00
427,Anthony,Perez,anthony.perez9442@yahoo.com,+1-701-981-2442,Phoenix,AZ,85001,United States,Meta Ads,2025-05-07 09:03:49+00
428,Jason,Phillips,jason.phillips7030@icloud.com,+1-592-204-1618,Portland,OR,97201,United States,Organic Search,2024-10-17 03:06:51+00
429,Mary,Adams,mary.adams8701@yahoo.com,+1-218-892-1067,San Diego,CA,92101,United States,Organic Search,2025-11-12 12:11:16+00
430,Brian,Flores,brian.flores2113@gmail.com,+1-592-715-6015,Philadelphia,PA,19101,United States,Organic Search,2024-02-05 20:15:06+00
431,Joshua,Nguyen,joshua.nguyen7470@proton.me,+1-810-736-6535,Boston,MA,02101,United States,Direct,2024-04-14 06:00:56+00
432,Amanda,Morales,amanda.morales5886@yahoo.com,+1-368-613-1313,San Diego,CA,92101,United States,Organic Search,2024-04-12 05:51:10+00
433,Margaret,Williams,margaret.williams9662@proton.me,+1-373-326-7006,Los Angeles,CA,90001,United States,Google Ads,2025-05-12 16:27:00+00
434,Steven,Morgan,steven.morgan797@proton.me,+1-249-877-2771,New York,NY,10001,United States,Organic Search,2024-03-31 06:28:43+00
435,Sharon,Cruz,sharon.cruz6231@gmail.com,+1-760-458-8772,Phoenix,AZ,85001,United States,Organic Search,2025-06-16 23:07:14+00
436,Benjamin,Johnson,benjamin.johnson4934@icloud.com,+1-877-303-9524,Dallas,TX,75201,United States,Meta Ads,2025-06-28 14:29:09+00
437,Sarah,Turner,sarah.turner1719@proton.me,+1-936-832-2928,Austin,TX,73301,United States,Organic Search,2024-03-23 20:53:56+00
438,Shirley,Sanchez,shirley.sanchez9978@yahoo.com,+1-996-469-9571,San Antonio,TX,78201,United States,Google Ads,2024-11-14 14:24:35+00
439,Donna,Lee,donna.lee646@proton.me,+1-708-412-8875,San Jose,CA,95101,United States,Organic Search,2024-01-11 05:39:57+00
440,Debra,Lopez,debra.lopez1810@proton.me,+1-885-705-3443,Chicago,IL,60601,United States,Email Campaign,2024-02-28 15:00:00+00
441,Raymond,Gonzalez,raymond.gonzalez4193@yahoo.com,+1-667-503-5327,Atlanta,GA,30301,United States,Organic Search,2025-09-23 22:44:39+00
442,Daniel,Garcia,daniel.garcia4761@outlook.com,+1-893-520-7979,Houston,TX,77001,United States,Organic Search,2025-08-12 05:56:49+00
443,Jennifer,Johnson,jennifer.johnson2268@yahoo.com,+1-536-566-8171,Charlotte,NC,28201,United States,Organic Search,2025-07-23 17:22:37+00
444,Barbara,Mitchell,barbara.mitchell5616@yahoo.com,+1-316-610-7557,Atlanta,GA,30301,United States,Organic Search,2024-10-26 22:15:28+00
445,Frank,Morris,frank.morris6910@yahoo.com,+1-315-335-1960,Philadelphia,PA,19101,United States,Organic Search,2025-04-04 04:23:01+00
446,Amy,Cruz,amy.cruz2970@proton.me,+1-588-997-6875,Charlotte,NC,28201,United States,Organic Search,2025-06-15 23:20:10+00
447,Janet,Taylor,janet.taylor7915@icloud.com,+1-315-621-8220,Los Angeles,CA,90001,United States,Organic Search,2025-05-24 01:35:32+00
448,Kenneth,Johnson,kenneth.johnson8599@proton.me,+1-941-778-4669,San Jose,CA,95101,United States,Meta Ads,2025-06-18 21:45:14+00
449,Catherine,Gonzalez,catherine.gonzalez7092@yahoo.com,+1-693-554-7305,Phoenix,AZ,85001,United States,Direct,2025-03-10 00:17:27+00
450,Brandon,Miller,brandon.miller191@yahoo.com,+1-717-680-9123,Philadelphia,PA,19101,United States,Organic Search,2025-01-17 04:58:56+00
451,Carol,Walker,carol.walker5422@outlook.com,+1-251-719-4648,Portland,OR,97201,United States,Meta Ads,2024-11-09 13:37:40+00
452,Donald,Hernandez,donald.hernandez7522@icloud.com,+1-786-658-2442,Miami,FL,33101,United States,Google Ads,2024-04-02 12:51:21+00
453,Shirley,Williams,shirley.williams1682@icloud.com,+1-622-236-9996,New York,NY,10001,United States,Direct,2025-09-07 07:54:36+00
454,Emma,Hill,emma.hill8329@proton.me,+1-411-870-8474,San Jose,CA,95101,United States,Google Ads,2024-02-12 11:45:47+00
455,Mark,Collins,mark.collins5440@proton.me,+1-985-834-8751,Seattle,WA,98101,United States,Email Campaign,2024-03-29 21:32:58+00
456,Richard,Lewis,richard.lewis36@outlook.com,+1-563-848-5783,Portland,OR,97201,United States,Meta Ads,2025-06-29 16:01:08+00
457,Susan,Garcia,susan.garcia2690@icloud.com,+1-343-934-7704,Houston,TX,77001,United States,Organic Search,2024-06-01 12:14:27+00
458,Matthew,Thomas,matthew.thomas6438@yahoo.com,+1-668-395-6536,Houston,TX,77001,United States,Email Campaign,2024-02-06 10:49:46+00
459,Katherine,Thomas,katherine.thomas7382@icloud.com,+1-874-803-9260,Phoenix,AZ,85001,United States,Affiliate,2024-01-04 16:51:33+00
460,Helen,Miller,helen.miller9065@icloud.com,+1-799-694-9328,Philadelphia,PA,19101,United States,Meta Ads,2024-05-15 05:04:32+00
461,Janet,Taylor,janet.taylor1697@icloud.com,+1-873-814-6273,Nashville,TN,37201,United States,Direct,2024-11-21 12:28:35+00
462,Emma,Young,emma.young4483@icloud.com,+1-551-501-8419,Phoenix,AZ,85001,United States,Organic Search,2025-04-13 07:52:11+00
463,Catherine,Rogers,catherine.rogers4898@proton.me,+1-521-928-4560,San Antonio,TX,78201,United States,Organic Search,2025-07-09 05:05:34+00
464,Donna,Hall,donna.hall2174@yahoo.com,+1-715-755-6281,Houston,TX,77001,United States,Email Campaign,2025-03-13 01:39:46+00
465,Amy,Turner,amy.turner8748@outlook.com,+1-632-213-9564,Houston,TX,77001,United States,Organic Search,2024-04-23 05:05:10+00
466,Michael,Davis,michael.davis3276@outlook.com,+1-968-364-5695,Dallas,TX,75201,United States,Organic Search,2024-02-18 12:22:32+00
467,Frank,Nguyen,frank.nguyen3343@proton.me,+1-233-567-8415,Houston,TX,77001,United States,Meta Ads,2025-06-09 00:43:03+00
468,Jack,Bailey,jack.bailey3676@proton.me,+1-598-443-9370,Austin,TX,73301,United States,Meta Ads,2024-02-06 19:46:06+00
469,Timothy,Roberts,timothy.roberts6826@outlook.com,+1-765-255-1212,Dallas,TX,75201,United States,Organic Search,2025-11-06 04:32:13+00
470,Jeffrey,Lewis,jeffrey.lewis6026@proton.me,+1-759-956-4218,San Antonio,TX,78201,United States,Google Ads,2024-05-18 03:27:30+00
471,Rachel,Martinez,rachel.martinez3064@yahoo.com,+1-952-726-2955,Denver,CO,80201,United States,Organic Search,2024-08-05 03:01:45+00
472,Brenda,King,brenda.king2132@yahoo.com,+1-798-461-1092,San Jose,CA,95101,United States,Google Ads,2024-04-30 13:47:14+00
473,Jennifer,Martin,jennifer.martin5286@proton.me,+1-252-992-5934,Miami,FL,33101,United States,Email Campaign,2025-03-03 15:43:44+00
474,Melissa,Martinez,melissa.martinez5208@proton.me,+1-425-388-9529,Chicago,IL,60601,United States,Email Campaign,2024-05-04 02:52:52+00
475,Sharon,Cooper,sharon.cooper8799@icloud.com,+1-294-557-4624,San Antonio,TX,78201,United States,Meta Ads,2024-09-14 11:31:39+00
476,George,Nguyen,george.nguyen3580@proton.me,+1-743-686-1144,Houston,TX,77001,United States,Meta Ads,2024-12-12 11:50:22+00
477,Donald,Young,donald.young654@outlook.com,+1-590-316-7322,Dallas,TX,75201,United States,Meta Ads,2024-08-08 00:18:52+00
478,Patricia,Gutierrez,patricia.gutierrez6144@proton.me,+1-720-656-8975,Los Angeles,CA,90001,United States,Google Ads,2025-05-21 09:21:57+00
479,Matthew,Adams,matthew.adams8420@gmail.com,+1-298-371-9814,Portland,OR,97201,United States,Organic Search,2024-02-21 04:28:59+00
480,Anthony,Ramirez,anthony.ramirez6951@gmail.com,+1-410-750-8130,Chicago,IL,60601,United States,Email Campaign,2024-04-29 18:11:35+00
481,Patricia,Collins,patricia.collins5435@gmail.com,+1-289-275-1889,Philadelphia,PA,19101,United States,Email Campaign,2025-03-09 19:26:37+00
482,Elizabeth,Robinson,elizabeth.robinson4238@icloud.com,+1-597-661-7626,Boston,MA,02101,United States,Google Ads,2024-10-29 20:50:27+00
483,Alexander,Thomas,alexander.thomas8763@gmail.com,+1-856-937-2036,Minneapolis,MN,55401,United States,Organic Search,2025-10-21 04:32:57+00
484,Elizabeth,Rivera,elizabeth.rivera8239@gmail.com,+1-496-902-5937,Charlotte,NC,28201,United States,Organic Search,2025-08-17 17:44:44+00
485,Jeffrey,Carter,jeffrey.carter6474@gmail.com,+1-685-360-9740,San Diego,CA,92101,United States,Organic Search,2024-10-31 00:37:46+00
486,Anna,Nguyen,anna.nguyen2361@outlook.com,+1-893-946-7113,New York,NY,10001,United States,Meta Ads,2025-03-07 11:15:00+00
487,Charles,Thomas,charles.thomas685@gmail.com,+1-786-810-7456,Portland,OR,97201,United States,Meta Ads,2024-03-07 10:52:46+00
488,Michelle,Clark,michelle.clark5634@yahoo.com,+1-622-861-9397,Phoenix,AZ,85001,United States,Organic Search,2024-06-20 19:47:09+00
489,Brandon,Allen,brandon.allen3184@gmail.com,+1-385-887-1891,Portland,OR,97201,United States,Google Ads,2025-03-03 06:29:27+00
490,Elizabeth,Nguyen,elizabeth.nguyen1104@outlook.com,+1-300-402-8982,San Jose,CA,95101,United States,Google Ads,2025-06-05 17:51:22+00
491,Christine,Walker,christine.walker1640@outlook.com,+1-834-271-4170,San Jose,CA,95101,United States,Google Ads,2024-09-12 08:48:52+00
492,Brandon,Flores,brandon.flores9572@yahoo.com,+1-779-780-6971,San Jose,CA,95101,United States,Affiliate,2024-05-11 07:40:06+00
493,James,Green,james.green4034@yahoo.com,+1-929-957-8145,Dallas,TX,75201,United States,Direct,2024-04-14 15:38:31+00
494,Alexander,Nelson,alexander.nelson7864@icloud.com,+1-656-567-6004,Miami,FL,33101,United States,Meta Ads,2024-05-16 20:35:35+00
495,Samuel,Hernandez,samuel.hernandez4598@yahoo.com,+1-751-401-5312,Chicago,IL,60601,United States,Email Campaign,2025-11-24 06:02:45+00
496,Robert,Cook,robert.cook512@proton.me,+1-792-614-4485,Los Angeles,CA,90001,United States,Meta Ads,2025-02-26 11:00:08+00
497,Anna,Stewart,anna.stewart2436@outlook.com,+1-601-428-5767,Phoenix,AZ,85001,United States,Google Ads,2025-01-31 18:46:09+00
498,Barbara,Gomez,barbara.gomez5962@proton.me,+1-210-878-4913,Charlotte,NC,28201,United States,Meta Ads,2025-08-11 11:20:39+00
499,Angela,Moore,angela.moore7311@yahoo.com,+1-383-779-3395,Miami,FL,33101,United States,Affiliate,2024-02-01 17:28:48+00
500,Mark,Morales,mark.morales3797@gmail.com,+1-470-578-4834,Los Angeles,CA,90001,United States,Meta Ads,2025-02-06 14:04:49+00
501,George,Roberts,george.roberts7696@icloud.com,+1-247-240-6309,Houston,TX,77001,United States,Email Campaign,2025-02-09 07:05:43+00
502,Katherine,Scott,katherine.scott4315@proton.me,+1-757-783-3848,Denver,CO,80201,United States,Meta Ads,2024-10-11 01:37:31+00
503,Nicole,Martinez,nicole.martinez8466@outlook.com,+1-585-428-9460,Denver,CO,80201,United States,Google Ads,2025-11-05 07:27:44+00
504,Brian,Morales,brian.morales7899@proton.me,+1-206-713-3276,Atlanta,GA,30301,United States,Organic Search,2024-03-01 05:01:43+00
505,Angela,Scott,angela.scott3466@yahoo.com,+1-391-361-6934,Charlotte,NC,28201,United States,Email Campaign,2024-04-02 05:50:06+00
506,Gregory,Robinson,gregory.robinson6794@outlook.com,+1-937-316-8889,Miami,FL,33101,United States,Google Ads,2025-04-04 05:08:26+00
507,Christopher,Evans,christopher.evans368@yahoo.com,+1-244-330-3639,Phoenix,AZ,85001,United States,Meta Ads,2024-01-31 18:34:14+00
508,Pamela,Jackson,pamela.jackson917@yahoo.com,+1-464-384-9464,Denver,CO,80201,United States,Meta Ads,2025-03-14 02:21:11+00
509,Katherine,Williams,katherine.williams4645@gmail.com,+1-421-659-8723,Miami,FL,33101,United States,Organic Search,2025-10-07 07:05:56+00
510,Edward,Jackson,edward.jackson9547@yahoo.com,+1-838-875-9369,Dallas,TX,75201,United States,Organic Search,2025-06-16 20:20:44+00
511,Amanda,Collins,amanda.collins9774@proton.me,+1-270-435-7196,Denver,CO,80201,United States,Organic Search,2024-01-14 04:44:59+00
512,Betty,Gutierrez,betty.gutierrez8264@icloud.com,+1-353-820-2577,Philadelphia,PA,19101,United States,Google Ads,2025-04-22 19:44:11+00
513,Scott,Jones,scott.jones8707@proton.me,+1-970-320-2526,Miami,FL,33101,United States,Meta Ads,2025-04-14 01:34:58+00
514,Anna,Smith,anna.smith7070@proton.me,+1-630-579-1711,Nashville,TN,37201,United States,Google Ads,2025-09-15 11:57:34+00
515,Amy,Carter,amy.carter5743@proton.me,+1-959-979-2600,Boston,MA,02101,United States,Organic Search,2025-01-05 22:33:26+00
516,Sandra,Hernandez,sandra.hernandez4642@proton.me,+1-756-618-5223,San Antonio,TX,78201,United States,Organic Search,2025-07-31 22:33:36+00
517,James,Gutierrez,james.gutierrez1931@proton.me,+1-207-584-4365,San Jose,CA,95101,United States,Google Ads,2024-03-24 02:51:18+00
518,Karen,Diaz,karen.diaz9591@outlook.com,+1-467-748-7939,Minneapolis,MN,55401,United States,Google Ads,2024-08-02 08:49:14+00
519,Rachel,Gomez,rachel.gomez3338@icloud.com,+1-765-770-8904,Philadelphia,PA,19101,United States,Google Ads,2025-03-07 08:17:50+00
520,Amy,Allen,amy.allen5025@proton.me,+1-552-992-7522,Phoenix,AZ,85001,United States,Direct,2025-05-27 09:55:23+00
521,Jessica,Robinson,jessica.robinson7318@yahoo.com,+1-302-419-9328,Denver,CO,80201,United States,Email Campaign,2025-09-14 08:59:44+00
522,Stephen,Miller,stephen.miller2634@icloud.com,+1-851-205-2492,Phoenix,AZ,85001,United States,Google Ads,2025-04-11 13:23:09+00
523,Laura,Lopez,laura.lopez1050@outlook.com,+1-427-579-2311,Charlotte,NC,28201,United States,Organic Search,2024-10-25 20:21:21+00
524,Rebecca,Gutierrez,rebecca.gutierrez4694@proton.me,+1-258-992-3871,Miami,FL,33101,United States,Google Ads,2024-06-06 00:05:43+00
525,Gregory,Gutierrez,gregory.gutierrez4686@yahoo.com,+1-234-813-9364,Nashville,TN,37201,United States,Meta Ads,2025-04-23 03:58:21+00
526,Nancy,Jones,nancy.jones5894@yahoo.com,+1-870-200-3579,Chicago,IL,60601,United States,Referral,2025-08-28 22:09:21+00
527,Rebecca,Rivera,rebecca.rivera6475@icloud.com,+1-800-405-9482,New York,NY,10001,United States,Email Campaign,2024-02-23 15:07:00+00
528,Barbara,Peterson,barbara.peterson4662@proton.me,+1-796-556-6693,Dallas,TX,75201,United States,Organic Search,2024-05-31 10:12:44+00
529,Ryan,Phillips,ryan.phillips9420@gmail.com,+1-467-379-7670,Nashville,TN,37201,United States,Organic Search,2024-02-26 13:22:20+00
530,Nicholas,Nguyen,nicholas.nguyen5571@gmail.com,+1-725-463-9813,Minneapolis,MN,55401,United States,Organic Search,2024-12-10 05:48:20+00
531,Timothy,Morris,timothy.morris3986@outlook.com,+1-994-669-8548,Minneapolis,MN,55401,United States,Direct,2025-01-09 16:34:30+00
532,Joseph,King,joseph.king1107@icloud.com,+1-848-425-4767,San Jose,CA,95101,United States,Google Ads,2024-10-01 14:11:29+00
533,Eric,Morgan,eric.morgan160@outlook.com,+1-454-494-2523,Denver,CO,80201,United States,Meta Ads,2025-09-30 01:56:29+00
534,Amanda,Martinez,amanda.martinez9086@yahoo.com,+1-687-521-6792,San Antonio,TX,78201,United States,Direct,2024-07-28 07:56:10+00
535,Lisa,Harris,lisa.harris8176@yahoo.com,+1-440-953-4965,Dallas,TX,75201,United States,Organic Search,2024-06-06 19:50:33+00
536,Ashley,Rivera,ashley.rivera2556@gmail.com,+1-322-280-9071,Charlotte,NC,28201,United States,Organic Search,2025-10-28 01:18:11+00
537,Anna,Garcia,anna.garcia7902@outlook.com,+1-835-522-9066,Minneapolis,MN,55401,United States,Direct,2025-01-16 13:16:29+00
538,Lisa,Rogers,lisa.rogers4592@icloud.com,+1-427-968-3101,Los Angeles,CA,90001,United States,Meta Ads,2024-11-25 00:34:11+00
539,Amy,Cooper,amy.cooper534@proton.me,+1-555-603-3863,Atlanta,GA,30301,United States,Referral,2025-06-26 16:13:19+00
540,Eric,Collins,eric.collins5172@gmail.com,+1-212-890-4452,Denver,CO,80201,United States,Meta Ads,2024-09-10 02:34:13+00
541,George,King,george.king3067@proton.me,+1-469-442-5413,Miami,FL,33101,United States,Affiliate,2024-09-23 19:46:53+00
542,George,White,george.white8172@icloud.com,+1-415-629-7099,Seattle,WA,98101,United States,Direct,2024-08-05 12:40:20+00
543,Cynthia,White,cynthia.white9362@yahoo.com,+1-789-902-4744,Houston,TX,77001,United States,Email Campaign,2025-09-16 21:16:44+00
544,Donald,Bailey,donald.bailey7082@icloud.com,+1-400-349-3450,Miami,FL,33101,United States,Email Campaign,2024-05-17 12:11:53+00
545,Sharon,Murphy,sharon.murphy2204@proton.me,+1-746-937-6172,Miami,FL,33101,United States,Google Ads,2025-03-12 23:01:12+00
546,Larry,Miller,larry.miller6528@gmail.com,+1-907-367-1983,San Antonio,TX,78201,United States,Email Campaign,2025-01-05 11:20:19+00
547,Benjamin,Gonzalez,benjamin.gonzalez7371@outlook.com,+1-466-569-6903,Portland,OR,97201,United States,Meta Ads,2025-09-21 11:47:25+00
548,Steven,Hall,steven.hall325@icloud.com,+1-324-559-4259,Minneapolis,MN,55401,United States,Meta Ads,2025-05-19 12:40:40+00
549,Jonathan,Thompson,jonathan.thompson4664@outlook.com,+1-532-889-9363,Miami,FL,33101,United States,Email Campaign,2024-12-13 11:22:52+00
550,William,Carter,william.carter4695@icloud.com,+1-846-348-3745,San Jose,CA,95101,United States,Google Ads,2025-04-20 22:17:17+00
551,Pamela,Phillips,pamela.phillips1169@gmail.com,+1-365-551-4739,San Jose,CA,95101,United States,Google Ads,2024-08-14 15:16:33+00
552,Patrick,Wright,patrick.wright9919@icloud.com,+1-477-655-6950,Minneapolis,MN,55401,United States,Meta Ads,2024-12-16 01:59:20+00
553,Edward,Perez,edward.perez3013@gmail.com,+1-328-945-4844,Dallas,TX,75201,United States,Affiliate,2025-06-28 13:56:14+00
554,Ruth,Hernandez,ruth.hernandez3451@yahoo.com,+1-606-305-2565,Chicago,IL,60601,United States,Affiliate,2025-01-02 20:49:21+00
555,Stephen,Miller,stephen.miller432@icloud.com,+1-736-983-2363,Houston,TX,77001,United States,Organic Search,2024-04-30 22:31:26+00
556,William,Roberts,william.roberts5069@yahoo.com,+1-453-955-5655,Atlanta,GA,30301,United States,Meta Ads,2024-04-12 07:10:57+00
557,Helen,Perez,helen.perez469@gmail.com,+1-879-565-6328,Miami,FL,33101,United States,Google Ads,2025-11-07 18:43:13+00
558,Anna,Wright,anna.wright8988@icloud.com,+1-338-914-9835,Philadelphia,PA,19101,United States,Meta Ads,2024-12-20 22:35:10+00
559,Benjamin,Parker,benjamin.parker8577@proton.me,+1-517-555-8891,Portland,OR,97201,United States,Organic Search,2024-03-10 21:24:28+00
560,Jeffrey,Flores,jeffrey.flores5993@icloud.com,+1-466-359-5973,New York,NY,10001,United States,Organic Search,2025-09-25 15:46:51+00
561,Sarah,Hall,sarah.hall4699@icloud.com,+1-747-208-9059,Miami,FL,33101,United States,Google Ads,2025-08-18 04:50:12+00
562,Laura,Nguyen,laura.nguyen9782@yahoo.com,+1-207-761-7121,San Antonio,TX,78201,United States,Google Ads,2025-03-11 17:29:26+00
563,Laura,Gomez,laura.gomez4095@yahoo.com,+1-932-954-7385,Denver,CO,80201,United States,Organic Search,2024-03-02 20:34:35+00
564,Jason,Walker,jason.walker8465@proton.me,+1-910-901-5454,Austin,TX,73301,United States,Meta Ads,2025-02-17 12:09:35+00
565,Paul,Evans,paul.evans3081@gmail.com,+1-386-339-5744,Houston,TX,77001,United States,Meta Ads,2025-04-25 03:18:39+00
566,Cynthia,Wright,cynthia.wright8061@yahoo.com,+1-528-219-3492,Los Angeles,CA,90001,United States,Affiliate,2024-01-18 12:32:58+00
567,Lisa,Wilson,lisa.wilson4623@outlook.com,+1-328-932-8183,New York,NY,10001,United States,Organic Search,2024-04-27 08:56:51+00
568,Mary,Murphy,mary.murphy3559@outlook.com,+1-630-519-9165,Seattle,WA,98101,United States,Google Ads,2025-09-07 01:13:33+00
569,John,Nelson,john.nelson1315@yahoo.com,+1-257-472-7429,Chicago,IL,60601,United States,Meta Ads,2024-05-21 09:20:20+00
570,Matthew,Allen,matthew.allen6252@gmail.com,+1-324-986-5078,Denver,CO,80201,United States,Email Campaign,2024-12-10 09:23:25+00
571,Ashley,Jones,ashley.jones3264@icloud.com,+1-952-989-2539,Nashville,TN,37201,United States,Meta Ads,2024-06-11 05:44:10+00
572,Jacob,Roberts,jacob.roberts5114@outlook.com,+1-362-844-1691,Portland,OR,97201,United States,Meta Ads,2024-07-16 02:05:30+00
573,Amy,Hill,amy.hill3256@outlook.com,+1-253-882-4568,Houston,TX,77001,United States,Organic Search,2024-12-03 13:21:35+00
574,Carol,Johnson,carol.johnson2743@outlook.com,+1-798-322-7484,San Diego,CA,92101,United States,Organic Search,2024-02-02 22:48:47+00
575,Justin,Stewart,justin.stewart9769@yahoo.com,+1-580-989-2466,San Diego,CA,92101,United States,Organic Search,2024-03-12 07:50:54+00
576,Rachel,Baker,rachel.baker984@gmail.com,+1-564-860-3521,Portland,OR,97201,United States,Email Campaign,2024-04-08 01:35:37+00
577,Gary,Robinson,gary.robinson5190@proton.me,+1-860-974-6690,Atlanta,GA,30301,United States,Email Campaign,2024-01-17 22:02:44+00
578,Frank,Carter,frank.carter5869@yahoo.com,+1-456-240-8951,Atlanta,GA,30301,United States,Meta Ads,2025-02-25 21:17:47+00
579,Catherine,Morales,catherine.morales3110@proton.me,+1-391-756-6696,San Jose,CA,95101,United States,Email Campaign,2024-08-02 04:25:11+00
580,Scott,Peterson,scott.peterson2628@gmail.com,+1-743-358-8362,Austin,TX,73301,United States,Email Campaign,2025-02-25 00:16:00+00
581,George,Collins,george.collins12@proton.me,+1-588-951-4039,New York,NY,10001,United States,Meta Ads,2024-10-10 02:51:12+00
582,Samantha,Walker,samantha.walker5255@gmail.com,+1-874-751-7348,San Antonio,TX,78201,United States,Meta Ads,2025-01-21 18:59:18+00
583,Stephen,Martin,stephen.martin4639@outlook.com,+1-619-856-6276,Houston,TX,77001,United States,Organic Search,2025-05-27 02:37:08+00
584,David,Garcia,david.garcia2127@yahoo.com,+1-232-406-2753,Miami,FL,33101,United States,Organic Search,2024-01-26 01:06:52+00
585,Pamela,Roberts,pamela.roberts8027@proton.me,+1-838-918-5193,Los Angeles,CA,90001,United States,Google Ads,2025-04-15 23:47:39+00
586,Carolyn,Martinez,carolyn.martinez215@yahoo.com,+1-871-703-2310,Atlanta,GA,30301,United States,Email Campaign,2024-02-17 11:32:00+00
587,George,Bailey,george.bailey6815@outlook.com,+1-925-259-5355,Nashville,TN,37201,United States,Organic Search,2024-02-25 00:07:47+00
588,Joshua,Martinez,joshua.martinez3538@proton.me,+1-299-303-4784,Portland,OR,97201,United States,Google Ads,2024-05-30 08:00:26+00
589,Helen,Young,helen.young9340@yahoo.com,+1-771-967-7802,Houston,TX,77001,United States,Email Campaign,2025-03-24 03:55:32+00
590,Melissa,Collins,melissa.collins6998@gmail.com,+1-370-384-7579,Nashville,TN,37201,United States,Google Ads,2024-05-03 04:37:22+00
591,Jonathan,Cruz,jonathan.cruz5773@outlook.com,+1-763-532-7090,Boston,MA,02101,United States,Email Campaign,2024-11-30 18:44:36+00
592,Raymond,Adams,raymond.adams9969@yahoo.com,+1-776-758-4504,Denver,CO,80201,United States,Email Campaign,2025-08-01 15:56:47+00
593,Steven,Campbell,steven.campbell7413@icloud.com,+1-606-200-1567,Austin,TX,73301,United States,Meta Ads,2025-02-06 08:56:16+00
594,Sarah,Hill,sarah.hill108@outlook.com,+1-427-419-6159,New York,NY,10001,United States,Email Campaign,2025-06-20 01:17:50+00
595,Emily,Peterson,emily.peterson8377@proton.me,+1-784-785-3534,Houston,TX,77001,United States,Organic Search,2024-10-03 13:54:13+00
596,Karen,Moore,karen.moore4342@outlook.com,+1-796-455-4817,Dallas,TX,75201,United States,Email Campaign,2024-03-12 17:14:08+00
597,Pamela,Phillips,pamela.phillips9324@yahoo.com,+1-951-279-6319,Miami,FL,33101,United States,Organic Search,2025-10-03 16:15:40+00
598,Frank,Gonzalez,frank.gonzalez9753@outlook.com,+1-238-948-7251,Chicago,IL,60601,United States,Email Campaign,2025-08-22 02:38:44+00
599,Kevin,Hall,kevin.hall7116@icloud.com,+1-323-988-4714,Charlotte,NC,28201,United States,Affiliate,2025-05-07 16:30:43+00
600,Benjamin,Carter,benjamin.carter887@outlook.com,+1-736-242-6231,Portland,OR,97201,United States,Meta Ads,2024-09-11 04:34:59+00
601,Nicholas,Lewis,nicholas.lewis2510@gmail.com,+1-889-949-7436,Atlanta,GA,30301,United States,Email Campaign,2025-03-23 03:31:39+00
602,Nicholas,Lopez,nicholas.lopez3639@icloud.com,+1-496-603-3425,Phoenix,AZ,85001,United States,Google Ads,2025-01-04 22:34:25+00
603,Pamela,Miller,pamela.miller8981@icloud.com,+1-468-287-7529,Nashville,TN,37201,United States,Google Ads,2025-06-26 09:14:57+00
604,Thomas,Moore,thomas.moore7880@proton.me,+1-402-699-7476,Minneapolis,MN,55401,United States,Organic Search,2025-04-23 19:00:47+00
605,Jack,Ortiz,jack.ortiz4035@yahoo.com,+1-273-472-8046,San Jose,CA,95101,United States,Meta Ads,2025-03-23 17:45:29+00
606,Barbara,Anderson,barbara.anderson6777@icloud.com,+1-574-556-4120,San Jose,CA,95101,United States,Google Ads,2025-05-24 09:43:31+00
607,Patricia,Flores,patricia.flores2774@outlook.com,+1-831-652-3389,Atlanta,GA,30301,United States,Organic Search,2025-09-27 19:49:48+00
608,Sandra,Sanchez,sandra.sanchez6125@yahoo.com,+1-975-945-2405,Houston,TX,77001,United States,Email Campaign,2024-07-08 02:44:55+00
609,Samantha,Jackson,samantha.jackson4714@gmail.com,+1-551-910-2823,Austin,TX,73301,United States,Google Ads,2024-01-19 00:03:20+00
610,Kevin,Clark,kevin.clark8815@yahoo.com,+1-408-759-9573,Dallas,TX,75201,United States,Meta Ads,2025-04-29 06:20:40+00
611,Janet,Jackson,janet.jackson302@icloud.com,+1-796-879-9631,Los Angeles,CA,90001,United States,Organic Search,2024-02-17 00:31:57+00
612,Andrew,Sanchez,andrew.sanchez4445@gmail.com,+1-676-870-1136,Chicago,IL,60601,United States,Google Ads,2024-07-30 01:35:31+00
613,Gregory,Campbell,gregory.campbell1768@gmail.com,+1-499-864-7332,San Diego,CA,92101,United States,Referral,2025-01-30 07:52:43+00
614,Patrick,Gonzalez,patrick.gonzalez5169@icloud.com,+1-811-744-2442,Philadelphia,PA,19101,United States,Organic Search,2024-12-22 01:28:57+00
615,Brenda,Williams,brenda.williams652@yahoo.com,+1-742-512-6465,Miami,FL,33101,United States,Google Ads,2024-05-02 06:47:24+00
616,Robert,Hall,robert.hall5766@outlook.com,+1-840-509-4869,Nashville,TN,37201,United States,Organic Search,2024-02-18 11:56:40+00
617,Benjamin,Allen,benjamin.allen6344@gmail.com,+1-768-486-4695,Phoenix,AZ,85001,United States,Google Ads,2024-11-01 11:11:28+00
618,Gregory,Moore,gregory.moore1439@icloud.com,+1-733-894-4726,Boston,MA,02101,United States,Organic Search,2024-04-28 23:27:02+00
619,Jason,Flores,jason.flores9919@outlook.com,+1-659-755-3158,San Antonio,TX,78201,United States,Meta Ads,2025-03-27 15:11:50+00
620,Anna,Sanchez,anna.sanchez2263@outlook.com,+1-905-922-9582,Phoenix,AZ,85001,United States,Google Ads,2025-08-21 10:46:20+00
621,Charles,Lee,charles.lee5202@gmail.com,+1-770-745-2939,Philadelphia,PA,19101,United States,Google Ads,2025-11-14 13:38:35+00
622,Charles,Brown,charles.brown5222@icloud.com,+1-621-510-8258,Dallas,TX,75201,United States,Organic Search,2024-05-26 07:20:10+00
623,Susan,Taylor,susan.taylor3027@gmail.com,+1-980-826-5372,Charlotte,NC,28201,United States,Meta Ads,2024-06-28 16:29:58+00
624,Scott,Robinson,scott.robinson3784@gmail.com,+1-567-281-8808,Phoenix,AZ,85001,United States,Meta Ads,2025-04-15 00:38:39+00
625,Jacob,Mitchell,jacob.mitchell3015@icloud.com,+1-703-685-3253,Philadelphia,PA,19101,United States,Organic Search,2024-01-26 08:48:08+00
626,Edward,Johnson,edward.johnson4422@icloud.com,+1-427-960-4323,San Antonio,TX,78201,United States,Organic Search,2024-12-07 12:52:10+00
627,Brandon,Morales,brandon.morales5324@icloud.com,+1-452-637-7633,Los Angeles,CA,90001,United States,Meta Ads,2025-10-02 14:35:50+00
628,Timothy,Green,timothy.green6458@proton.me,+1-960-785-9784,Nashville,TN,37201,United States,Meta Ads,2025-07-01 05:36:33+00
629,John,Gutierrez,john.gutierrez1792@icloud.com,+1-667-243-5025,Nashville,TN,37201,United States,Meta Ads,2025-07-25 08:33:49+00
630,Jennifer,Bailey,jennifer.bailey6348@proton.me,+1-983-845-1807,San Antonio,TX,78201,United States,Google Ads,2024-11-05 12:00:04+00
631,Joshua,Torres,joshua.torres7559@yahoo.com,+1-632-501-1893,Nashville,TN,37201,United States,Direct,2024-12-26 09:44:16+00
632,Samuel,Edwards,samuel.edwards1482@proton.me,+1-315-384-9952,Phoenix,AZ,85001,United States,Google Ads,2024-09-08 13:44:55+00
633,Cynthia,Brown,cynthia.brown2931@icloud.com,+1-804-929-4308,Atlanta,GA,30301,United States,Organic Search,2024-09-09 01:11:30+00
634,Frank,Lee,frank.lee2025@gmail.com,+1-316-923-8362,Seattle,WA,98101,United States,Organic Search,2025-07-03 16:38:18+00
635,Stephanie,Rogers,stephanie.rogers2620@icloud.com,+1-763-589-1719,Philadelphia,PA,19101,United States,Direct,2025-03-15 13:31:37+00
636,Gregory,Martin,gregory.martin2657@yahoo.com,+1-383-987-1840,Boston,MA,02101,United States,Google Ads,2025-07-21 11:12:05+00
637,Cynthia,Torres,cynthia.torres2961@gmail.com,+1-334-407-1057,Charlotte,NC,28201,United States,Email Campaign,2024-01-10 19:34:09+00
638,Ryan,Murphy,ryan.murphy8170@proton.me,+1-205-822-9084,San Diego,CA,92101,United States,Organic Search,2025-05-27 13:25:24+00
639,Jacob,Collins,jacob.collins6720@icloud.com,+1-281-815-1107,San Diego,CA,92101,United States,Direct,2024-08-04 08:24:03+00
640,Samantha,Bailey,samantha.bailey3402@gmail.com,+1-389-351-1902,Seattle,WA,98101,United States,Organic Search,2025-10-25 12:31:53+00
641,John,Hill,john.hill5425@gmail.com,+1-250-311-7831,Philadelphia,PA,19101,United States,Organic Search,2024-08-09 05:14:15+00
642,Brandon,Bailey,brandon.bailey2907@icloud.com,+1-967-792-6901,Los Angeles,CA,90001,United States,Organic Search,2024-08-20 19:15:12+00
643,Carol,Mitchell,carol.mitchell6209@gmail.com,+1-976-637-2063,Austin,TX,73301,United States,Google Ads,2024-04-05 02:40:40+00
644,Frank,Scott,frank.scott5394@proton.me,+1-623-737-4438,San Antonio,TX,78201,United States,Meta Ads,2024-03-26 05:32:28+00
645,Pamela,Ortiz,pamela.ortiz1437@icloud.com,+1-941-905-5705,Boston,MA,02101,United States,Meta Ads,2024-09-03 03:46:27+00
646,Kimberly,Ortiz,kimberly.ortiz9424@proton.me,+1-562-332-9132,Nashville,TN,37201,United States,Email Campaign,2025-01-21 22:34:00+00
647,Shirley,White,shirley.white9985@yahoo.com,+1-925-497-4171,New York,NY,10001,United States,Organic Search,2024-12-27 10:05:46+00
648,Benjamin,Thomas,benjamin.thomas3397@proton.me,+1-624-623-1745,San Jose,CA,95101,United States,Google Ads,2025-09-18 09:44:24+00
649,Katherine,Ramirez,katherine.ramirez186@yahoo.com,+1-906-488-5168,Chicago,IL,60601,United States,Google Ads,2025-01-28 21:22:45+00
650,Stephen,Adams,stephen.adams101@gmail.com,+1-902-541-6592,Denver,CO,80201,United States,Email Campaign,2025-04-23 18:56:53+00
651,Patricia,Thompson,patricia.thompson3179@outlook.com,+1-546-888-8849,Miami,FL,33101,United States,Email Campaign,2025-05-16 19:49:47+00
652,Sarah,Morris,sarah.morris2546@icloud.com,+1-749-543-8577,Boston,MA,02101,United States,Affiliate,2024-02-13 20:19:51+00
653,Eric,Hill,eric.hill9257@outlook.com,+1-768-748-1306,San Antonio,TX,78201,United States,Meta Ads,2024-09-14 23:41:44+00
654,Melissa,Rodriguez,melissa.rodriguez2447@outlook.com,+1-231-547-7147,Portland,OR,97201,United States,Direct,2025-03-19 19:52:09+00
655,Emma,Roberts,emma.roberts3071@proton.me,+1-319-969-6050,San Jose,CA,95101,United States,Email Campaign,2024-07-30 05:04:43+00
656,Edward,Lopez,edward.lopez8144@yahoo.com,+1-580-662-5958,San Antonio,TX,78201,United States,Meta Ads,2024-05-16 06:28:26+00
657,Joseph,Mitchell,joseph.mitchell613@yahoo.com,+1-294-654-9290,New York,NY,10001,United States,Email Campaign,2025-01-23 17:41:16+00
658,Karen,Harris,karen.harris5573@icloud.com,+1-950-736-6084,San Jose,CA,95101,United States,Organic Search,2025-11-08 11:30:39+00
659,Richard,Gutierrez,richard.gutierrez2175@yahoo.com,+1-941-237-8526,Denver,CO,80201,United States,Email Campaign,2025-02-10 01:12:51+00
660,Joseph,Smith,joseph.smith5096@gmail.com,+1-903-808-2426,San Jose,CA,95101,United States,Google Ads,2024-02-06 04:06:27+00
661,Susan,Gutierrez,susan.gutierrez5120@gmail.com,+1-791-976-6114,San Antonio,TX,78201,United States,Google Ads,2024-05-29 21:18:39+00
662,Andrew,Scott,andrew.scott8721@outlook.com,+1-991-651-2927,Dallas,TX,75201,United States,Organic Search,2024-07-31 20:57:40+00
663,Joseph,Johnson,joseph.johnson9169@proton.me,+1-304-411-9888,Seattle,WA,98101,United States,Meta Ads,2024-07-29 20:46:38+00
664,Charles,Torres,charles.torres9406@yahoo.com,+1-375-272-6101,Charlotte,NC,28201,United States,Direct,2025-02-24 05:05:15+00
665,Jeffrey,Miller,jeffrey.miller2132@gmail.com,+1-682-891-1826,Houston,TX,77001,United States,Google Ads,2024-03-08 05:23:07+00
666,Jason,Gomez,jason.gomez2933@proton.me,+1-806-844-8304,Charlotte,NC,28201,United States,Google Ads,2024-09-15 11:07:09+00
667,Betty,Morgan,betty.morgan1287@icloud.com,+1-781-334-2522,Atlanta,GA,30301,United States,Organic Search,2024-08-29 10:07:13+00
668,Rachel,Reyes,rachel.reyes7710@yahoo.com,+1-429-347-5227,Seattle,WA,98101,United States,Google Ads,2025-06-27 17:45:42+00
669,Debra,Nelson,debra.nelson5321@icloud.com,+1-699-230-2070,Miami,FL,33101,United States,Organic Search,2025-01-07 02:43:17+00
670,Kathleen,Perez,kathleen.perez4625@outlook.com,+1-818-788-3087,Nashville,TN,37201,United States,Organic Search,2025-09-27 08:17:25+00
671,Carolyn,Wilson,carolyn.wilson5340@proton.me,+1-865-272-5949,Portland,OR,97201,United States,Google Ads,2025-04-04 00:23:17+00
672,Edward,Walker,edward.walker3993@proton.me,+1-362-693-7288,Chicago,IL,60601,United States,Google Ads,2025-09-24 12:29:18+00
673,Frank,Parker,frank.parker7133@proton.me,+1-550-757-4869,Philadelphia,PA,19101,United States,Meta Ads,2024-03-01 20:03:24+00
674,Jack,Morales,jack.morales1874@proton.me,+1-810-674-6330,Portland,OR,97201,United States,Organic Search,2024-12-12 03:25:55+00
675,Daniel,Flores,daniel.flores6649@gmail.com,+1-812-311-7208,San Jose,CA,95101,United States,Google Ads,2025-05-28 02:21:47+00
676,Linda,Lopez,linda.lopez3566@yahoo.com,+1-794-973-1003,Phoenix,AZ,85001,United States,Meta Ads,2024-12-18 04:03:18+00
677,Jonathan,Nguyen,jonathan.nguyen6390@proton.me,+1-791-657-4205,San Antonio,TX,78201,United States,Meta Ads,2024-09-03 05:48:33+00
678,Joshua,Hill,joshua.hill7123@outlook.com,+1-291-796-1133,Charlotte,NC,28201,United States,Referral,2024-11-10 06:47:09+00
679,Thomas,Nguyen,thomas.nguyen1023@outlook.com,+1-762-254-1013,Portland,OR,97201,United States,Direct,2024-10-06 08:48:19+00
680,Joseph,Torres,joseph.torres511@yahoo.com,+1-642-919-7459,San Jose,CA,95101,United States,Email Campaign,2024-11-11 16:59:50+00
681,Timothy,Parker,timothy.parker8932@yahoo.com,+1-878-377-8780,Phoenix,AZ,85001,United States,Organic Search,2024-10-26 01:22:17+00
682,George,Turner,george.turner2528@outlook.com,+1-886-328-3200,New York,NY,10001,United States,Organic Search,2024-01-13 12:48:52+00
683,Charles,Morales,charles.morales7156@yahoo.com,+1-286-340-7813,Atlanta,GA,30301,United States,Direct,2025-06-24 11:01:07+00
684,Emma,Diaz,emma.diaz2946@icloud.com,+1-721-634-8373,Denver,CO,80201,United States,Google Ads,2024-05-24 15:23:45+00
685,Jason,Smith,jason.smith9469@icloud.com,+1-948-442-9220,Dallas,TX,75201,United States,Google Ads,2025-02-28 13:16:37+00
686,Pamela,Campbell,pamela.campbell549@gmail.com,+1-781-694-7038,Houston,TX,77001,United States,Meta Ads,2025-06-20 15:48:07+00
687,William,Jackson,william.jackson8625@outlook.com,+1-676-729-2281,Nashville,TN,37201,United States,Direct,2024-03-10 00:45:34+00
688,Ashley,Stewart,ashley.stewart1280@proton.me,+1-793-519-1864,San Jose,CA,95101,United States,Meta Ads,2024-01-09 17:01:01+00
689,Jacob,Collins,jacob.collins8400@icloud.com,+1-787-951-6431,Boston,MA,02101,United States,Google Ads,2025-09-12 07:57:33+00
690,Donna,Nguyen,donna.nguyen2745@gmail.com,+1-911-811-5981,Minneapolis,MN,55401,United States,Organic Search,2025-05-04 03:00:11+00
691,Jacob,Perez,jacob.perez9386@gmail.com,+1-872-498-1447,Austin,TX,73301,United States,Google Ads,2024-04-08 20:07:15+00
692,Nicholas,Martinez,nicholas.martinez4553@outlook.com,+1-335-830-5603,Dallas,TX,75201,United States,Direct,2024-01-12 08:45:47+00
693,Jack,Anderson,jack.anderson9894@yahoo.com,+1-805-956-3476,Atlanta,GA,30301,United States,Google Ads,2024-05-16 13:40:52+00
694,Kimberly,Walker,kimberly.walker7945@yahoo.com,+1-740-233-6617,Chicago,IL,60601,United States,Affiliate,2025-04-07 21:44:47+00
695,Karen,Murphy,karen.murphy6766@icloud.com,+1-443-876-8211,Philadelphia,PA,19101,United States,Organic Search,2025-07-24 17:28:59+00
696,Brian,Miller,brian.miller4332@gmail.com,+1-253-371-8602,Denver,CO,80201,United States,Google Ads,2025-01-05 06:14:46+00
697,Ruth,Morgan,ruth.morgan3829@icloud.com,+1-899-922-7390,Miami,FL,33101,United States,Organic Search,2025-02-16 08:09:28+00
698,Laura,Johnson,laura.johnson4732@icloud.com,+1-591-894-6172,Nashville,TN,37201,United States,Meta Ads,2024-02-02 04:37:25+00
699,Richard,Morgan,richard.morgan5798@icloud.com,+1-825-867-5466,San Jose,CA,95101,United States,Organic Search,2025-09-15 12:15:39+00
700,Richard,Allen,richard.allen9572@icloud.com,+1-672-991-4961,Minneapolis,MN,55401,United States,Email Campaign,2025-02-08 04:36:49+00
701,Amanda,White,amanda.white5133@proton.me,+1-210-888-1138,Chicago,IL,60601,United States,Organic Search,2024-03-17 05:14:12+00
702,Helen,Wilson,helen.wilson7307@outlook.com,+1-424-942-5641,Dallas,TX,75201,United States,Organic Search,2024-01-19 17:48:31+00
703,Samantha,Lopez,samantha.lopez932@proton.me,+1-872-422-2995,Houston,TX,77001,United States,Organic Search,2025-04-15 00:09:36+00
704,Thomas,Carter,thomas.carter9275@yahoo.com,+1-313-912-4018,Dallas,TX,75201,United States,Google Ads,2025-05-28 08:11:57+00
705,Elizabeth,Collins,elizabeth.collins4529@icloud.com,+1-908-883-6298,Dallas,TX,75201,United States,Organic Search,2024-02-27 19:24:18+00
706,Emily,Davis,emily.davis6272@icloud.com,+1-540-261-5230,Dallas,TX,75201,United States,Organic Search,2024-02-24 05:40:53+00
707,Gary,Sanchez,gary.sanchez6433@yahoo.com,+1-860-703-2776,Phoenix,AZ,85001,United States,Meta Ads,2024-12-01 07:08:57+00
708,Margaret,Wilson,margaret.wilson7235@outlook.com,+1-305-235-2194,Chicago,IL,60601,United States,Meta Ads,2024-07-13 23:27:16+00
709,Cynthia,Williams,cynthia.williams8155@yahoo.com,+1-868-855-1014,Los Angeles,CA,90001,United States,Meta Ads,2024-07-26 06:44:09+00
710,Karen,Nelson,karen.nelson6412@proton.me,+1-203-727-9039,Miami,FL,33101,United States,Google Ads,2025-10-17 22:12:59+00
711,Janet,Rodriguez,janet.rodriguez8850@yahoo.com,+1-203-593-8898,Houston,TX,77001,United States,Meta Ads,2024-10-06 02:43:21+00
712,Kevin,Hill,kevin.hill6564@gmail.com,+1-847-862-2485,Seattle,WA,98101,United States,Meta Ads,2024-09-21 11:13:47+00
713,William,Collins,william.collins4751@yahoo.com,+1-380-767-1644,Denver,CO,80201,United States,Meta Ads,2024-08-20 11:20:49+00
714,Catherine,Roberts,catherine.roberts1750@outlook.com,+1-698-286-8175,San Antonio,TX,78201,United States,Organic Search,2024-05-30 07:30:33+00
715,Patricia,Walker,patricia.walker8016@icloud.com,+1-264-753-6041,Miami,FL,33101,United States,Meta Ads,2025-10-10 07:33:09+00
716,Cynthia,Williams,cynthia.williams607@outlook.com,+1-257-545-1701,Denver,CO,80201,United States,Organic Search,2025-09-19 05:30:12+00
717,Christine,Gutierrez,christine.gutierrez7510@proton.me,+1-352-958-4817,Chicago,IL,60601,United States,Organic Search,2024-04-20 07:26:15+00
718,Gary,Williams,gary.williams7721@proton.me,+1-246-448-3138,New York,NY,10001,United States,Organic Search,2024-02-09 03:17:04+00
719,Michelle,Gonzalez,michelle.gonzalez7475@proton.me,+1-374-805-2047,Houston,TX,77001,United States,Organic Search,2025-04-07 11:10:57+00
720,Brandon,Lewis,brandon.lewis1034@yahoo.com,+1-636-545-7586,San Jose,CA,95101,United States,Organic Search,2025-06-15 16:19:54+00
721,Pamela,Cooper,pamela.cooper2251@outlook.com,+1-418-982-1746,Minneapolis,MN,55401,United States,Organic Search,2024-02-19 10:32:29+00
722,Jessica,Scott,jessica.scott2315@icloud.com,+1-372-913-7060,Portland,OR,97201,United States,Organic Search,2024-07-08 13:51:52+00
723,Justin,Garcia,justin.garcia2186@gmail.com,+1-847-827-7162,Philadelphia,PA,19101,United States,Organic Search,2025-01-13 13:43:54+00
724,William,Smith,william.smith119@yahoo.com,+1-291-923-5648,Boston,MA,02101,United States,Meta Ads,2025-09-07 16:26:14+00
725,Jacob,Taylor,jacob.taylor3378@yahoo.com,+1-855-477-9570,Atlanta,GA,30301,United States,Google Ads,2024-05-15 21:49:40+00
726,Brandon,Jones,brandon.jones9770@yahoo.com,+1-934-711-2442,Austin,TX,73301,United States,Google Ads,2024-01-04 21:11:30+00
727,Brenda,Walker,brenda.walker3145@gmail.com,+1-742-297-6929,Portland,OR,97201,United States,Meta Ads,2024-12-26 21:36:48+00
728,Benjamin,Clark,benjamin.clark4529@gmail.com,+1-398-315-3444,Miami,FL,33101,United States,Google Ads,2024-05-04 10:08:04+00
729,Debra,Garcia,debra.garcia886@outlook.com,+1-491-414-8121,Dallas,TX,75201,United States,Google Ads,2025-09-17 17:09:08+00
730,Ryan,Garcia,ryan.garcia1711@gmail.com,+1-750-380-3589,New York,NY,10001,United States,Google Ads,2024-03-31 11:36:36+00
731,Elizabeth,Walker,elizabeth.walker7288@proton.me,+1-793-533-7865,San Antonio,TX,78201,United States,Email Campaign,2025-11-29 02:52:55+00
732,Carol,Robinson,carol.robinson1805@outlook.com,+1-433-300-4884,Boston,MA,02101,United States,Direct,2024-10-19 00:25:51+00
733,Mark,Martinez,mark.martinez7717@proton.me,+1-696-255-8141,Phoenix,AZ,85001,United States,Organic Search,2025-04-18 16:39:53+00
734,Ryan,Thompson,ryan.thompson6347@outlook.com,+1-339-668-4181,Seattle,WA,98101,United States,Referral,2024-06-06 09:29:03+00
735,Kevin,Taylor,kevin.taylor526@proton.me,+1-261-487-3236,Houston,TX,77001,United States,Direct,2024-12-22 12:31:50+00
736,Sharon,Perez,sharon.perez5630@yahoo.com,+1-502-818-3568,Charlotte,NC,28201,United States,Direct,2025-03-25 08:57:53+00
737,Stephen,Robinson,stephen.robinson1417@icloud.com,+1-734-700-4546,Minneapolis,MN,55401,United States,Google Ads,2024-12-25 18:31:33+00
738,Emily,Johnson,emily.johnson7015@yahoo.com,+1-453-535-8114,Minneapolis,MN,55401,United States,Organic Search,2025-04-04 23:25:21+00
739,Karen,Smith,karen.smith6845@gmail.com,+1-241-681-9261,Los Angeles,CA,90001,United States,Google Ads,2024-11-02 14:39:37+00
740,Amy,Gonzalez,amy.gonzalez7413@icloud.com,+1-446-285-1203,Boston,MA,02101,United States,Affiliate,2024-04-13 09:55:51+00
741,Melissa,Nguyen,melissa.nguyen3917@gmail.com,+1-216-691-5994,Philadelphia,PA,19101,United States,Email Campaign,2025-10-28 16:49:38+00
742,Pamela,Brown,pamela.brown7453@icloud.com,+1-990-341-7641,Philadelphia,PA,19101,United States,Email Campaign,2024-10-15 01:08:16+00
743,Benjamin,Reyes,benjamin.reyes23@gmail.com,+1-594-907-6454,Nashville,TN,37201,United States,Organic Search,2024-11-27 03:23:36+00
744,Paul,Cooper,paul.cooper9425@yahoo.com,+1-901-282-6500,Los Angeles,CA,90001,United States,Meta Ads,2025-06-08 08:26:34+00
745,George,Miller,george.miller1819@icloud.com,+1-574-676-1669,Seattle,WA,98101,United States,Google Ads,2025-05-18 18:48:50+00
746,Brenda,Rodriguez,brenda.rodriguez9188@yahoo.com,+1-341-542-4909,Portland,OR,97201,United States,Organic Search,2025-01-06 23:45:52+00
747,Jack,Clark,jack.clark3694@outlook.com,+1-561-473-9250,Boston,MA,02101,United States,Organic Search,2024-02-19 13:17:13+00
748,Deborah,Hall,deborah.hall7413@icloud.com,+1-713-739-3010,Miami,FL,33101,United States,Email Campaign,2025-06-11 04:34:58+00
749,Jonathan,Nguyen,jonathan.nguyen7406@proton.me,+1-576-889-2075,San Antonio,TX,78201,United States,Direct,2024-12-21 23:23:32+00
750,Barbara,Hernandez,barbara.hernandez6401@yahoo.com,+1-495-278-2791,Philadelphia,PA,19101,United States,Organic Search,2025-06-25 18:33:08+00
751,Charles,Murphy,charles.murphy2466@yahoo.com,+1-733-842-1371,Austin,TX,73301,United States,Google Ads,2025-06-14 08:55:15+00
752,Anna,Taylor,anna.taylor7765@outlook.com,+1-630-654-1351,Austin,TX,73301,United States,Organic Search,2024-01-18 10:47:32+00
753,Sandra,Gutierrez,sandra.gutierrez5504@icloud.com,+1-792-551-6346,Miami,FL,33101,United States,Meta Ads,2025-06-25 14:28:43+00
754,Helen,Peterson,helen.peterson7296@icloud.com,+1-511-780-3161,Austin,TX,73301,United States,Organic Search,2024-07-21 06:53:25+00
755,Sandra,Morris,sandra.morris6094@outlook.com,+1-988-248-3430,Seattle,WA,98101,United States,Google Ads,2024-05-09 13:13:56+00
756,Samantha,Lee,samantha.lee8771@outlook.com,+1-386-379-3514,Philadelphia,PA,19101,United States,Organic Search,2024-02-02 07:07:07+00
757,Kenneth,Taylor,kenneth.taylor7224@outlook.com,+1-578-388-4361,Portland,OR,97201,United States,Email Campaign,2025-06-01 06:48:44+00
758,Kenneth,Hall,kenneth.hall2424@outlook.com,+1-659-752-3663,Portland,OR,97201,United States,Google Ads,2024-01-20 16:38:22+00
759,Rebecca,Murphy,rebecca.murphy2382@icloud.com,+1-527-359-1070,Portland,OR,97201,United States,Referral,2024-09-14 15:31:07+00
760,Samuel,Nguyen,samuel.nguyen7765@outlook.com,+1-972-787-3409,Minneapolis,MN,55401,United States,Email Campaign,2024-12-09 17:26:40+00
761,Amanda,Anderson,amanda.anderson7848@gmail.com,+1-342-894-2914,Austin,TX,73301,United States,Organic Search,2025-04-24 23:26:39+00
762,Mark,Edwards,mark.edwards5856@gmail.com,+1-534-256-4197,Minneapolis,MN,55401,United States,Meta Ads,2025-08-30 04:10:38+00
763,Emily,Sanchez,emily.sanchez370@gmail.com,+1-751-656-2431,Nashville,TN,37201,United States,Google Ads,2025-01-16 06:56:13+00
764,Kenneth,Rogers,kenneth.rogers919@outlook.com,+1-607-351-8006,Seattle,WA,98101,United States,Google Ads,2024-01-10 19:15:10+00
765,Andrew,Hall,andrew.hall5757@outlook.com,+1-656-774-2435,San Antonio,TX,78201,United States,Email Campaign,2024-12-11 08:52:03+00
766,Jack,Turner,jack.turner7250@outlook.com,+1-367-945-7944,Boston,MA,02101,United States,Organic Search,2025-04-01 09:49:47+00
767,Scott,Lopez,scott.lopez2354@yahoo.com,+1-510-686-9606,San Jose,CA,95101,United States,Organic Search,2025-04-04 03:03:09+00
768,Timothy,Lopez,timothy.lopez109@icloud.com,+1-854-479-7791,Philadelphia,PA,19101,United States,Meta Ads,2025-07-05 23:57:49+00
769,Larry,Moore,larry.moore3265@yahoo.com,+1-590-496-9037,Los Angeles,CA,90001,United States,Direct,2024-08-22 21:33:20+00
770,Justin,Hill,justin.hill8096@proton.me,+1-957-674-4678,New York,NY,10001,United States,Email Campaign,2024-04-29 23:12:53+00
771,Kimberly,Hill,kimberly.hill7743@gmail.com,+1-869-881-5713,Boston,MA,02101,United States,Organic Search,2025-06-18 14:19:34+00
772,Samuel,Young,samuel.young467@gmail.com,+1-983-483-9078,Chicago,IL,60601,United States,Meta Ads,2024-10-08 07:41:09+00
773,Justin,Morris,justin.morris9267@icloud.com,+1-464-843-8799,Houston,TX,77001,United States,Google Ads,2025-07-23 15:18:49+00
774,Pamela,Williams,pamela.williams4253@yahoo.com,+1-795-259-3394,San Jose,CA,95101,United States,Google Ads,2025-06-22 19:43:57+00
775,Sarah,Rivera,sarah.rivera2676@gmail.com,+1-479-569-7873,Seattle,WA,98101,United States,Organic Search,2024-08-14 21:00:46+00
776,Helen,Martinez,helen.martinez8420@yahoo.com,+1-984-843-4002,Houston,TX,77001,United States,Meta Ads,2024-05-10 03:38:21+00
777,Anna,Adams,anna.adams5181@outlook.com,+1-477-901-6939,Houston,TX,77001,United States,Meta Ads,2024-09-30 10:50:47+00
778,Charles,Johnson,charles.johnson2244@proton.me,+1-488-581-8944,Boston,MA,02101,United States,Google Ads,2024-05-06 23:05:00+00
779,Susan,Ramirez,susan.ramirez2533@proton.me,+1-426-392-9612,Portland,OR,97201,United States,Email Campaign,2025-06-29 19:09:58+00
780,Joseph,Turner,joseph.turner7545@gmail.com,+1-319-334-1284,Miami,FL,33101,United States,Google Ads,2025-06-21 02:07:07+00
781,George,Moore,george.moore7241@proton.me,+1-735-981-6604,Philadelphia,PA,19101,United States,Email Campaign,2024-01-23 16:06:59+00
782,Ruth,Thomas,ruth.thomas3644@yahoo.com,+1-910-345-4712,Austin,TX,73301,United States,Organic Search,2024-04-11 11:26:38+00
783,William,Diaz,william.diaz1831@gmail.com,+1-219-993-8934,Boston,MA,02101,United States,Organic Search,2024-03-25 01:51:42+00
784,John,Rogers,john.rogers9719@gmail.com,+1-680-321-5145,Los Angeles,CA,90001,United States,Organic Search,2025-06-02 20:42:46+00
785,Mary,Gonzalez,mary.gonzalez2029@proton.me,+1-410-801-4277,Philadelphia,PA,19101,United States,Meta Ads,2024-01-24 01:25:46+00
786,Barbara,Jackson,barbara.jackson4545@proton.me,+1-556-560-3630,Nashville,TN,37201,United States,Email Campaign,2025-04-21 10:20:09+00
787,Donald,Cook,donald.cook9343@gmail.com,+1-301-792-1229,Nashville,TN,37201,United States,Organic Search,2024-05-29 02:42:16+00
788,Andrew,Perez,andrew.perez8801@gmail.com,+1-942-301-4506,Nashville,TN,37201,United States,Direct,2025-01-04 01:20:18+00
789,George,White,george.white7204@gmail.com,+1-385-563-7219,Boston,MA,02101,United States,Organic Search,2024-06-26 01:55:04+00
790,Edward,Anderson,edward.anderson5150@gmail.com,+1-677-312-9515,Phoenix,AZ,85001,United States,Google Ads,2024-10-07 22:11:47+00
791,Patrick,Torres,patrick.torres9129@gmail.com,+1-284-535-9088,Houston,TX,77001,United States,Google Ads,2024-12-21 06:05:11+00
792,Scott,Flores,scott.flores7274@yahoo.com,+1-767-617-5761,Boston,MA,02101,United States,Organic Search,2024-02-24 09:36:31+00
793,Jacob,Mitchell,jacob.mitchell2938@gmail.com,+1-890-703-2723,Denver,CO,80201,United States,Google Ads,2025-05-26 20:13:45+00
794,Alexander,Hernandez,alexander.hernandez1954@yahoo.com,+1-604-610-2666,Philadelphia,PA,19101,United States,Organic Search,2024-06-03 23:14:21+00
795,Amanda,Sanchez,amanda.sanchez9748@icloud.com,+1-325-438-7958,Miami,FL,33101,United States,Organic Search,2025-07-08 12:29:18+00
796,Justin,Wright,justin.wright6558@outlook.com,+1-687-882-7626,Miami,FL,33101,United States,Meta Ads,2024-04-24 19:15:08+00
797,Ryan,Wilson,ryan.wilson2002@outlook.com,+1-701-709-4781,Phoenix,AZ,85001,United States,Organic Search,2025-07-27 09:33:29+00
798,Michael,Rodriguez,michael.rodriguez8162@gmail.com,+1-383-591-6356,Phoenix,AZ,85001,United States,Google Ads,2025-04-29 09:53:53+00
799,Richard,Martinez,richard.martinez8519@icloud.com,+1-677-406-5809,Miami,FL,33101,United States,Google Ads,2024-07-22 13:47:39+00
800,Anna,Baker,anna.baker8857@proton.me,+1-218-982-1517,Boston,MA,02101,United States,Direct,2024-04-02 20:49:14+00
801,Stephanie,Edwards,stephanie.edwards5154@icloud.com,+1-653-670-1589,Los Angeles,CA,90001,United States,Organic Search,2025-05-27 12:18:44+00
802,Joshua,Perez,joshua.perez8053@icloud.com,+1-337-519-7374,Miami,FL,33101,United States,Email Campaign,2025-03-18 04:13:47+00
803,Alexander,Morales,alexander.morales9074@proton.me,+1-785-681-8797,Portland,OR,97201,United States,Direct,2025-01-28 21:17:38+00
804,Linda,Gomez,linda.gomez4316@icloud.com,+1-805-586-6779,Austin,TX,73301,United States,Google Ads,2024-01-23 04:41:52+00
805,Nicole,Garcia,nicole.garcia2101@outlook.com,+1-557-959-1440,San Jose,CA,95101,United States,Google Ads,2024-11-28 21:15:38+00
806,Brian,Rivera,brian.rivera6750@outlook.com,+1-257-877-5001,San Diego,CA,92101,United States,Organic Search,2024-08-30 17:57:24+00
807,Nicole,Hernandez,nicole.hernandez1074@outlook.com,+1-317-545-3781,New York,NY,10001,United States,Meta Ads,2024-01-30 08:46:09+00
808,Ryan,Diaz,ryan.diaz9307@proton.me,+1-631-473-1334,Miami,FL,33101,United States,Meta Ads,2024-09-03 04:15:17+00
809,Timothy,Roberts,timothy.roberts5283@proton.me,+1-300-700-2639,San Antonio,TX,78201,United States,Google Ads,2025-01-25 20:17:04+00
810,Debra,Baker,debra.baker2731@proton.me,+1-506-572-8143,San Antonio,TX,78201,United States,Google Ads,2025-10-20 11:27:08+00
811,Elizabeth,Morgan,elizabeth.morgan3508@outlook.com,+1-471-248-5871,Minneapolis,MN,55401,United States,Google Ads,2024-06-24 18:49:11+00
812,Samantha,Lopez,samantha.lopez9474@gmail.com,+1-806-544-5478,Chicago,IL,60601,United States,Meta Ads,2025-02-16 19:44:38+00
813,Jacob,Diaz,jacob.diaz3437@outlook.com,+1-278-867-5945,Nashville,TN,37201,United States,Email Campaign,2024-12-02 14:02:10+00
814,Gregory,Cooper,gregory.cooper5134@yahoo.com,+1-624-611-5116,Charlotte,NC,28201,United States,Meta Ads,2025-06-05 22:47:25+00
815,Stephen,White,stephen.white305@proton.me,+1-391-790-9178,San Antonio,TX,78201,United States,Meta Ads,2025-10-02 06:45:29+00
816,Ruth,Reyes,ruth.reyes4390@proton.me,+1-829-987-8106,Minneapolis,MN,55401,United States,Email Campaign,2024-02-16 20:16:30+00
817,Eric,Sanchez,eric.sanchez5969@icloud.com,+1-351-446-3465,Austin,TX,73301,United States,Direct,2024-11-14 23:48:20+00
818,Kenneth,Rodriguez,kenneth.rodriguez3336@icloud.com,+1-473-493-3631,Dallas,TX,75201,United States,Meta Ads,2024-07-02 17:46:44+00
819,Rebecca,Walker,rebecca.walker1861@yahoo.com,+1-396-228-5023,Austin,TX,73301,United States,Google Ads,2025-03-11 03:53:40+00
820,Laura,Diaz,laura.diaz607@yahoo.com,+1-363-479-3235,New York,NY,10001,United States,Organic Search,2025-09-16 11:02:14+00
821,Emily,Peterson,emily.peterson2884@gmail.com,+1-939-697-1326,Los Angeles,CA,90001,United States,Direct,2024-03-06 12:33:36+00
822,Kenneth,Hill,kenneth.hill1042@icloud.com,+1-572-887-2479,Denver,CO,80201,United States,Affiliate,2025-07-16 20:42:31+00
823,Sarah,Walker,sarah.walker1834@proton.me,+1-952-712-2976,Nashville,TN,37201,United States,Meta Ads,2025-03-27 03:48:29+00
824,Helen,Allen,helen.allen8134@gmail.com,+1-443-814-3003,San Jose,CA,95101,United States,Google Ads,2025-03-30 04:37:48+00
825,Jack,Roberts,jack.roberts3866@icloud.com,+1-423-347-2750,Philadelphia,PA,19101,United States,Organic Search,2024-08-01 13:55:59+00
826,Jeffrey,Evans,jeffrey.evans4167@proton.me,+1-257-702-9740,Seattle,WA,98101,United States,Meta Ads,2024-03-29 01:45:07+00
827,Kenneth,Cooper,kenneth.cooper6944@icloud.com,+1-899-452-5550,Phoenix,AZ,85001,United States,Google Ads,2025-07-10 05:04:43+00
828,Deborah,Flores,deborah.flores346@proton.me,+1-235-957-1895,San Diego,CA,92101,United States,Organic Search,2024-10-26 03:08:43+00
829,Michelle,Campbell,michelle.campbell2000@proton.me,+1-442-653-7364,New York,NY,10001,United States,Direct,2024-11-01 13:35:43+00
830,Steven,Hill,steven.hill1479@yahoo.com,+1-504-415-3625,Atlanta,GA,30301,United States,Meta Ads,2025-11-14 10:27:27+00
831,Samuel,Evans,samuel.evans556@outlook.com,+1-282-998-9055,Miami,FL,33101,United States,Email Campaign,2025-10-15 16:25:24+00
832,Kevin,Diaz,kevin.diaz1645@yahoo.com,+1-915-467-9295,Chicago,IL,60601,United States,Google Ads,2025-04-13 00:15:16+00
833,Janet,Peterson,janet.peterson5354@icloud.com,+1-911-228-1853,Philadelphia,PA,19101,United States,Meta Ads,2025-09-06 17:40:07+00
834,Samuel,Moore,samuel.moore51@icloud.com,+1-404-843-6006,San Jose,CA,95101,United States,Meta Ads,2024-03-27 09:59:14+00
835,Christopher,Young,christopher.young8461@yahoo.com,+1-808-902-7722,San Jose,CA,95101,United States,Google Ads,2025-11-09 19:19:44+00
836,Jack,Moore,jack.moore4271@yahoo.com,+1-903-807-6367,Austin,TX,73301,United States,Organic Search,2024-11-18 06:46:24+00
837,Deborah,White,deborah.white6448@icloud.com,+1-784-429-1339,New York,NY,10001,United States,Affiliate,2025-05-17 22:56:34+00
838,Brandon,Robinson,brandon.robinson1458@icloud.com,+1-403-468-3764,Los Angeles,CA,90001,United States,Google Ads,2024-11-29 11:20:17+00
839,Scott,King,scott.king2446@gmail.com,+1-576-374-2922,New York,NY,10001,United States,Email Campaign,2024-12-04 07:56:48+00
840,Ryan,Murphy,ryan.murphy1942@yahoo.com,+1-930-408-4121,Dallas,TX,75201,United States,Google Ads,2025-01-19 03:57:43+00
841,Timothy,Taylor,timothy.taylor7067@yahoo.com,+1-814-420-5636,San Antonio,TX,78201,United States,Google Ads,2024-11-13 15:26:28+00
842,Charles,Brown,charles.brown4755@outlook.com,+1-441-832-8388,San Diego,CA,92101,United States,Google Ads,2025-06-15 19:39:46+00
843,Samuel,Collins,samuel.collins1405@gmail.com,+1-680-336-6296,Denver,CO,80201,United States,Meta Ads,2025-07-08 09:32:45+00
844,Stephanie,Diaz,stephanie.diaz9785@outlook.com,+1-274-297-1962,Los Angeles,CA,90001,United States,Google Ads,2024-07-01 17:45:42+00
845,Jacob,Rivera,jacob.rivera9935@proton.me,+1-926-966-1745,New York,NY,10001,United States,Organic Search,2025-04-26 15:15:36+00
846,Timothy,Hill,timothy.hill6467@outlook.com,+1-335-772-1673,Minneapolis,MN,55401,United States,Organic Search,2024-05-12 06:32:27+00
847,Nicholas,Murphy,nicholas.murphy5558@icloud.com,+1-335-291-6198,Nashville,TN,37201,United States,Google Ads,2024-07-21 14:19:11+00
848,Joseph,Green,joseph.green724@yahoo.com,+1-711-487-6907,Boston,MA,02101,United States,Google Ads,2025-11-12 11:16:44+00
849,Kimberly,King,kimberly.king8471@outlook.com,+1-646-368-6169,Miami,FL,33101,United States,Email Campaign,2024-04-27 19:46:45+00
850,Brenda,Cruz,brenda.cruz872@yahoo.com,+1-352-255-4766,Philadelphia,PA,19101,United States,Organic Search,2024-07-21 10:55:34+00
851,Christopher,Reyes,christopher.reyes7151@gmail.com,+1-706-241-8233,Seattle,WA,98101,United States,Referral,2025-03-11 23:05:09+00
852,Gary,Collins,gary.collins8078@gmail.com,+1-937-351-3025,Seattle,WA,98101,United States,Organic Search,2025-11-05 15:55:11+00
853,Andrew,White,andrew.white2758@proton.me,+1-479-776-4479,Minneapolis,MN,55401,United States,Referral,2024-01-04 12:54:32+00
854,Helen,White,helen.white6823@gmail.com,+1-452-986-9161,Houston,TX,77001,United States,Direct,2024-01-21 11:58:11+00
855,Andrew,Thomas,andrew.thomas6459@outlook.com,+1-804-308-6300,Phoenix,AZ,85001,United States,Organic Search,2024-12-23 19:22:05+00
856,Patrick,Morris,patrick.morris7440@outlook.com,+1-808-873-1095,San Jose,CA,95101,United States,Affiliate,2025-05-24 23:56:48+00
857,Samantha,Edwards,samantha.edwards5324@proton.me,+1-332-416-1797,Austin,TX,73301,United States,Google Ads,2024-02-13 11:14:52+00
858,Ruth,Martinez,ruth.martinez8965@proton.me,+1-590-294-7534,Dallas,TX,75201,United States,Organic Search,2025-08-22 02:11:52+00
859,Rebecca,Lopez,rebecca.lopez337@yahoo.com,+1-366-597-7592,Austin,TX,73301,United States,Meta Ads,2025-05-23 08:38:32+00
860,Karen,Thomas,karen.thomas4892@icloud.com,+1-642-953-6080,Charlotte,NC,28201,United States,Organic Search,2025-06-01 06:11:51+00
861,Richard,Mitchell,richard.mitchell8400@yahoo.com,+1-701-656-7358,Miami,FL,33101,United States,Organic Search,2025-04-11 15:09:45+00
862,Jason,Lopez,jason.lopez6923@outlook.com,+1-828-390-8112,Boston,MA,02101,United States,Organic Search,2025-02-03 01:22:42+00
863,Amanda,Reyes,amanda.reyes3674@yahoo.com,+1-707-739-9596,Chicago,IL,60601,United States,Google Ads,2024-12-06 00:53:52+00
864,William,Morris,william.morris4922@yahoo.com,+1-330-900-5921,San Diego,CA,92101,United States,Meta Ads,2024-08-17 20:10:36+00
865,Larry,Miller,larry.miller9028@gmail.com,+1-246-725-2763,Nashville,TN,37201,United States,Google Ads,2024-03-14 17:18:58+00
866,Kathleen,Allen,kathleen.allen5824@outlook.com,+1-799-283-9248,New York,NY,10001,United States,Organic Search,2025-05-29 04:42:49+00
867,Kathleen,Thompson,kathleen.thompson2986@icloud.com,+1-246-285-7819,Austin,TX,73301,United States,Google Ads,2025-07-16 18:06:11+00
868,Ryan,Edwards,ryan.edwards4343@outlook.com,+1-391-416-4032,Chicago,IL,60601,United States,Email Campaign,2025-04-14 12:21:42+00
869,Kimberly,Wilson,kimberly.wilson7108@proton.me,+1-218-205-7470,Houston,TX,77001,United States,Organic Search,2025-05-24 17:00:58+00
870,Amy,Collins,amy.collins6638@proton.me,+1-943-698-5961,Charlotte,NC,28201,United States,Email Campaign,2025-04-24 08:57:24+00
871,George,Gomez,george.gomez4959@gmail.com,+1-328-338-1227,San Antonio,TX,78201,United States,Organic Search,2024-01-13 16:07:20+00
872,Catherine,Harris,catherine.harris440@yahoo.com,+1-692-864-3378,San Diego,CA,92101,United States,Google Ads,2025-05-01 14:35:18+00
873,Jonathan,Harris,jonathan.harris1411@outlook.com,+1-988-674-3427,Miami,FL,33101,United States,Google Ads,2024-03-31 18:56:59+00
874,Nancy,Martin,nancy.martin7296@icloud.com,+1-682-220-8364,Minneapolis,MN,55401,United States,Organic Search,2024-08-17 08:03:20+00
875,Larry,Gomez,larry.gomez835@outlook.com,+1-208-305-8074,Boston,MA,02101,United States,Direct,2025-07-26 20:08:08+00
876,Justin,Peterson,justin.peterson4765@gmail.com,+1-699-609-8964,Nashville,TN,37201,United States,Meta Ads,2025-04-20 07:05:54+00
877,Alexander,Morales,alexander.morales3800@gmail.com,+1-740-219-7914,Minneapolis,MN,55401,United States,Google Ads,2024-02-19 15:55:22+00
878,Paul,Turner,paul.turner7756@gmail.com,+1-706-837-6681,Atlanta,GA,30301,United States,Meta Ads,2024-01-17 11:52:09+00
879,Christopher,Torres,christopher.torres3150@icloud.com,+1-552-648-4802,Nashville,TN,37201,United States,Organic Search,2025-06-16 08:50:32+00
880,Amanda,Reyes,amanda.reyes2149@outlook.com,+1-940-928-7395,Boston,MA,02101,United States,Direct,2025-06-07 03:37:45+00
881,Christine,Campbell,christine.campbell7739@yahoo.com,+1-836-412-5627,Chicago,IL,60601,United States,Meta Ads,2024-04-10 14:32:03+00
882,Daniel,Sanchez,daniel.sanchez2562@proton.me,+1-703-303-7815,Miami,FL,33101,United States,Google Ads,2024-06-12 00:06:46+00
883,Brenda,Miller,brenda.miller298@outlook.com,+1-467-565-3598,Philadelphia,PA,19101,United States,Direct,2025-11-26 01:53:44+00
884,Nicholas,Jones,nicholas.jones1044@outlook.com,+1-640-316-4714,Houston,TX,77001,United States,Meta Ads,2025-01-13 02:30:22+00
885,Kimberly,Baker,kimberly.baker5821@gmail.com,+1-988-770-5382,Phoenix,AZ,85001,United States,Direct,2025-11-09 22:52:04+00
886,Angela,Wilson,angela.wilson827@icloud.com,+1-668-973-2817,Houston,TX,77001,United States,Email Campaign,2025-04-18 20:48:31+00
887,Susan,Bailey,susan.bailey688@proton.me,+1-307-371-2934,San Antonio,TX,78201,United States,Direct,2024-05-02 07:17:55+00
888,Janet,Nguyen,janet.nguyen7234@proton.me,+1-710-950-2626,Phoenix,AZ,85001,United States,Meta Ads,2024-09-17 05:32:10+00
889,Sarah,Thomas,sarah.thomas3308@icloud.com,+1-625-987-1107,San Diego,CA,92101,United States,Direct,2025-01-03 05:43:28+00
890,Amanda,Torres,amanda.torres8275@yahoo.com,+1-287-472-7101,Boston,MA,02101,United States,Google Ads,2025-05-31 20:24:36+00
891,Ashley,Martin,ashley.martin8678@icloud.com,+1-433-341-8025,Boston,MA,02101,United States,Direct,2025-11-28 21:08:59+00
892,Ryan,Gutierrez,ryan.gutierrez5928@gmail.com,+1-653-349-1162,Nashville,TN,37201,United States,Affiliate,2024-03-07 04:22:49+00
893,Amanda,Green,amanda.green6581@yahoo.com,+1-644-262-7443,Los Angeles,CA,90001,United States,Meta Ads,2025-05-13 13:47:18+00
894,Karen,Davis,karen.davis8517@outlook.com,+1-629-611-5986,San Jose,CA,95101,United States,Direct,2024-01-07 11:18:29+00
895,Emily,Ortiz,emily.ortiz2407@icloud.com,+1-656-859-4360,Portland,OR,97201,United States,Meta Ads,2025-04-25 11:50:58+00
896,Christine,Cruz,christine.cruz5657@icloud.com,+1-994-402-5940,Chicago,IL,60601,United States,Organic Search,2024-09-17 03:24:00+00
897,Stephanie,Taylor,stephanie.taylor8528@proton.me,+1-490-418-2520,Nashville,TN,37201,United States,Meta Ads,2025-02-09 06:24:17+00
898,Amanda,Lee,amanda.lee384@gmail.com,+1-752-806-5238,San Diego,CA,92101,United States,Direct,2024-08-24 09:53:28+00
899,Raymond,Diaz,raymond.diaz8279@gmail.com,+1-949-261-7110,Dallas,TX,75201,United States,Meta Ads,2024-10-02 15:51:43+00
900,Jessica,Miller,jessica.miller2044@icloud.com,+1-505-786-1085,Atlanta,GA,30301,United States,Google Ads,2024-07-02 17:10:23+00
901,Ruth,Morgan,ruth.morgan9758@yahoo.com,+1-558-506-5661,Minneapolis,MN,55401,United States,Meta Ads,2025-07-09 04:28:02+00
902,Timothy,Gutierrez,timothy.gutierrez4058@gmail.com,+1-535-728-4154,Seattle,WA,98101,United States,Google Ads,2024-04-24 03:57:02+00
903,Carolyn,Diaz,carolyn.diaz6752@gmail.com,+1-294-263-7961,Phoenix,AZ,85001,United States,Google Ads,2024-12-12 21:06:05+00
904,Elizabeth,Mitchell,elizabeth.mitchell8623@icloud.com,+1-802-772-9502,Denver,CO,80201,United States,Direct,2025-03-30 04:12:42+00
905,Shirley,Diaz,shirley.diaz7211@icloud.com,+1-949-626-3668,Phoenix,AZ,85001,United States,Meta Ads,2025-01-11 20:39:48+00
906,Carolyn,Collins,carolyn.collins2120@proton.me,+1-741-320-4483,Atlanta,GA,30301,United States,Google Ads,2025-08-03 03:41:59+00
907,Christopher,Bailey,christopher.bailey6052@gmail.com,+1-816-618-2807,Houston,TX,77001,United States,Google Ads,2024-08-13 06:21:34+00
908,Jennifer,Gutierrez,jennifer.gutierrez2512@gmail.com,+1-580-512-7135,Austin,TX,73301,United States,Google Ads,2024-01-23 01:32:37+00
909,Charles,Jackson,charles.jackson9661@icloud.com,+1-249-512-5644,San Antonio,TX,78201,United States,Organic Search,2025-07-28 20:16:04+00
910,Gary,Smith,gary.smith2005@proton.me,+1-557-269-1732,Boston,MA,02101,United States,Google Ads,2024-08-28 21:15:41+00
911,Larry,Edwards,larry.edwards5535@icloud.com,+1-686-937-3175,Phoenix,AZ,85001,United States,Meta Ads,2024-12-24 08:28:22+00
912,Cynthia,Edwards,cynthia.edwards2441@outlook.com,+1-291-839-7711,Denver,CO,80201,United States,Organic Search,2024-11-03 10:44:12+00
913,Amanda,Cooper,amanda.cooper751@icloud.com,+1-953-484-2450,Philadelphia,PA,19101,United States,Email Campaign,2025-03-20 14:45:20+00
914,Benjamin,Flores,benjamin.flores9193@gmail.com,+1-859-772-2395,San Antonio,TX,78201,United States,Affiliate,2025-02-25 04:31:26+00
915,Pamela,Miller,pamela.miller9343@proton.me,+1-393-968-8796,Nashville,TN,37201,United States,Direct,2024-04-03 18:14:27+00
916,Gregory,Morgan,gregory.morgan2945@gmail.com,+1-481-410-5018,Minneapolis,MN,55401,United States,Google Ads,2025-09-19 02:05:53+00
917,Jonathan,Adams,jonathan.adams6584@proton.me,+1-246-703-1381,San Jose,CA,95101,United States,Google Ads,2024-11-18 14:58:32+00
918,Patricia,Ortiz,patricia.ortiz5200@icloud.com,+1-463-293-2878,Houston,TX,77001,United States,Meta Ads,2024-08-09 23:20:30+00
919,Charles,White,charles.white4188@gmail.com,+1-357-514-7672,Philadelphia,PA,19101,United States,Organic Search,2024-09-09 23:51:29+00
920,Lisa,Brown,lisa.brown959@outlook.com,+1-599-301-6243,Phoenix,AZ,85001,United States,Google Ads,2024-09-09 03:51:27+00
921,Kimberly,Carter,kimberly.carter1982@gmail.com,+1-407-445-4874,Miami,FL,33101,United States,Meta Ads,2025-01-27 03:05:37+00
922,Stephanie,Anderson,stephanie.anderson4413@gmail.com,+1-525-675-7669,Chicago,IL,60601,United States,Google Ads,2024-11-12 20:14:05+00
923,Katherine,Robinson,katherine.robinson306@outlook.com,+1-767-800-2663,San Diego,CA,92101,United States,Email Campaign,2025-05-21 09:47:21+00
924,Thomas,Hill,thomas.hill9311@icloud.com,+1-656-285-9199,San Antonio,TX,78201,United States,Email Campaign,2024-04-20 21:54:49+00
925,Deborah,Cooper,deborah.cooper2756@yahoo.com,+1-750-633-8401,Los Angeles,CA,90001,United States,Organic Search,2024-12-27 05:44:31+00
926,Samantha,Nguyen,samantha.nguyen2743@gmail.com,+1-261-693-5477,Charlotte,NC,28201,United States,Organic Search,2025-06-12 12:04:39+00
927,Timothy,Hall,timothy.hall3486@proton.me,+1-722-488-1745,Philadelphia,PA,19101,United States,Email Campaign,2025-03-13 16:36:05+00
928,David,Hill,david.hill1470@icloud.com,+1-915-325-3288,Portland,OR,97201,United States,Referral,2025-11-13 12:18:45+00
929,Laura,Clark,laura.clark8271@outlook.com,+1-898-550-5282,Atlanta,GA,30301,United States,Organic Search,2025-05-29 17:44:18+00
930,Carol,Baker,carol.baker3451@icloud.com,+1-813-536-1260,Phoenix,AZ,85001,United States,Meta Ads,2024-01-02 22:10:06+00
931,Emma,Stewart,emma.stewart71@gmail.com,+1-888-377-7769,Portland,OR,97201,United States,Direct,2025-06-30 14:27:22+00
932,Gary,Gomez,gary.gomez8817@gmail.com,+1-864-866-2270,Portland,OR,97201,United States,Organic Search,2025-10-08 15:10:02+00
933,Debra,Cruz,debra.cruz2023@outlook.com,+1-585-815-6864,Denver,CO,80201,United States,Organic Search,2025-08-19 19:55:15+00
934,Catherine,Johnson,catherine.johnson2045@icloud.com,+1-579-397-8283,New York,NY,10001,United States,Organic Search,2024-01-16 16:45:25+00
935,Emily,Rivera,emily.rivera3138@gmail.com,+1-828-840-5967,San Diego,CA,92101,United States,Organic Search,2025-01-18 21:15:38+00
936,George,Jones,george.jones4600@icloud.com,+1-920-923-4425,New York,NY,10001,United States,Organic Search,2025-09-30 02:51:03+00
937,Katherine,Gomez,katherine.gomez1818@outlook.com,+1-782-712-9093,Philadelphia,PA,19101,United States,Meta Ads,2025-05-27 20:16:46+00
938,Jack,Thompson,jack.thompson1071@proton.me,+1-331-963-2065,Phoenix,AZ,85001,United States,Organic Search,2025-03-18 23:46:02+00
939,Sandra,Gutierrez,sandra.gutierrez4495@yahoo.com,+1-894-223-9731,Charlotte,NC,28201,United States,Organic Search,2025-03-11 09:19:06+00
940,Ryan,Smith,ryan.smith6998@gmail.com,+1-530-642-7666,Dallas,TX,75201,United States,Organic Search,2025-02-06 21:43:26+00
941,Kathleen,Murphy,kathleen.murphy5923@proton.me,+1-977-244-4678,Los Angeles,CA,90001,United States,Organic Search,2024-11-22 14:31:28+00
942,Jonathan,Edwards,jonathan.edwards5182@gmail.com,+1-601-399-6483,Chicago,IL,60601,United States,Direct,2025-09-19 16:06:51+00
943,Patricia,Lewis,patricia.lewis6944@gmail.com,+1-455-401-3694,San Jose,CA,95101,United States,Google Ads,2025-05-01 13:23:12+00
944,Benjamin,Gonzalez,benjamin.gonzalez457@icloud.com,+1-642-224-6477,Dallas,TX,75201,United States,Organic Search,2025-01-03 04:06:22+00
945,Donald,Baker,donald.baker892@outlook.com,+1-732-442-2194,Charlotte,NC,28201,United States,Meta Ads,2025-08-16 19:49:47+00
946,Richard,Edwards,richard.edwards9486@gmail.com,+1-287-262-1546,Denver,CO,80201,United States,Google Ads,2025-10-20 18:07:36+00
947,Frank,Rodriguez,frank.rodriguez2090@gmail.com,+1-652-256-5939,Charlotte,NC,28201,United States,Meta Ads,2024-02-21 10:25:09+00
948,Susan,Davis,susan.davis9163@gmail.com,+1-501-590-7581,Houston,TX,77001,United States,Meta Ads,2024-11-15 15:36:31+00
949,Sandra,Johnson,sandra.johnson7429@icloud.com,+1-675-638-2659,San Jose,CA,95101,United States,Meta Ads,2025-06-09 05:22:46+00
950,Patricia,Collins,patricia.collins8475@outlook.com,+1-801-397-2769,Houston,TX,77001,United States,Organic Search,2025-07-08 08:51:52+00
951,David,Harris,david.harris9392@yahoo.com,+1-852-721-5198,Seattle,WA,98101,United States,Google Ads,2025-07-17 03:57:08+00
952,Samantha,Cruz,samantha.cruz3047@yahoo.com,+1-340-245-1991,Phoenix,AZ,85001,United States,Google Ads,2024-12-04 20:47:52+00
953,Angela,Rivera,angela.rivera5099@proton.me,+1-754-994-3385,Phoenix,AZ,85001,United States,Google Ads,2025-04-13 22:52:36+00
954,Amanda,Nguyen,amanda.nguyen6043@gmail.com,+1-730-800-3369,Los Angeles,CA,90001,United States,Organic Search,2025-09-28 14:41:33+00
955,Brenda,Miller,brenda.miller6916@outlook.com,+1-400-405-4297,Chicago,IL,60601,United States,Google Ads,2025-06-03 01:48:55+00
956,Jacob,Reyes,jacob.reyes9827@outlook.com,+1-792-779-6499,Charlotte,NC,28201,United States,Google Ads,2024-09-12 13:54:11+00
957,Christopher,Wilson,christopher.wilson7444@gmail.com,+1-707-424-1060,San Diego,CA,92101,United States,Meta Ads,2024-12-28 16:52:31+00
958,Samantha,Ramirez,samantha.ramirez3917@icloud.com,+1-952-986-6431,Denver,CO,80201,United States,Organic Search,2024-05-23 10:33:59+00
959,James,Campbell,james.campbell163@gmail.com,+1-566-230-2887,Phoenix,AZ,85001,United States,Google Ads,2024-05-31 07:56:34+00
960,Benjamin,Campbell,benjamin.campbell720@gmail.com,+1-403-402-5654,Philadelphia,PA,19101,United States,Organic Search,2024-07-22 20:00:45+00
961,Raymond,Thompson,raymond.thompson5568@proton.me,+1-451-382-4211,New York,NY,10001,United States,Organic Search,2024-07-22 16:05:35+00
962,Richard,Williams,richard.williams2249@icloud.com,+1-870-313-6544,San Antonio,TX,78201,United States,Google Ads,2024-07-05 20:43:09+00
963,Deborah,Mitchell,deborah.mitchell2808@proton.me,+1-838-644-2071,Houston,TX,77001,United States,Organic Search,2024-04-11 22:11:22+00
964,Matthew,Harris,matthew.harris8726@icloud.com,+1-911-583-6209,Charlotte,NC,28201,United States,Google Ads,2025-05-09 10:33:50+00
965,Ashley,Garcia,ashley.garcia9623@yahoo.com,+1-748-501-3434,San Jose,CA,95101,United States,Organic Search,2025-05-04 05:58:07+00
966,Emily,Taylor,emily.taylor8328@proton.me,+1-700-414-2333,Miami,FL,33101,United States,Email Campaign,2025-04-22 22:18:51+00
967,David,Perez,david.perez8334@icloud.com,+1-969-860-9342,Seattle,WA,98101,United States,Google Ads,2024-12-26 22:34:09+00
968,Daniel,Adams,daniel.adams6126@proton.me,+1-911-694-9106,Miami,FL,33101,United States,Organic Search,2024-11-07 18:10:35+00
969,Katherine,Jones,katherine.jones3395@yahoo.com,+1-407-662-4840,Denver,CO,80201,United States,Organic Search,2024-11-26 11:00:00+00
970,Timothy,Lee,timothy.lee6130@outlook.com,+1-763-286-3200,Chicago,IL,60601,United States,Google Ads,2025-02-07 07:31:09+00
971,Melissa,Robinson,melissa.robinson9568@gmail.com,+1-676-724-6511,Boston,MA,02101,United States,Google Ads,2024-12-02 06:29:23+00
972,Edward,Mitchell,edward.mitchell8152@outlook.com,+1-479-591-1404,Philadelphia,PA,19101,United States,Google Ads,2024-07-25 15:36:23+00
973,Samuel,Martinez,samuel.martinez5884@gmail.com,+1-501-713-9401,Portland,OR,97201,United States,Meta Ads,2025-09-02 17:44:24+00
974,Emily,Robinson,emily.robinson1613@gmail.com,+1-273-568-1627,Portland,OR,97201,United States,Organic Search,2024-06-02 01:45:11+00
975,Alexander,Nelson,alexander.nelson4097@outlook.com,+1-963-986-5496,San Antonio,TX,78201,United States,Email Campaign,2024-04-17 09:59:31+00
976,Carolyn,Cooper,carolyn.cooper4279@gmail.com,+1-988-506-5617,Seattle,WA,98101,United States,Email Campaign,2024-11-09 23:35:06+00
977,Rebecca,Johnson,rebecca.johnson7734@proton.me,+1-979-352-7512,San Diego,CA,92101,United States,Organic Search,2025-08-05 04:55:38+00
978,Anthony,Stewart,anthony.stewart3830@proton.me,+1-801-765-8679,Atlanta,GA,30301,United States,Google Ads,2024-03-08 00:50:31+00
979,Kenneth,Harris,kenneth.harris7026@icloud.com,+1-414-649-8372,Portland,OR,97201,United States,Organic Search,2024-04-18 06:13:11+00
980,Pamela,Taylor,pamela.taylor5007@gmail.com,+1-711-874-6810,San Jose,CA,95101,United States,Organic Search,2024-11-26 23:59:01+00
981,Rachel,Phillips,rachel.phillips8809@outlook.com,+1-533-801-1380,Minneapolis,MN,55401,United States,Email Campaign,2024-04-18 09:39:34+00
982,Karen,Nelson,karen.nelson9310@proton.me,+1-822-787-7404,Denver,CO,80201,United States,Organic Search,2024-10-30 17:59:08+00
983,David,Morgan,david.morgan6332@yahoo.com,+1-686-311-6387,Minneapolis,MN,55401,United States,Affiliate,2025-05-11 15:53:05+00
984,Joshua,Lopez,joshua.lopez2809@gmail.com,+1-891-766-3910,Los Angeles,CA,90001,United States,Direct,2025-04-13 23:31:06+00
985,Gary,Brown,gary.brown3059@yahoo.com,+1-271-595-5650,San Antonio,TX,78201,United States,Organic Search,2025-05-27 15:16:26+00
986,Helen,Rodriguez,helen.rodriguez7450@gmail.com,+1-577-730-1180,Philadelphia,PA,19101,United States,Google Ads,2024-11-15 11:00:30+00
987,Ronald,Lee,ronald.lee1815@yahoo.com,+1-749-628-8835,Chicago,IL,60601,United States,Google Ads,2025-11-03 17:48:29+00
988,Anthony,Taylor,anthony.taylor3370@outlook.com,+1-642-926-8778,Philadelphia,PA,19101,United States,Meta Ads,2024-08-29 08:40:02+00
989,Nicole,Sanchez,nicole.sanchez8233@icloud.com,+1-482-406-1121,Phoenix,AZ,85001,United States,Google Ads,2025-10-02 19:20:03+00
990,Rebecca,Young,rebecca.young8616@outlook.com,+1-782-702-8539,Atlanta,GA,30301,United States,Meta Ads,2025-07-27 00:05:42+00
991,Barbara,Torres,barbara.torres7477@outlook.com,+1-917-928-5873,Denver,CO,80201,United States,Meta Ads,2025-09-21 11:12:37+00
992,Daniel,Turner,daniel.turner4082@yahoo.com,+1-832-950-8079,Atlanta,GA,30301,United States,Google Ads,2025-05-27 06:08:32+00
993,Lisa,Gonzalez,lisa.gonzalez6448@gmail.com,+1-445-361-5485,Portland,OR,97201,United States,Google Ads,2024-02-22 04:11:44+00
994,Catherine,Ramirez,catherine.ramirez8086@icloud.com,+1-980-766-2986,Seattle,WA,98101,United States,Organic Search,2024-03-23 01:31:40+00
995,Nicholas,Adams,nicholas.adams6720@icloud.com,+1-368-458-4397,Nashville,TN,37201,United States,Organic Search,2024-01-22 02:03:26+00
996,Elizabeth,Reyes,elizabeth.reyes6245@outlook.com,+1-963-608-4185,Denver,CO,80201,United States,Organic Search,2024-07-13 23:37:46+00
997,Joseph,Moore,joseph.moore5360@icloud.com,+1-696-672-2117,Chicago,IL,60601,United States,Meta Ads,2024-07-07 12:40:48+00
998,Carolyn,Cruz,carolyn.cruz2298@icloud.com,+1-485-365-3794,New York,NY,10001,United States,Meta Ads,2024-05-17 23:55:47+00
999,Donna,Thomas,donna.thomas8760@icloud.com,+1-372-279-1183,Dallas,TX,75201,United States,Organic Search,2024-10-05 11:13:31+00
1000,Daniel,Ramirez,daniel.ramirez565@proton.me,+1-421-652-1782,Nashville,TN,37201,United States,Meta Ads,2025-07-10 18:51:30+00
1001,Gregory,Wilson,gregory.wilson6400@outlook.com,+1-654-253-1076,Los Angeles,CA,90001,United States,Email Campaign,2025-08-19 04:02:45+00
1002,Betty,Young,betty.young6139@yahoo.com,+1-404-293-1262,Boston,MA,02101,United States,Organic Search,2024-01-12 15:25:02+00
1003,Amanda,Harris,amanda.harris1036@yahoo.com,+1-298-880-3750,Philadelphia,PA,19101,United States,Organic Search,2025-02-02 09:41:39+00
1004,Susan,Adams,susan.adams5287@proton.me,+1-841-394-4393,Portland,OR,97201,United States,Google Ads,2024-11-28 16:16:00+00
1005,Jessica,Robinson,jessica.robinson3503@gmail.com,+1-565-531-3844,New York,NY,10001,United States,Google Ads,2024-09-02 23:08:42+00
1006,Mary,Roberts,mary.roberts3486@icloud.com,+1-425-267-5562,Charlotte,NC,28201,United States,Google Ads,2024-02-22 15:08:44+00
1007,Margaret,Evans,margaret.evans4941@proton.me,+1-711-304-9784,Minneapolis,MN,55401,United States,Organic Search,2024-03-14 22:10:00+00
1008,Scott,Adams,scott.adams6367@yahoo.com,+1-540-379-6209,Miami,FL,33101,United States,Organic Search,2024-01-15 00:59:50+00
1009,Emma,Edwards,emma.edwards6265@proton.me,+1-855-959-4808,Nashville,TN,37201,United States,Meta Ads,2024-01-11 15:46:29+00
1010,Sandra,Williams,sandra.williams2033@outlook.com,+1-442-955-8020,San Diego,CA,92101,United States,Meta Ads,2024-02-16 21:02:45+00
1011,Sarah,Mitchell,sarah.mitchell8172@outlook.com,+1-406-355-7156,San Antonio,TX,78201,United States,Meta Ads,2024-07-04 05:50:02+00
1012,Raymond,Cruz,raymond.cruz5386@yahoo.com,+1-484-525-1648,Nashville,TN,37201,United States,Email Campaign,2024-11-18 14:10:24+00
1013,Samuel,Torres,samuel.torres389@yahoo.com,+1-950-539-6615,San Diego,CA,92101,United States,Organic Search,2024-02-12 08:00:43+00
1014,Debra,Young,debra.young3645@proton.me,+1-590-733-6269,Philadelphia,PA,19101,United States,Google Ads,2024-01-06 00:38:36+00
1015,David,Morales,david.morales1147@yahoo.com,+1-253-849-3318,San Antonio,TX,78201,United States,Organic Search,2024-05-15 05:33:07+00
1016,Nicole,Peterson,nicole.peterson3349@yahoo.com,+1-719-280-7983,Atlanta,GA,30301,United States,Google Ads,2025-07-14 20:58:26+00
1017,Betty,Young,betty.young6948@yahoo.com,+1-820-454-5966,Austin,TX,73301,United States,Meta Ads,2025-05-09 00:30:47+00
1018,Betty,Wright,betty.wright7884@gmail.com,+1-568-607-7188,Philadelphia,PA,19101,United States,Google Ads,2024-11-24 15:38:52+00
1019,Nicholas,Parker,nicholas.parker2554@icloud.com,+1-220-980-7249,Boston,MA,02101,United States,Direct,2025-08-12 18:08:39+00
1020,Joshua,Morgan,joshua.morgan2504@proton.me,+1-944-379-5215,Denver,CO,80201,United States,Google Ads,2024-12-18 15:46:29+00
1021,Andrew,Carter,andrew.carter9211@proton.me,+1-692-273-6459,Phoenix,AZ,85001,United States,Email Campaign,2024-06-01 08:24:21+00
1022,Karen,Harris,karen.harris69@gmail.com,+1-712-947-7131,Miami,FL,33101,United States,Google Ads,2024-11-19 07:26:58+00
1023,Ronald,Mitchell,ronald.mitchell6293@icloud.com,+1-515-856-2167,Boston,MA,02101,United States,Direct,2024-04-07 00:25:44+00
1024,Stephanie,Lee,stephanie.lee3183@icloud.com,+1-461-989-6711,Nashville,TN,37201,United States,Email Campaign,2025-05-08 12:52:49+00
1025,Frank,Mitchell,frank.mitchell946@icloud.com,+1-634-953-5043,San Diego,CA,92101,United States,Google Ads,2025-09-23 21:46:29+00
1026,George,Brown,george.brown2423@outlook.com,+1-819-666-3414,Dallas,TX,75201,United States,Organic Search,2025-03-25 13:04:20+00
1027,Gregory,Lee,gregory.lee203@gmail.com,+1-989-294-7297,Denver,CO,80201,United States,Email Campaign,2025-12-01 03:46:34+00
1028,William,Gutierrez,william.gutierrez3094@icloud.com,+1-369-637-5143,Austin,TX,73301,United States,Meta Ads,2025-02-18 11:35:34+00
1029,Gregory,Carter,gregory.carter9603@outlook.com,+1-951-621-2456,Houston,TX,77001,United States,Meta Ads,2025-08-26 14:34:18+00
1030,Brian,Jackson,brian.jackson4408@yahoo.com,+1-966-607-6047,New York,NY,10001,United States,Referral,2025-09-26 10:36:03+00
1031,Gary,Smith,gary.smith1588@gmail.com,+1-992-913-7845,Nashville,TN,37201,United States,Google Ads,2024-08-12 07:03:07+00
1032,Janet,Parker,janet.parker2796@yahoo.com,+1-583-390-3200,San Antonio,TX,78201,United States,Google Ads,2025-01-25 17:23:57+00
1033,Joseph,Edwards,joseph.edwards9292@yahoo.com,+1-390-405-1966,Philadelphia,PA,19101,United States,Email Campaign,2024-05-29 08:59:33+00
1034,Kimberly,Evans,kimberly.evans7221@proton.me,+1-311-851-3721,Chicago,IL,60601,United States,Google Ads,2024-10-20 17:22:13+00
1035,Jessica,Scott,jessica.scott1053@outlook.com,+1-230-799-4846,Miami,FL,33101,United States,Google Ads,2025-08-14 01:22:25+00
1036,Richard,Johnson,richard.johnson1001@outlook.com,+1-969-207-1685,Houston,TX,77001,United States,Organic Search,2025-09-07 07:58:15+00
1037,James,Carter,james.carter9880@proton.me,+1-979-472-8961,Miami,FL,33101,United States,Email Campaign,2025-04-14 18:18:08+00
1038,Jason,Baker,jason.baker6075@outlook.com,+1-522-445-6918,Denver,CO,80201,United States,Google Ads,2024-02-14 19:03:34+00
1039,Melissa,Nelson,melissa.nelson1642@gmail.com,+1-667-915-7583,Phoenix,AZ,85001,United States,Organic Search,2024-04-05 18:55:12+00
1040,Helen,Scott,helen.scott4073@outlook.com,+1-662-833-8785,Nashville,TN,37201,United States,Google Ads,2024-05-26 07:21:40+00
1041,James,Adams,james.adams273@outlook.com,+1-246-953-6333,Atlanta,GA,30301,United States,Organic Search,2025-01-11 16:24:30+00
1042,Rebecca,Hernandez,rebecca.hernandez5708@icloud.com,+1-687-874-2645,Denver,CO,80201,United States,Google Ads,2024-05-31 20:29:52+00
1043,Carolyn,Jackson,carolyn.jackson8521@proton.me,+1-933-716-1520,Phoenix,AZ,85001,United States,Google Ads,2024-03-08 23:28:23+00
1044,Joshua,Peterson,joshua.peterson7649@yahoo.com,+1-656-318-8899,Portland,OR,97201,United States,Organic Search,2024-06-13 17:16:15+00
1045,Nancy,Lopez,nancy.lopez1729@icloud.com,+1-932-229-3625,San Jose,CA,95101,United States,Direct,2025-08-18 13:01:54+00
1046,Emily,Lewis,emily.lewis4221@icloud.com,+1-886-326-3224,Portland,OR,97201,United States,Meta Ads,2025-01-17 10:46:35+00
1047,Barbara,Nelson,barbara.nelson3667@proton.me,+1-984-815-2059,San Jose,CA,95101,United States,Google Ads,2025-07-11 14:06:06+00
1048,Ruth,Carter,ruth.carter9207@icloud.com,+1-438-428-5244,Houston,TX,77001,United States,Google Ads,2024-03-27 20:19:14+00
1049,Barbara,Baker,barbara.baker9703@yahoo.com,+1-962-318-7025,Phoenix,AZ,85001,United States,Direct,2024-10-22 15:21:01+00
1050,Pamela,Smith,pamela.smith5093@gmail.com,+1-804-748-4110,Denver,CO,80201,United States,Referral,2024-09-05 14:34:37+00
1051,George,Taylor,george.taylor8516@proton.me,+1-804-427-2746,Denver,CO,80201,United States,Organic Search,2025-10-24 09:10:47+00
1052,Ryan,Green,ryan.green2371@outlook.com,+1-424-711-8467,Phoenix,AZ,85001,United States,Meta Ads,2024-04-23 15:13:36+00
1053,Ruth,Jones,ruth.jones9813@outlook.com,+1-516-714-3022,Dallas,TX,75201,United States,Referral,2025-07-03 02:31:46+00
1054,Pamela,Morris,pamela.morris3535@icloud.com,+1-498-921-7171,Los Angeles,CA,90001,United States,Referral,2024-09-16 02:15:52+00
1055,Karen,Clark,karen.clark3688@gmail.com,+1-994-383-8987,Denver,CO,80201,United States,Google Ads,2025-09-25 08:55:40+00
1056,Gregory,Lee,gregory.lee354@proton.me,+1-601-545-7921,Miami,FL,33101,United States,Referral,2025-08-11 20:48:58+00
1057,Ronald,Gomez,ronald.gomez1177@proton.me,+1-944-489-5626,San Antonio,TX,78201,United States,Email Campaign,2025-03-01 23:38:50+00
1058,Ronald,Gonzalez,ronald.gonzalez2145@outlook.com,+1-970-794-1886,Austin,TX,73301,United States,Google Ads,2024-05-07 11:29:09+00
1059,Pamela,Moore,pamela.moore7240@icloud.com,+1-498-348-4436,San Antonio,TX,78201,United States,Email Campaign,2024-06-01 07:16:29+00
1060,Jack,Johnson,jack.johnson5935@proton.me,+1-304-894-3418,Denver,CO,80201,United States,Affiliate,2024-11-28 01:55:38+00
1061,Alexander,Perez,alexander.perez923@gmail.com,+1-564-685-3943,Los Angeles,CA,90001,United States,Organic Search,2025-02-04 16:24:29+00
1062,Christine,Baker,christine.baker9723@icloud.com,+1-352-842-7619,San Diego,CA,92101,United States,Organic Search,2024-07-06 09:52:13+00
1063,Ronald,Morales,ronald.morales4960@proton.me,+1-376-868-7150,Chicago,IL,60601,United States,Email Campaign,2025-11-03 02:49:33+00
1064,Christine,Carter,christine.carter4510@icloud.com,+1-576-211-2966,Houston,TX,77001,United States,Organic Search,2025-01-15 07:41:33+00
1065,Samuel,Rogers,samuel.rogers3686@gmail.com,+1-800-786-8856,Dallas,TX,75201,United States,Meta Ads,2024-03-14 18:36:00+00
1066,Nicole,White,nicole.white6291@icloud.com,+1-860-919-8105,Austin,TX,73301,United States,Meta Ads,2024-03-18 13:43:09+00
1067,Carol,Rodriguez,carol.rodriguez8807@yahoo.com,+1-615-917-1323,Denver,CO,80201,United States,Meta Ads,2025-02-20 23:32:01+00
1068,Helen,Morales,helen.morales1048@proton.me,+1-798-751-3033,San Antonio,TX,78201,United States,Affiliate,2025-11-28 12:31:10+00
1069,Jessica,White,jessica.white9816@yahoo.com,+1-205-768-8327,San Jose,CA,95101,United States,Organic Search,2024-04-10 09:18:14+00
1070,Pamela,Clark,pamela.clark2642@gmail.com,+1-775-462-1573,Chicago,IL,60601,United States,Referral,2025-01-28 11:17:18+00
1071,Joshua,Campbell,joshua.campbell8920@yahoo.com,+1-633-873-1001,San Diego,CA,92101,United States,Google Ads,2025-02-07 19:07:14+00
1072,Donna,Morgan,donna.morgan7290@yahoo.com,+1-790-702-6127,Nashville,TN,37201,United States,Direct,2024-09-30 19:56:20+00
1073,Emma,Morgan,emma.morgan8366@yahoo.com,+1-904-301-1732,San Diego,CA,92101,United States,Organic Search,2024-04-20 08:52:13+00
1074,Joshua,Ramirez,joshua.ramirez2199@proton.me,+1-765-421-6882,Dallas,TX,75201,United States,Organic Search,2025-04-28 16:45:01+00
1075,Jason,Martinez,jason.martinez9009@outlook.com,+1-466-590-3675,Denver,CO,80201,United States,Google Ads,2024-07-16 18:14:50+00
1076,Alexander,Diaz,alexander.diaz2347@proton.me,+1-408-272-5413,San Antonio,TX,78201,United States,Email Campaign,2025-03-14 03:03:04+00
1077,Gregory,Rogers,gregory.rogers9912@yahoo.com,+1-629-357-6183,Boston,MA,02101,United States,Google Ads,2025-04-14 04:03:16+00
1078,Ashley,Martinez,ashley.martinez4426@gmail.com,+1-744-312-9984,Boston,MA,02101,United States,Organic Search,2025-05-12 13:46:24+00
1079,Barbara,Campbell,barbara.campbell5465@outlook.com,+1-349-431-5483,New York,NY,10001,United States,Organic Search,2024-06-21 22:35:05+00
1080,Timothy,Wilson,timothy.wilson2024@yahoo.com,+1-739-945-6022,Minneapolis,MN,55401,United States,Direct,2025-01-15 15:09:08+00
1081,Richard,Ortiz,richard.ortiz5717@proton.me,+1-488-764-5440,Charlotte,NC,28201,United States,Organic Search,2024-02-07 14:06:01+00
1082,Nancy,Green,nancy.green6383@yahoo.com,+1-553-959-9711,Portland,OR,97201,United States,Meta Ads,2025-10-22 06:15:05+00
1083,Rebecca,Morris,rebecca.morris9705@yahoo.com,+1-465-209-9414,Phoenix,AZ,85001,United States,Meta Ads,2024-04-21 03:33:51+00
1084,Timothy,Wright,timothy.wright867@outlook.com,+1-924-996-5081,Charlotte,NC,28201,United States,Google Ads,2024-12-21 21:45:38+00
1085,Lisa,Cruz,lisa.cruz5800@icloud.com,+1-714-493-5519,Boston,MA,02101,United States,Meta Ads,2025-07-12 09:11:31+00
1086,Sandra,Flores,sandra.flores1425@outlook.com,+1-616-989-6123,Chicago,IL,60601,United States,Meta Ads,2024-02-29 21:39:54+00
1087,Janet,Walker,janet.walker1535@yahoo.com,+1-789-258-2385,Austin,TX,73301,United States,Meta Ads,2025-01-18 03:23:59+00
1088,Mary,Diaz,mary.diaz8335@yahoo.com,+1-691-709-9437,Portland,OR,97201,United States,Meta Ads,2024-11-11 06:32:08+00
1089,Mary,Harris,mary.harris120@icloud.com,+1-919-747-6653,San Diego,CA,92101,United States,Referral,2025-05-28 21:10:43+00
1090,Helen,Garcia,helen.garcia9952@icloud.com,+1-372-890-9577,San Diego,CA,92101,United States,Organic Search,2024-10-12 10:19:31+00
1091,Sarah,Rogers,sarah.rogers5789@gmail.com,+1-632-707-7211,Philadelphia,PA,19101,United States,Google Ads,2024-03-29 06:49:32+00
1092,Amanda,Young,amanda.young8833@gmail.com,+1-497-506-8915,Austin,TX,73301,United States,Organic Search,2024-01-03 01:39:01+00
1093,Jack,Gomez,jack.gomez3563@outlook.com,+1-858-727-1580,Atlanta,GA,30301,United States,Direct,2025-10-21 06:25:24+00
1094,Gary,Davis,gary.davis5829@gmail.com,+1-830-671-6382,Austin,TX,73301,United States,Google Ads,2024-01-05 08:05:06+00
1095,Brian,White,brian.white6588@outlook.com,+1-209-303-8058,Miami,FL,33101,United States,Organic Search,2025-02-15 07:04:29+00
1096,Angela,Martin,angela.martin6730@gmail.com,+1-699-207-3549,Dallas,TX,75201,United States,Organic Search,2024-11-03 10:01:21+00
1097,Deborah,Hill,deborah.hill5972@icloud.com,+1-386-749-5415,Houston,TX,77001,United States,Referral,2025-05-25 01:56:21+00
1098,Jeffrey,Lee,jeffrey.lee2292@outlook.com,+1-965-644-1095,Seattle,WA,98101,United States,Direct,2025-07-05 04:48:30+00
1099,Betty,Anderson,betty.anderson3106@outlook.com,+1-241-336-7464,Boston,MA,02101,United States,Email Campaign,2025-12-01 03:48:59+00
1100,John,Lee,john.lee3261@icloud.com,+1-881-472-2946,Boston,MA,02101,United States,Google Ads,2025-01-20 06:02:58+00
1101,Rachel,Taylor,rachel.taylor5323@icloud.com,+1-713-943-7370,Phoenix,AZ,85001,United States,Organic Search,2024-03-25 03:01:16+00
1102,Robert,Taylor,robert.taylor2549@outlook.com,+1-712-213-4874,Los Angeles,CA,90001,United States,Meta Ads,2024-09-23 01:58:13+00
1103,Jason,Johnson,jason.johnson7117@icloud.com,+1-496-488-8961,Chicago,IL,60601,United States,Email Campaign,2024-07-11 18:20:39+00
1104,Samantha,Martin,samantha.martin8377@yahoo.com,+1-455-487-2884,Dallas,TX,75201,United States,Referral,2024-07-11 11:01:10+00
1105,Debra,Diaz,debra.diaz3251@icloud.com,+1-923-305-9230,Charlotte,NC,28201,United States,Organic Search,2025-10-26 07:58:03+00
1106,Nicole,Martin,nicole.martin3759@gmail.com,+1-335-610-1628,Dallas,TX,75201,United States,Referral,2024-04-23 21:32:08+00
1107,Jason,Williams,jason.williams3271@gmail.com,+1-252-589-7673,Nashville,TN,37201,United States,Google Ads,2025-05-07 05:45:12+00
1108,Sandra,Lewis,sandra.lewis5508@icloud.com,+1-690-262-9353,Boston,MA,02101,United States,Meta Ads,2024-08-24 16:22:35+00
1109,Joseph,Wright,joseph.wright5957@outlook.com,+1-559-928-7849,San Diego,CA,92101,United States,Google Ads,2024-02-07 06:30:55+00
1110,Lisa,Garcia,lisa.garcia9@gmail.com,+1-876-962-6269,San Antonio,TX,78201,United States,Google Ads,2024-08-05 22:32:55+00
1111,Emma,Gonzalez,emma.gonzalez7060@yahoo.com,+1-458-703-6956,San Jose,CA,95101,United States,Google Ads,2024-03-16 14:06:31+00
1112,Debra,Johnson,debra.johnson9041@yahoo.com,+1-539-569-6920,Minneapolis,MN,55401,United States,Meta Ads,2024-10-15 22:58:56+00
1113,Donald,Scott,donald.scott3442@proton.me,+1-593-289-2742,Phoenix,AZ,85001,United States,Meta Ads,2025-04-12 19:01:11+00
1114,Jessica,Garcia,jessica.garcia9611@yahoo.com,+1-397-921-8303,Houston,TX,77001,United States,Organic Search,2025-02-28 20:58:17+00
1115,Samantha,Baker,samantha.baker4940@icloud.com,+1-979-406-9741,Phoenix,AZ,85001,United States,Organic Search,2024-05-29 05:40:20+00
1116,Sharon,Peterson,sharon.peterson4138@proton.me,+1-555-574-8347,Houston,TX,77001,United States,Direct,2024-02-22 22:10:40+00
1117,Amy,Turner,amy.turner8582@proton.me,+1-222-370-5491,Phoenix,AZ,85001,United States,Google Ads,2025-03-16 02:15:45+00
1118,Linda,Harris,linda.harris6513@icloud.com,+1-901-745-9412,Chicago,IL,60601,United States,Organic Search,2025-08-06 10:34:49+00
1119,Angela,Roberts,angela.roberts9216@icloud.com,+1-610-821-5448,San Antonio,TX,78201,United States,Organic Search,2024-05-04 14:40:23+00
1120,Pamela,Ramirez,pamela.ramirez9702@gmail.com,+1-725-666-9254,Nashville,TN,37201,United States,Organic Search,2025-10-24 11:17:14+00
1121,Mark,Nguyen,mark.nguyen4400@proton.me,+1-321-375-4668,Los Angeles,CA,90001,United States,Meta Ads,2024-08-15 00:21:12+00
1122,Jennifer,Jackson,jennifer.jackson4551@yahoo.com,+1-476-252-5079,San Antonio,TX,78201,United States,Meta Ads,2024-01-02 10:05:49+00
1123,Christine,Hall,christine.hall9915@outlook.com,+1-532-285-9999,Dallas,TX,75201,United States,Email Campaign,2024-11-13 12:03:46+00
1124,Brandon,Nguyen,brandon.nguyen5319@gmail.com,+1-840-210-6824,San Diego,CA,92101,United States,Email Campaign,2024-08-05 13:47:45+00
1125,Daniel,Allen,daniel.allen257@proton.me,+1-873-996-2743,Denver,CO,80201,United States,Affiliate,2024-07-19 05:15:41+00
1126,Benjamin,Peterson,benjamin.peterson3378@icloud.com,+1-425-532-5403,San Antonio,TX,78201,United States,Meta Ads,2025-09-19 17:14:01+00
1127,Ronald,Martin,ronald.martin7309@yahoo.com,+1-947-943-8109,Seattle,WA,98101,United States,Organic Search,2025-01-07 09:20:08+00
1128,Barbara,Murphy,barbara.murphy2974@icloud.com,+1-389-380-4094,Minneapolis,MN,55401,United States,Google Ads,2025-07-20 22:29:33+00
1129,Lisa,Torres,lisa.torres345@outlook.com,+1-366-381-7458,Charlotte,NC,28201,United States,Organic Search,2024-04-21 19:27:02+00
1130,Elizabeth,Diaz,elizabeth.diaz4019@icloud.com,+1-860-612-2642,Nashville,TN,37201,United States,Organic Search,2025-08-06 05:17:37+00
1131,Mary,Gonzalez,mary.gonzalez6192@icloud.com,+1-221-312-1222,Los Angeles,CA,90001,United States,Organic Search,2025-08-21 12:01:59+00
1132,William,Wright,william.wright2337@proton.me,+1-213-209-2742,Portland,OR,97201,United States,Email Campaign,2024-09-20 04:02:42+00
1133,Patrick,Hernandez,patrick.hernandez3315@yahoo.com,+1-691-977-8279,Philadelphia,PA,19101,United States,Google Ads,2025-01-07 07:29:57+00
1134,Karen,Young,karen.young916@proton.me,+1-908-473-9906,Houston,TX,77001,United States,Organic Search,2024-02-04 22:01:19+00
1135,Susan,Cooper,susan.cooper4862@gmail.com,+1-723-625-3323,New York,NY,10001,United States,Direct,2024-01-19 23:24:31+00
1136,Sandra,Diaz,sandra.diaz6315@yahoo.com,+1-561-871-5699,San Diego,CA,92101,United States,Affiliate,2025-06-15 22:27:59+00
1137,Stephanie,Anderson,stephanie.anderson8058@yahoo.com,+1-312-429-2666,Austin,TX,73301,United States,Google Ads,2025-04-23 13:25:10+00
1138,Kevin,Thomas,kevin.thomas5907@gmail.com,+1-244-819-3475,Philadelphia,PA,19101,United States,Google Ads,2024-09-17 09:56:44+00
1139,Scott,White,scott.white6968@yahoo.com,+1-883-903-5940,Charlotte,NC,28201,United States,Email Campaign,2024-09-27 22:22:47+00
1140,Susan,Wright,susan.wright8180@outlook.com,+1-471-928-2251,New York,NY,10001,United States,Direct,2024-04-25 18:54:19+00
1141,Christine,Jackson,christine.jackson5248@yahoo.com,+1-599-657-8838,Chicago,IL,60601,United States,Organic Search,2024-11-28 08:18:15+00
1142,Janet,Scott,janet.scott2371@gmail.com,+1-530-330-3979,Denver,CO,80201,United States,Google Ads,2025-01-19 04:40:35+00
1143,Jason,Morris,jason.morris6783@proton.me,+1-851-541-3264,San Diego,CA,92101,United States,Google Ads,2025-03-03 00:25:33+00
1144,Shirley,Morgan,shirley.morgan8746@icloud.com,+1-745-749-4770,Denver,CO,80201,United States,Organic Search,2025-07-09 15:05:39+00
1145,Sharon,Ortiz,sharon.ortiz9468@yahoo.com,+1-919-289-4853,Seattle,WA,98101,United States,Organic Search,2025-10-23 00:14:31+00
1146,Robert,Campbell,robert.campbell9149@icloud.com,+1-336-312-1976,Seattle,WA,98101,United States,Google Ads,2025-10-22 00:38:32+00
1147,Sarah,Nguyen,sarah.nguyen7544@yahoo.com,+1-764-631-4973,San Antonio,TX,78201,United States,Direct,2024-02-13 17:24:41+00
1148,Ruth,Moore,ruth.moore1921@yahoo.com,+1-586-950-1431,Boston,MA,02101,United States,Google Ads,2025-06-29 03:04:35+00
1149,Susan,Martinez,susan.martinez7813@proton.me,+1-361-230-3406,Seattle,WA,98101,United States,Organic Search,2024-07-09 15:59:05+00
1150,Elizabeth,Johnson,elizabeth.johnson9326@icloud.com,+1-353-983-3988,Miami,FL,33101,United States,Email Campaign,2025-08-04 09:43:39+00
1151,Helen,Hill,helen.hill7704@icloud.com,+1-939-545-8274,New York,NY,10001,United States,Google Ads,2024-05-01 09:57:02+00
1152,Linda,Jones,linda.jones9899@yahoo.com,+1-715-364-1178,Denver,CO,80201,United States,Direct,2025-06-12 10:19:14+00
1153,Ryan,Peterson,ryan.peterson4228@proton.me,+1-713-513-4724,Boston,MA,02101,United States,Affiliate,2024-07-30 11:14:01+00
1154,Barbara,Gutierrez,barbara.gutierrez6186@yahoo.com,+1-960-416-7560,Charlotte,NC,28201,United States,Organic Search,2024-11-01 00:50:00+00
1155,Lisa,Bailey,lisa.bailey9914@gmail.com,+1-909-679-8821,San Jose,CA,95101,United States,Meta Ads,2024-11-10 23:36:32+00
1156,Timothy,Perez,timothy.perez896@outlook.com,+1-862-634-4190,Dallas,TX,75201,United States,Organic Search,2024-03-01 18:27:25+00
1157,George,Nelson,george.nelson460@yahoo.com,+1-488-366-9873,Houston,TX,77001,United States,Organic Search,2025-04-09 02:57:04+00
1158,Mary,Flores,mary.flores3076@proton.me,+1-406-853-1530,San Diego,CA,92101,United States,Organic Search,2025-03-19 03:51:31+00
1159,Larry,Garcia,larry.garcia9237@icloud.com,+1-246-249-6154,Chicago,IL,60601,United States,Affiliate,2024-01-07 22:03:17+00
1160,Melissa,Torres,melissa.torres6524@proton.me,+1-399-522-7400,Seattle,WA,98101,United States,Referral,2025-06-30 02:28:20+00
1161,Alexander,Gonzalez,alexander.gonzalez5429@icloud.com,+1-959-715-2654,Nashville,TN,37201,United States,Email Campaign,2024-04-26 23:40:56+00
1162,Patricia,Carter,patricia.carter7815@proton.me,+1-238-497-3641,Phoenix,AZ,85001,United States,Meta Ads,2024-03-02 12:03:34+00
1163,Benjamin,Lopez,benjamin.lopez3795@yahoo.com,+1-897-869-3307,Philadelphia,PA,19101,United States,Referral,2025-01-24 22:52:22+00
1164,Eric,Gutierrez,eric.gutierrez5594@icloud.com,+1-334-547-5765,Seattle,WA,98101,United States,Meta Ads,2024-12-01 00:35:06+00
1165,Jennifer,Roberts,jennifer.roberts3918@yahoo.com,+1-825-821-2228,Phoenix,AZ,85001,United States,Meta Ads,2025-01-21 18:29:51+00
1166,Richard,Johnson,richard.johnson2337@outlook.com,+1-760-289-9174,Houston,TX,77001,United States,Google Ads,2024-05-12 03:45:57+00
1167,Donna,Lee,donna.lee1117@outlook.com,+1-790-572-6789,Chicago,IL,60601,United States,Organic Search,2025-07-06 07:34:11+00
1168,Ryan,King,ryan.king7754@outlook.com,+1-981-652-3301,Houston,TX,77001,United States,Referral,2025-01-14 13:48:26+00
1169,Jennifer,Campbell,jennifer.campbell4697@icloud.com,+1-618-834-3113,Atlanta,GA,30301,United States,Google Ads,2025-10-18 12:52:40+00
1170,Samantha,Green,samantha.green6123@gmail.com,+1-898-623-9289,Atlanta,GA,30301,United States,Organic Search,2025-11-11 09:10:56+00
1171,Rachel,Garcia,rachel.garcia935@yahoo.com,+1-916-774-1130,Phoenix,AZ,85001,United States,Direct,2024-08-14 02:18:22+00
1172,Timothy,Lee,timothy.lee9342@icloud.com,+1-274-428-7360,Atlanta,GA,30301,United States,Meta Ads,2024-09-28 08:40:30+00
1173,Kathleen,Reyes,kathleen.reyes8768@icloud.com,+1-311-287-3953,Houston,TX,77001,United States,Direct,2024-11-04 15:35:19+00
1174,Laura,Sanchez,laura.sanchez6579@outlook.com,+1-266-524-6610,Charlotte,NC,28201,United States,Google Ads,2025-06-29 19:39:00+00
1175,Jack,Stewart,jack.stewart1874@outlook.com,+1-665-239-9930,Phoenix,AZ,85001,United States,Affiliate,2024-04-23 08:34:25+00
1176,Katherine,Ramirez,katherine.ramirez5246@proton.me,+1-232-815-7230,Los Angeles,CA,90001,United States,Affiliate,2024-10-08 02:42:48+00
1177,Laura,Stewart,laura.stewart3497@gmail.com,+1-416-223-7929,Dallas,TX,75201,United States,Organic Search,2024-05-17 02:50:48+00
1178,William,Jackson,william.jackson1135@outlook.com,+1-614-283-5887,Atlanta,GA,30301,United States,Direct,2025-02-11 22:34:11+00
1179,Margaret,King,margaret.king3016@gmail.com,+1-294-638-6603,Austin,TX,73301,United States,Organic Search,2024-09-28 14:58:52+00
1180,Sharon,Morris,sharon.morris7791@proton.me,+1-905-364-8156,Seattle,WA,98101,United States,Direct,2025-03-19 07:28:37+00
1181,Stephanie,Johnson,stephanie.johnson9190@proton.me,+1-403-279-3369,San Jose,CA,95101,United States,Meta Ads,2025-10-01 23:13:25+00
1182,Janet,Green,janet.green233@yahoo.com,+1-669-351-9182,San Jose,CA,95101,United States,Organic Search,2025-06-07 19:15:04+00
1183,Edward,King,edward.king8532@gmail.com,+1-661-328-8361,Minneapolis,MN,55401,United States,Organic Search,2024-06-19 03:25:25+00
1184,Ruth,Harris,ruth.harris6885@proton.me,+1-992-370-7185,San Antonio,TX,78201,United States,Google Ads,2024-05-28 19:27:43+00
1185,Alexander,Johnson,alexander.johnson6067@outlook.com,+1-216-509-6029,Nashville,TN,37201,United States,Email Campaign,2024-04-07 05:25:18+00
1186,Catherine,Murphy,catherine.murphy7472@icloud.com,+1-620-560-6770,Portland,OR,97201,United States,Google Ads,2025-08-17 14:08:46+00
1187,Kevin,Anderson,kevin.anderson2881@icloud.com,+1-638-582-3898,Portland,OR,97201,United States,Meta Ads,2025-02-25 21:50:00+00
1188,Laura,Carter,laura.carter4670@icloud.com,+1-849-490-2625,Chicago,IL,60601,United States,Email Campaign,2024-03-21 23:11:48+00
1189,Barbara,Williams,barbara.williams6739@gmail.com,+1-708-967-9924,Houston,TX,77001,United States,Meta Ads,2025-01-26 07:20:19+00
1190,Justin,Jones,justin.jones4750@icloud.com,+1-416-428-8448,Portland,OR,97201,United States,Google Ads,2024-06-01 05:30:25+00
1191,Jacob,Thomas,jacob.thomas5745@icloud.com,+1-622-860-7484,New York,NY,10001,United States,Affiliate,2025-08-30 21:11:28+00
1192,Mark,Cook,mark.cook4647@outlook.com,+1-874-470-6036,Boston,MA,02101,United States,Meta Ads,2024-01-04 13:30:08+00
1193,Sharon,Jones,sharon.jones255@gmail.com,+1-357-583-9502,Charlotte,NC,28201,United States,Google Ads,2024-05-12 16:41:11+00
1194,Pamela,Parker,pamela.parker3963@proton.me,+1-600-397-7444,Los Angeles,CA,90001,United States,Email Campaign,2025-03-25 03:58:19+00
1195,Jason,Taylor,jason.taylor6397@yahoo.com,+1-612-525-9475,Philadelphia,PA,19101,United States,Google Ads,2024-03-18 16:16:01+00
1196,Patrick,Taylor,patrick.taylor8262@gmail.com,+1-846-790-7422,Dallas,TX,75201,United States,Direct,2024-05-03 20:57:57+00
1197,Carol,Clark,carol.clark1528@gmail.com,+1-226-647-1189,Minneapolis,MN,55401,United States,Organic Search,2025-04-25 10:12:44+00
1198,Patrick,Cooper,patrick.cooper1291@proton.me,+1-591-225-3138,Atlanta,GA,30301,United States,Meta Ads,2025-08-27 07:19:24+00
1199,Melissa,White,melissa.white3928@yahoo.com,+1-504-398-9772,San Diego,CA,92101,United States,Email Campaign,2025-09-19 05:23:09+00
1200,Timothy,King,timothy.king848@outlook.com,+1-284-347-1379,Minneapolis,MN,55401,United States,Direct,2024-03-27 11:54:48+00
