order_id,customer_id,order_date,order_status,subtotal_amount,shipping_fee,discount_amount,total_amount,shipping_city,shipping_state,shipping_postal_code,delivery_date
1,1,2025-12-03 09:31:57+00,delivered,84.00,0.00,0.00,84.00,Houston,TX,77001,2025-12-07 12:31:57+00
2,2,2025-04-20 09:30:33+00,delivered,292.18,0.00,0.00,292.18,San Antonio,TX,78201,2025-04-25 16:30:33+00
3,3,2025-11-08 22:42:57+00,delivered,429.98,0.00,0.00,429.98,Minneapolis,MN,55401,2025-11-11 02:42:57+00
4,4,2024-10-25 12:43:29+00,delivered,371.99,0.00,0.00,371.99,San Jose,CA,95101,2024-10-29 20:43:29+00
5,5,2024-11-01 16:50:32+00,processing,119.98,0.00,0.00,119.98,Portland,OR,97201,
6,6,2024-07-01 20:11:54+00,delivered,958.75,0.00,0.00,958.75,Chicago,IL,60601,2024-07-04 21:11:54+00
7,6,2024-07-13 02:18:54+00,delivered,59.98,5.99,0.00,65.97,Chicago,IL,60601,2024-07-15 08:18:54+00
8,7,2024-10-04 16:00:33+00,delivered,523.98,0.00,0.00,523.98,Seattle,WA,98101,2024-10-07 02:00:33+00
9,8,2024-10-25 11:34:43+00,delivered,229.97,0.00,0.00,229.97,San Diego,CA,92101,2024-10-31 12:34:43+00
10,8,2024-12-01 18:05:43+00,delivered,98.00,0.00,0.00,98.00,San Diego,CA,92101,2024-12-06 23:05:43+00
11,9,2025-09-21 04:05:29+00,delivered,349.97,0.00,0.00,349.97,San Diego,CA,92101,2025-09-27 05:05:29+00
12,10,2024-11-16 22:46:47+00,delivered,29.99,5.99,0.00,35.98,San Antonio,TX,78201,2024-11-19 07:46:47+00
13,10,2024-11-24 04:35:47+00,delivered,132.09,0.00,0.00,132.09,San Antonio,TX,78201,2024-11-26 10:35:47+00
14,11,2024-12-12 13:23:07+00,delivered,361.98,0.00,0.00,361.98,Dallas,TX,75201,2024-12-16 18:23:07+00
15,12,2025-11-06 07:50:18+00,delivered,249.99,0.00,0.00,249.99,Chicago,IL,60601,2025-11-12 09:50:18+00
16,13,2025-01-02 00:29:56+00,delivered,53.99,5.99,0.00,59.98,Denver,CO,80201,2025-01-08 06:29:56+00
17,14,2025-08-26 10:26:07+00,delivered,139.98,0.00,0.00,139.98,Portland,OR,97201,2025-08-29 12:26:07+00
18,15,2025-11-22 20:35:55+00,delivered,349.98,0.00,0.00,349.98,New York,NY,10001,2025-11-26 02:35:55+00
19,15,2026-01-21 04:44:55+00,cancelled,529.97,0.00,0.00,529.97,New York,NY,10001,
20,15,2026-02-22 14:44:55+00,delivered,399.99,0.00,0.00,399.99,New York,NY,10001,2026-02-25 22:44:55+00
21,16,2024-05-04 09:38:49+00,delivered,229.98,0.00,0.00,229.98,Nashville,TN,37201,2024-05-10 14:38:49+00
22,16,2024-06-28 20:08:49+00,delivered,64.00,5.99,0.00,69.99,Nashville,TN,37201,2024-07-04 21:08:49+00
23,16,2024-08-09 22:25:49+00,processing,119.98,0.00,0.00,119.98,Nashville,TN,37201,
24,17,2024-10-12 08:04:06+00,delivered,28.00,5.99,0.00,33.99,Miami,FL,33101,2024-10-16 18:04:06+00
25,18,2025-08-24 05:58:07+00,delivered,119.99,0.00,0.00,119.99,Miami,FL,33101,2025-08-26 10:58:07+00
26,18,2025-09-03 12:54:07+00,delivered,42.49,5.99,0.00,48.48,Miami,FL,33101,2025-09-09 21:54:07+00
27,19,2024-12-01 07:16:46+00,cancelled,319.98,0.00,0.00,319.98,Nashville,TN,37201,
28,19,2025-01-23 17:24:46+00,delivered,94.99,0.00,0.00,94.99,Nashville,TN,37201,2025-01-26 22:24:46+00
29,20,2024-12-29 07:24:42+00,delivered,89.99,0.00,0.00,89.99,Atlanta,GA,30301,2025-01-03 13:24:42+00
30,21,2024-03-10 17:14:25+00,delivered,59.98,5.99,6.00,59.97,Minneapolis,MN,55401,2024-03-16 23:14:25+00
31,22,2025-06-17 09:44:58+00,delivered,169.98,0.00,0.00,169.98,Nashville,TN,37201,2025-06-19 14:44:58+00
32,23,2025-09-21 17:47:06+00,delivered,221.99,0.00,0.00,221.99,San Diego,CA,92101,2025-09-24 22:47:06+00
33,23,2025-09-30 23:12:06+00,delivered,274.96,0.00,0.00,274.96,San Diego,CA,92101,2025-10-04 03:12:06+00
34,23,2025-11-06 03:42:06+00,delivered,196.97,0.00,0.00,196.97,San Diego,CA,92101,2025-11-10 05:42:06+00
35,23,2025-12-20 14:10:06+00,delivered,28.00,5.99,0.00,33.99,San Diego,CA,92101,2025-12-24 17:10:06+00
36,24,2025-11-13 16:29:02+00,delivered,29.99,5.99,0.00,35.98,Boston,MA,02101,2025-11-16 19:29:02+00
37,25,2024-06-03 04:43:03+00,shipped,22.00,5.99,0.00,27.99,Houston,TX,77001,
38,26,2024-03-04 01:00:34+00,delivered,72.48,5.99,0.00,78.47,San Diego,CA,92101,2024-03-10 07:00:34+00
39,26,2024-04-21 08:48:34+00,cancelled,315.47,0.00,0.00,315.47,San Diego,CA,92101,
40,27,2025-10-29 17:02:06+00,delivered,69.99,5.99,0.00,75.98,Chicago,IL,60601,2025-11-03 22:02:06+00
41,27,2025-12-20 00:38:06+00,delivered,64.99,5.99,0.00,70.98,Chicago,IL,60601,2025-12-22 06:38:06+00
42,27,2026-01-30 10:32:06+00,delivered,79.90,0.00,0.00,79.90,Chicago,IL,60601,2026-02-01 18:32:06+00
43,28,2024-01-09 12:32:44+00,delivered,29.99,5.99,0.00,35.98,Los Angeles,CA,90001,2024-01-12 17:32:44+00
44,28,2024-02-15 01:29:44+00,delivered,314.97,0.00,0.00,314.97,Los Angeles,CA,90001,2024-02-20 06:29:44+00
45,28,2024-03-30 02:44:44+00,delivered,449.96,0.00,0.00,449.96,Los Angeles,CA,90001,2024-04-05 12:44:44+00
46,29,2024-06-18 12:16:19+00,delivered,199.98,0.00,0.00,199.98,Phoenix,AZ,85001,2024-06-21 18:16:19+00
47,30,2025-02-23 04:38:31+00,delivered,54.99,5.99,0.00,60.98,Nashville,TN,37201,2025-02-28 13:38:31+00
48,31,2025-12-04 05:45:30+00,delivered,119.98,0.00,0.00,119.98,San Diego,CA,92101,2025-12-06 09:45:30+00
49,32,2025-03-23 13:06:36+00,delivered,199.98,0.00,0.00,199.98,Boston,MA,02101,2025-03-27 17:06:36+00
50,33,2024-04-23 09:16:52+00,delivered,161.98,0.00,0.00,161.98,San Diego,CA,92101,2024-04-27 16:16:52+00
51,34,2025-03-14 16:28:43+00,shipped,199.99,0.00,0.00,199.99,Atlanta,GA,30301,
52,34,2025-04-24 23:59:43+00,delivered,28.00,5.99,0.00,33.99,Atlanta,GA,30301,2025-04-30 06:59:43+00
53,35,2025-11-17 08:08:07+00,delivered,509.96,0.00,0.00,509.96,Seattle,WA,98101,2025-11-23 15:08:07+00
54,35,2025-11-29 15:37:07+00,delivered,239.96,0.00,0.00,239.96,Seattle,WA,98101,2025-12-02 18:37:07+00
55,36,2025-09-28 16:46:00+00,shipped,938.97,0.00,93.90,845.07,Charlotte,NC,28201,
56,37,2025-12-01 18:46:49+00,cancelled,319.98,0.00,0.00,319.98,Phoenix,AZ,85001,
57,38,2025-05-17 10:06:08+00,delivered,254.98,0.00,0.00,254.98,San Jose,CA,95101,2025-05-19 13:06:08+00
58,39,2024-09-17 19:24:40+00,delivered,29.99,5.99,0.00,35.98,Dallas,TX,75201,2024-09-19 23:24:40+00
59,40,2024-03-05 05:28:49+00,delivered,169.99,0.00,17.00,152.99,Portland,OR,97201,2024-03-10 11:28:49+00
60,41,2024-09-05 23:12:07+00,delivered,165.75,0.00,0.00,165.75,Boston,MA,02101,2024-09-12 09:12:07+00
61,42,2025-11-26 12:07:55+00,delivered,134.98,0.00,0.00,134.98,Seattle,WA,98101,2025-12-01 21:07:55+00
62,42,2025-12-19 16:58:55+00,delivered,89.99,0.00,0.00,89.99,Seattle,WA,98101,2025-12-23 20:58:55+00
63,42,2026-01-19 00:12:55+00,delivered,32.00,5.99,0.00,37.99,Seattle,WA,98101,2026-01-22 09:12:55+00
64,42,2026-02-26 08:52:55+00,processing,171.60,0.00,0.00,171.60,Seattle,WA,98101,
65,43,2024-09-28 10:16:09+00,delivered,129.98,0.00,0.00,129.98,Philadelphia,PA,19101,2024-10-01 12:16:09+00
66,44,2024-06-23 09:24:54+00,shipped,712.47,0.00,0.00,712.47,Los Angeles,CA,90001,
67,44,2024-08-22 17:04:54+00,delivered,210.99,0.00,0.00,210.99,Los Angeles,CA,90001,2024-08-27 22:04:54+00
68,45,2024-08-12 00:52:14+00,delivered,249.99,0.00,25.00,224.99,San Antonio,TX,78201,2024-08-18 10:52:14+00
69,45,2024-09-15 08:10:14+00,delivered,582.97,0.00,0.00,582.97,San Antonio,TX,78201,2024-09-19 11:10:14+00
70,46,2024-04-13 07:55:33+00,delivered,405.46,0.00,0.00,405.46,San Jose,CA,95101,2024-04-19 08:55:33+00
71,47,2024-09-15 06:53:08+00,delivered,265.47,0.00,0.00,265.47,Seattle,WA,98101,2024-09-18 11:53:08+00
72,48,2024-01-14 18:16:39+00,delivered,64.99,5.99,0.00,70.98,Los Angeles,CA,90001,2024-01-17 01:16:39+00
73,49,2025-10-28 03:40:02+00,delivered,149.97,0.00,0.00,149.97,Charlotte,NC,28201,2025-11-02 08:40:02+00
74,50,2025-03-13 10:36:51+00,delivered,176.00,0.00,0.00,176.00,Denver,CO,80201,2025-03-17 18:36:51+00
75,51,2024-11-21 00:21:23+00,delivered,169.99,0.00,0.00,169.99,Charlotte,NC,28201,2024-11-23 04:21:23+00
76,51,2024-12-01 09:14:23+00,delivered,74.99,5.99,0.00,80.98,Charlotte,NC,28201,2024-12-06 19:14:23+00
77,52,2025-06-14 08:19:16+00,delivered,319.98,0.00,0.00,319.98,Atlanta,GA,30301,2025-06-19 16:19:16+00
78,52,2025-07-05 16:45:16+00,delivered,179.98,0.00,0.00,179.98,Atlanta,GA,30301,2025-07-09 01:45:16+00
79,53,2025-05-10 14:40:29+00,delivered,69.99,5.99,0.00,75.98,Nashville,TN,37201,2025-05-12 15:40:29+00
80,53,2025-05-30 18:38:29+00,delivered,243.73,0.00,0.00,243.73,Nashville,TN,37201,2025-06-04 22:38:29+00
81,54,2025-01-17 16:52:00+00,delivered,289.99,0.00,0.00,289.99,New York,NY,10001,2025-01-21 18:52:00+00
82,54,2025-02-26 19:58:00+00,delivered,530.47,0.00,0.00,530.47,New York,NY,10001,2025-03-03 23:58:00+00
83,55,2024-07-13 08:45:58+00,delivered,374.96,0.00,0.00,374.96,Denver,CO,80201,2024-07-18 09:45:58+00
84,56,2024-07-19 08:16:33+00,delivered,42.00,5.99,0.00,47.99,Atlanta,GA,30301,2024-07-25 12:16:33+00
85,57,2025-07-21 08:48:18+00,delivered,22.00,5.99,0.00,27.99,Atlanta,GA,30301,2025-07-24 14:48:18+00
86,58,2024-07-13 13:20:57+00,shipped,329.99,0.00,0.00,329.99,Atlanta,GA,30301,
87,58,2024-09-08 22:46:57+00,delivered,169.99,0.00,0.00,169.99,Atlanta,GA,30301,2024-09-13 00:46:57+00
88,59,2024-08-12 09:39:31+00,delivered,517.95,0.00,0.00,517.95,Atlanta,GA,30301,2024-08-15 19:39:31+00
89,59,2024-08-14 15:23:31+00,delivered,249.99,0.00,0.00,249.99,Atlanta,GA,30301,2024-08-17 00:23:31+00
90,60,2025-07-03 10:08:43+00,delivered,169.98,0.00,0.00,169.98,Phoenix,AZ,85001,2025-07-07 17:08:43+00
91,61,2024-06-18 10:21:20+00,delivered,659.96,0.00,0.00,659.96,Atlanta,GA,30301,2024-06-22 20:21:20+00
92,62,2024-09-30 19:19:33+00,processing,579.98,0.00,0.00,579.98,Miami,FL,33101,
93,63,2025-01-17 22:40:25+00,delivered,55.24,5.99,0.00,61.23,Charlotte,NC,28201,2025-01-23 06:40:25+00
94,63,2025-03-14 04:25:25+00,delivered,159.99,0.00,0.00,159.99,Charlotte,NC,28201,2025-03-19 13:25:25+00
95,64,2025-10-18 14:44:40+00,processing,227.93,0.00,0.00,227.93,Denver,CO,80201,
96,64,2025-12-17 20:16:40+00,pending,299.96,0.00,0.00,299.96,Denver,CO,80201,
97,65,2024-04-16 06:36:18+00,delivered,22.00,5.99,0.00,27.99,Chicago,IL,60601,2024-04-22 14:36:18+00
98,65,2024-05-27 18:45:18+00,delivered,89.99,0.00,9.00,80.99,Chicago,IL,60601,2024-05-30 21:45:18+00
99,66,2025-08-25 01:08:00+00,delivered,334.97,0.00,0.00,334.97,Atlanta,GA,30301,2025-08-29 04:08:00+00
100,66,2025-10-10 10:34:00+00,delivered,89.99,0.00,0.00,89.99,Atlanta,GA,30301,2025-10-12 15:34:00+00
101,66,2025-10-17 13:32:00+00,delivered,799.98,0.00,0.00,799.98,Atlanta,GA,30301,2025-10-19 16:32:00+00
102,66,2025-10-22 21:17:00+00,delivered,92.00,0.00,0.00,92.00,Atlanta,GA,30301,2025-10-27 00:17:00+00
103,66,2025-12-17 09:00:00+00,shipped,199.99,0.00,0.00,199.99,Atlanta,GA,30301,
104,67,2024-10-11 15:34:01+00,delivered,109.98,0.00,0.00,109.98,Portland,OR,97201,2024-10-16 00:34:01+00
105,68,2024-04-15 19:15:46+00,delivered,676.95,0.00,0.00,676.95,Charlotte,NC,28201,2024-04-21 05:15:46+00
106,69,2025-04-24 10:23:49+00,delivered,74.99,5.99,0.00,80.98,Seattle,WA,98101,2025-04-29 17:23:49+00
107,69,2025-05-22 18:12:49+00,delivered,359.98,0.00,0.00,359.98,Seattle,WA,98101,2025-05-29 01:12:49+00
108,70,2024-10-29 03:03:43+00,cancelled,297.97,0.00,0.00,297.97,Austin,TX,73301,
109,71,2024-09-03 19:54:31+00,delivered,24.99,5.99,0.00,30.98,Houston,TX,77001,2024-09-07 21:54:31+00
110,71,2024-10-23 22:18:31+00,delivered,499.98,0.00,0.00,499.98,Houston,TX,77001,2024-10-27 05:18:31+00
111,72,2025-05-21 13:27:52+00,delivered,73.73,5.99,0.00,79.72,Seattle,WA,98101,2025-05-23 23:27:52+00
112,73,2024-12-10 17:14:07+00,delivered,49.99,5.99,0.00,55.98,Atlanta,GA,30301,2024-12-16 19:14:07+00
113,74,2025-07-24 13:50:58+00,delivered,22.49,5.99,0.00,28.48,Atlanta,GA,30301,2025-07-29 14:50:58+00
114,75,2025-03-26 08:09:02+00,delivered,644.75,0.00,0.00,644.75,San Diego,CA,92101,2025-03-30 17:09:02+00
115,75,2025-03-31 18:52:02+00,delivered,429.98,0.00,0.00,429.98,San Diego,CA,92101,2025-04-06 00:52:02+00
116,75,2025-04-08 03:58:02+00,delivered,59.99,5.99,0.00,65.98,San Diego,CA,92101,2025-04-11 11:58:02+00
117,76,2025-09-25 10:16:23+00,delivered,79.99,0.00,0.00,79.99,Miami,FL,33101,2025-09-27 16:16:23+00
118,76,2025-11-12 12:37:23+00,pending,354.98,0.00,0.00,354.98,Miami,FL,33101,
119,76,2025-12-11 15:27:23+00,delivered,100.48,0.00,0.00,100.48,Miami,FL,33101,2025-12-15 20:27:23+00
120,76,2025-12-31 01:09:23+00,delivered,233.98,0.00,0.00,233.98,Miami,FL,33101,2026-01-05 04:09:23+00
121,77,2024-03-10 21:41:28+00,delivered,28.00,5.99,0.00,33.99,Nashville,TN,37201,2024-03-13 07:41:28+00
122,78,2024-01-19 23:48:15+00,shipped,42.00,5.99,0.00,47.99,Miami,FL,33101,
123,79,2025-03-19 15:34:01+00,delivered,64.99,5.99,0.00,70.98,Minneapolis,MN,55401,2025-03-25 21:34:01+00
124,80,2024-07-02 19:19:26+00,delivered,244.83,0.00,0.00,244.83,Dallas,TX,75201,2024-07-06 02:19:26+00
125,81,2025-01-23 14:32:57+00,processing,69.99,5.99,0.00,75.98,San Antonio,TX,78201,
126,82,2024-08-31 12:14:34+00,delivered,219.48,0.00,0.00,219.48,San Diego,CA,92101,2024-09-05 20:14:34+00
127,82,2024-09-08 19:51:34+00,delivered,339.99,0.00,0.00,339.99,San Diego,CA,92101,2024-09-14 02:51:34+00
128,83,2025-08-08 07:42:47+00,delivered,469.98,0.00,0.00,469.98,Phoenix,AZ,85001,2025-08-14 15:42:47+00
129,84,2024-02-21 10:03:53+00,delivered,28.00,5.99,0.00,33.99,Atlanta,GA,30301,2024-02-23 11:03:53+00
130,85,2024-02-26 02:35:44+00,delivered,160.99,0.00,0.00,160.99,Minneapolis,MN,55401,2024-02-28 03:35:44+00
131,86,2025-04-29 19:23:48+00,delivered,764.46,0.00,0.00,764.46,Portland,OR,97201,2025-05-05 04:23:48+00
132,87,2024-08-27 17:32:01+00,delivered,49.99,5.99,0.00,55.98,Minneapolis,MN,55401,2024-08-31 19:32:01+00
133,87,2024-09-16 03:34:01+00,delivered,56.00,5.99,0.00,61.99,Minneapolis,MN,55401,2024-09-19 12:34:01+00
134,88,2024-05-06 16:30:23+00,delivered,114.98,0.00,0.00,114.98,Dallas,TX,75201,2024-05-10 19:30:23+00
135,88,2024-07-04 19:52:23+00,delivered,69.99,5.99,0.00,75.98,Dallas,TX,75201,2024-07-11 04:52:23+00
136,89,2025-01-06 09:30:12+00,cancelled,99.99,0.00,0.00,99.99,Atlanta,GA,30301,
137,90,2024-08-01 04:15:20+00,pending,208.23,0.00,0.00,208.23,Chicago,IL,60601,
138,91,2024-03-08 20:38:33+00,delivered,88.00,0.00,0.00,88.00,Dallas,TX,75201,2024-03-12 00:38:33+00
139,91,2024-03-13 06:55:33+00,delivered,82.48,0.00,0.00,82.48,Dallas,TX,75201,2024-03-15 10:55:33+00
140,91,2024-03-18 13:45:33+00,delivered,42.49,5.99,0.00,48.48,Dallas,TX,75201,2024-03-21 21:45:33+00
141,92,2025-07-02 08:39:17+00,processing,429.97,0.00,0.00,429.97,Atlanta,GA,30301,
142,92,2025-07-15 15:11:17+00,delivered,29.99,5.99,0.00,35.98,Atlanta,GA,30301,2025-07-19 20:11:17+00
143,93,2025-11-29 05:22:39+00,processing,37.80,5.99,0.00,43.79,Chicago,IL,60601,
144,93,2026-01-25 13:43:39+00,delivered,499.98,0.00,0.00,499.98,Chicago,IL,60601,2026-01-31 16:43:39+00
145,93,2026-02-03 01:02:39+00,pending,79.99,0.00,0.00,79.99,Chicago,IL,60601,
146,93,2026-02-15 11:44:39+00,delivered,151.98,0.00,0.00,151.98,Chicago,IL,60601,2026-02-21 19:44:39+00
147,94,2024-01-23 21:08:23+00,delivered,32.00,5.99,0.00,37.99,Minneapolis,MN,55401,2024-01-26 04:08:23+00
148,95,2024-12-15 03:35:12+00,delivered,357.99,0.00,0.00,357.99,Miami,FL,33101,2024-12-21 12:35:12+00
149,96,2024-09-16 16:43:07+00,delivered,169.99,0.00,0.00,169.99,Miami,FL,33101,2024-09-21 20:43:07+00
150,96,2024-10-06 19:13:07+00,delivered,411.97,0.00,0.00,411.97,Miami,FL,33101,2024-10-09 01:13:07+00
151,96,2024-12-03 07:58:07+00,delivered,156.00,0.00,0.00,156.00,Miami,FL,33101,2024-12-07 15:58:07+00
152,96,2024-12-06 11:05:07+00,delivered,134.98,0.00,0.00,134.98,Miami,FL,33101,2024-12-11 18:05:07+00
153,97,2024-11-15 17:16:15+00,delivered,265.97,0.00,0.00,265.97,Austin,TX,73301,2024-11-17 19:16:15+00
154,98,2024-11-16 11:51:08+00,delivered,29.99,5.99,0.00,35.98,Houston,TX,77001,2024-11-19 17:51:08+00
155,98,2024-11-19 19:27:08+00,delivered,28.00,5.99,0.00,33.99,Houston,TX,77001,2024-11-26 02:27:08+00
156,99,2025-08-21 08:19:20+00,delivered,371.70,0.00,0.00,371.70,Nashville,TN,37201,2025-08-27 14:19:20+00
157,100,2025-06-30 21:18:26+00,pending,834.97,0.00,83.50,751.47,Austin,TX,73301,
158,101,2025-03-08 13:45:44+00,delivered,37.95,5.99,0.00,43.94,Austin,TX,73301,2025-03-13 17:45:44+00
159,101,2025-03-20 17:52:44+00,cancelled,219.98,0.00,0.00,219.98,Austin,TX,73301,
160,101,2025-03-23 19:16:44+00,delivered,199.98,0.00,0.00,199.98,Austin,TX,73301,2025-03-28 21:16:44+00
161,102,2024-08-25 08:37:37+00,delivered,63.74,5.99,0.00,69.73,Miami,FL,33101,2024-08-29 14:37:37+00
162,103,2024-06-09 14:09:05+00,delivered,165.99,0.00,0.00,165.99,Portland,OR,97201,2024-06-13 20:09:05+00
163,104,2025-01-31 18:25:58+00,delivered,1333.44,0.00,0.00,1333.44,San Jose,CA,95101,2025-02-06 00:25:58+00
164,105,2025-01-18 21:12:40+00,shipped,69.98,5.99,7.00,68.97,Phoenix,AZ,85001,
165,105,2025-03-19 02:20:40+00,delivered,341.88,0.00,0.00,341.88,Phoenix,AZ,85001,2025-03-25 08:20:40+00
166,105,2025-04-23 13:16:40+00,delivered,79.99,0.00,8.00,71.99,Phoenix,AZ,85001,2025-04-26 19:16:40+00
167,105,2025-04-28 17:27:40+00,delivered,129.99,0.00,0.00,129.99,Phoenix,AZ,85001,2025-04-30 21:27:40+00
168,105,2025-06-06 00:55:40+00,returned,139.97,0.00,0.00,139.97,Phoenix,AZ,85001,2025-06-10 00:55:40+00
169,106,2024-07-17 04:28:28+00,delivered,369.97,0.00,0.00,369.97,San Antonio,TX,78201,2024-07-19 10:28:28+00
170,107,2025-06-11 01:11:23+00,processing,329.99,0.00,0.00,329.99,Denver,CO,80201,
171,108,2024-12-21 17:06:09+00,delivered,89.99,0.00,0.00,89.99,Houston,TX,77001,2024-12-24 18:06:09+00
172,109,2025-09-01 20:21:14+00,shipped,79.99,0.00,0.00,79.99,Phoenix,AZ,85001,
173,110,2025-05-08 09:47:00+00,processing,214.98,0.00,21.50,193.48,Denver,CO,80201,
174,111,2025-08-10 12:32:02+00,cancelled,224.46,0.00,0.00,224.46,Austin,TX,73301,
175,112,2025-09-15 18:51:23+00,delivered,22.00,5.99,0.00,27.99,New York,NY,10001,2025-09-20 03:51:23+00
176,113,2025-06-28 10:01:48+00,processing,319.93,0.00,0.00,319.93,Nashville,TN,37201,
177,114,2024-05-02 22:32:27+00,shipped,84.00,0.00,0.00,84.00,Miami,FL,33101,
178,115,2025-06-15 04:20:56+00,delivered,471.97,0.00,0.00,471.97,Atlanta,GA,30301,2025-06-19 13:20:56+00
179,115,2025-07-01 14:47:56+00,delivered,67.94,5.99,0.00,73.93,Atlanta,GA,30301,2025-07-03 22:47:56+00
180,115,2025-08-08 16:54:56+00,cancelled,199.99,0.00,0.00,199.99,Atlanta,GA,30301,
181,116,2025-01-02 12:56:12+00,delivered,832.98,0.00,0.00,832.98,Boston,MA,02101,2025-01-08 13:56:12+00
182,117,2024-08-21 08:55:39+00,delivered,229.98,0.00,0.00,229.98,Minneapolis,MN,55401,2024-08-25 16:55:39+00
183,118,2025-10-22 07:35:32+00,delivered,99.99,0.00,0.00,99.99,Charlotte,NC,28201,2025-10-28 11:35:32+00
184,118,2025-11-04 14:47:32+00,delivered,109.98,0.00,0.00,109.98,Charlotte,NC,28201,2025-11-09 20:47:32+00
185,118,2025-11-17 22:26:32+00,delivered,47.48,5.99,0.00,53.47,Charlotte,NC,28201,2025-11-21 00:26:32+00
186,119,2025-08-21 10:37:55+00,delivered,439.95,0.00,0.00,439.95,Charlotte,NC,28201,2025-08-23 16:37:55+00
187,120,2024-04-20 19:17:37+00,delivered,149.84,0.00,0.00,149.84,Minneapolis,MN,55401,2024-04-24 04:17:37+00
188,121,2024-10-16 21:26:43+00,delivered,334.96,0.00,0.00,334.96,Portland,OR,97201,2024-10-20 03:26:43+00
189,121,2024-12-03 10:07:43+00,cancelled,56.00,5.99,0.00,61.99,Portland,OR,97201,
190,121,2024-12-06 19:35:43+00,delivered,79.99,0.00,0.00,79.99,Portland,OR,97201,2024-12-09 01:35:43+00
191,121,2025-01-25 23:00:43+00,delivered,99.99,0.00,0.00,99.99,Portland,OR,97201,2025-01-31 04:00:43+00
192,122,2025-01-04 12:26:47+00,delivered,32.00,5.99,0.00,37.99,San Jose,CA,95101,2025-01-06 22:26:47+00
193,122,2025-01-17 15:27:47+00,delivered,499.98,0.00,0.00,499.98,San Jose,CA,95101,2025-01-22 17:27:47+00
194,123,2025-02-23 08:36:58+00,delivered,201.99,0.00,0.00,201.99,Denver,CO,80201,2025-02-27 11:36:58+00
195,123,2025-03-03 17:52:58+00,delivered,459.96,0.00,46.00,413.96,Denver,CO,80201,2025-03-09 18:52:58+00
196,124,2025-01-09 17:19:57+00,delivered,176.00,0.00,0.00,176.00,Houston,TX,77001,2025-01-13 03:19:57+00
197,125,2024-09-04 07:12:59+00,delivered,819.96,0.00,0.00,819.96,Atlanta,GA,30301,2024-09-08 10:12:59+00
198,125,2024-09-30 15:19:59+00,delivered,79.99,0.00,0.00,79.99,Atlanta,GA,30301,2024-10-02 21:19:59+00
199,125,2024-11-30 00:10:59+00,shipped,619.97,0.00,0.00,619.97,Atlanta,GA,30301,
200,125,2024-12-27 09:51:59+00,delivered,124.99,0.00,0.00,124.99,Atlanta,GA,30301,2024-12-31 12:51:59+00
201,126,2024-07-07 02:29:23+00,delivered,387.46,0.00,0.00,387.46,Miami,FL,33101,2024-07-11 10:29:23+00
202,127,2025-07-29 00:34:23+00,delivered,233.98,0.00,0.00,233.98,Boston,MA,02101,2025-08-01 09:34:23+00
203,127,2025-08-13 12:41:23+00,pending,74.99,5.99,0.00,80.98,Boston,MA,02101,
204,127,2025-09-08 17:04:23+00,pending,79.99,0.00,0.00,79.99,Boston,MA,02101,
205,128,2024-06-27 15:07:01+00,processing,53.99,5.99,0.00,59.98,Los Angeles,CA,90001,
206,129,2025-05-28 12:42:34+00,delivered,86.48,0.00,8.65,77.83,Portland,OR,97201,2025-06-02 13:42:34+00
207,130,2025-05-27 04:30:17+00,delivered,174.98,0.00,0.00,174.98,Chicago,IL,60601,2025-05-29 11:30:17+00
208,131,2025-03-14 07:19:55+00,delivered,254.74,0.00,0.00,254.74,Chicago,IL,60601,2025-03-16 16:19:55+00
209,131,2025-03-28 18:22:55+00,delivered,28.00,5.99,0.00,33.99,Chicago,IL,60601,2025-03-31 23:22:55+00
210,132,2024-04-26 03:43:45+00,delivered,129.99,0.00,0.00,129.99,Dallas,TX,75201,2024-04-29 06:43:45+00
211,133,2025-09-20 04:45:53+00,delivered,179.99,0.00,0.00,179.99,Phoenix,AZ,85001,2025-09-22 08:45:53+00
212,134,2025-08-09 22:53:29+00,delivered,74.99,5.99,0.00,80.98,Boston,MA,02101,2025-08-16 05:53:29+00
213,134,2025-10-09 02:22:29+00,delivered,264.00,0.00,0.00,264.00,Boston,MA,02101,2025-10-13 06:22:29+00
214,134,2025-11-07 07:31:29+00,delivered,184.96,0.00,0.00,184.96,Boston,MA,02101,2025-11-12 16:31:29+00
215,135,2025-05-01 06:40:21+00,delivered,139.98,0.00,0.00,139.98,Atlanta,GA,30301,2025-05-04 16:40:21+00
216,136,2024-11-29 18:24:58+00,delivered,226.98,0.00,0.00,226.98,Miami,FL,33101,2024-12-04 23:24:58+00
217,137,2024-04-12 21:05:54+00,delivered,276.97,0.00,0.00,276.97,Charlotte,NC,28201,2024-04-16 04:05:54+00
218,137,2024-06-01 09:01:54+00,delivered,359.98,0.00,0.00,359.98,Charlotte,NC,28201,2024-06-03 11:01:54+00
219,138,2024-12-11 14:42:48+00,delivered,459.97,0.00,0.00,459.97,Atlanta,GA,30301,2024-12-13 20:42:48+00
220,139,2024-12-26 23:29:56+00,delivered,624.95,0.00,0.00,624.95,Boston,MA,02101,2024-12-31 03:29:56+00
221,140,2025-06-27 02:12:19+00,delivered,34.99,5.99,0.00,40.98,Seattle,WA,98101,2025-06-29 08:12:19+00
222,140,2025-08-10 06:52:19+00,delivered,1241.97,0.00,0.00,1241.97,Seattle,WA,98101,2025-08-12 12:52:19+00
223,140,2025-10-08 08:23:19+00,delivered,259.98,0.00,0.00,259.98,Seattle,WA,98101,2025-10-11 09:23:19+00
224,140,2025-10-29 15:35:19+00,processing,119.99,0.00,0.00,119.99,Seattle,WA,98101,
225,140,2025-12-02 23:01:19+00,delivered,344.97,0.00,0.00,344.97,Seattle,WA,98101,2025-12-06 05:01:19+00
226,140,2025-12-09 02:24:19+00,delivered,229.98,0.00,23.00,206.98,Seattle,WA,98101,2025-12-15 06:24:19+00
227,140,2026-01-09 14:19:19+00,delivered,34.99,5.99,0.00,40.98,Seattle,WA,98101,2026-01-12 00:19:19+00
228,141,2025-03-20 22:44:08+00,delivered,64.99,5.99,0.00,70.98,Seattle,WA,98101,2025-03-23 05:44:08+00
229,142,2025-08-17 13:55:43+00,shipped,83.60,0.00,0.00,83.60,Seattle,WA,98101,
230,143,2024-05-04 00:29:46+00,delivered,259.98,0.00,0.00,259.98,Minneapolis,MN,55401,2024-05-06 04:29:46+00
231,143,2024-05-22 07:16:46+00,delivered,62.99,5.99,0.00,68.98,Minneapolis,MN,55401,2024-05-24 12:16:46+00
232,144,2025-04-01 18:27:59+00,delivered,119.98,0.00,0.00,119.98,Houston,TX,77001,2025-04-04 00:27:59+00
233,145,2025-10-17 20:42:11+00,delivered,162.97,0.00,0.00,162.97,Charlotte,NC,28201,2025-10-23 02:42:11+00
234,146,2024-05-24 07:39:40+00,delivered,399.99,0.00,0.00,399.99,San Jose,CA,95101,2024-05-27 12:39:40+00
235,146,2024-07-19 11:10:40+00,cancelled,249.99,0.00,0.00,249.99,San Jose,CA,95101,
236,146,2024-08-21 15:36:40+00,delivered,99.99,0.00,0.00,99.99,San Jose,CA,95101,2024-08-25 18:36:40+00
237,146,2024-09-28 23:40:40+00,delivered,129.99,0.00,0.00,129.99,San Jose,CA,95101,2024-10-03 06:40:40+00
238,147,2024-06-20 19:43:03+00,delivered,217.97,0.00,0.00,217.97,Chicago,IL,60601,2024-06-24 23:43:03+00
239,148,2025-03-22 07:15:38+00,delivered,79.90,0.00,0.00,79.90,San Jose,CA,95101,2025-03-28 12:15:38+00
240,149,2025-06-01 16:05:53+00,delivered,159.98,0.00,0.00,159.98,Chicago,IL,60601,2025-06-06 02:05:53+00
241,150,2024-12-12 17:22:15+00,cancelled,259.98,0.00,0.00,259.98,Nashville,TN,37201,
242,151,2025-04-11 01:29:37+00,delivered,32.00,5.99,0.00,37.99,Los Angeles,CA,90001,2025-04-15 02:29:37+00
243,151,2025-05-18 05:07:37+00,delivered,209.98,0.00,0.00,209.98,Los Angeles,CA,90001,2025-05-22 07:07:37+00
244,151,2025-06-09 12:18:37+00,delivered,29.99,5.99,0.00,35.98,Los Angeles,CA,90001,2025-06-11 17:18:37+00
245,152,2024-04-05 15:46:13+00,delivered,189.98,0.00,19.00,170.98,Dallas,TX,75201,2024-04-08 17:46:13+00
246,152,2024-05-21 19:21:13+00,shipped,124.98,0.00,0.00,124.98,Dallas,TX,75201,
247,152,2024-05-27 07:14:13+00,delivered,56.00,5.99,0.00,61.99,Dallas,TX,75201,2024-06-01 08:14:13+00
248,152,2024-07-08 18:39:13+00,delivered,27.20,5.99,2.72,30.47,Dallas,TX,75201,2024-07-13 02:39:13+00
249,153,2025-10-11 01:46:53+00,delivered,29.99,5.99,0.00,35.98,San Diego,CA,92101,2025-10-14 08:46:53+00
250,154,2024-03-15 00:15:51+00,delivered,159.99,0.00,0.00,159.99,New York,NY,10001,2024-03-19 04:15:51+00
251,155,2024-01-29 20:00:39+00,delivered,260.99,0.00,0.00,260.99,Austin,TX,73301,2024-02-01 03:00:39+00
252,155,2024-02-17 00:32:39+00,delivered,167.99,0.00,0.00,167.99,Austin,TX,73301,2024-02-19 04:32:39+00
253,156,2024-11-16 14:45:32+00,returned,499.98,0.00,0.00,499.98,San Diego,CA,92101,2024-11-19 14:45:32+00
254,157,2024-03-14 17:07:53+00,delivered,69.99,5.99,0.00,75.98,San Jose,CA,95101,2024-03-20 20:07:53+00
255,157,2024-04-04 20:23:53+00,delivered,489.99,0.00,49.00,440.99,San Jose,CA,95101,2024-04-07 22:23:53+00
256,157,2024-04-30 21:25:53+00,delivered,170.99,0.00,0.00,170.99,San Jose,CA,95101,2024-05-06 04:25:53+00
257,157,2024-06-18 05:37:53+00,delivered,851.16,0.00,85.12,766.04,San Jose,CA,95101,2024-06-20 10:37:53+00
258,158,2025-10-05 19:28:30+00,delivered,129.99,0.00,0.00,129.99,Seattle,WA,98101,2025-10-10 04:28:30+00
259,159,2025-08-17 23:18:24+00,delivered,329.99,0.00,0.00,329.99,Philadelphia,PA,19101,2025-08-23 08:18:24+00
260,160,2025-05-08 21:05:47+00,processing,79.99,0.00,0.00,79.99,Minneapolis,MN,55401,
261,161,2025-04-06 21:43:48+00,delivered,559.96,0.00,0.00,559.96,Austin,TX,73301,2025-04-09 04:43:48+00
262,161,2025-04-29 10:36:48+00,delivered,24.99,5.99,0.00,30.98,Austin,TX,73301,2025-05-05 17:36:48+00
263,162,2025-10-20 10:27:56+00,delivered,24.99,5.99,0.00,30.98,Los Angeles,CA,90001,2025-10-22 15:27:56+00
264,162,2025-12-13 21:31:56+00,delivered,76.49,0.00,0.00,76.49,Los Angeles,CA,90001,2025-12-18 23:31:56+00
265,162,2025-12-18 09:02:56+00,cancelled,89.99,0.00,0.00,89.99,Los Angeles,CA,90001,
266,162,2025-12-26 16:46:56+00,delivered,251.93,0.00,0.00,251.93,Los Angeles,CA,90001,2025-12-31 00:46:56+00
267,163,2025-09-07 19:41:12+00,delivered,289.99,0.00,0.00,289.99,Atlanta,GA,30301,2025-09-10 04:41:12+00
268,164,2024-05-01 22:22:15+00,delivered,479.96,0.00,0.00,479.96,Charlotte,NC,28201,2024-05-07 01:22:15+00
269,164,2024-06-24 10:19:15+00,delivered,28.00,5.99,0.00,33.99,Charlotte,NC,28201,2024-06-29 11:19:15+00
270,165,2025-07-18 01:07:28+00,delivered,96.99,0.00,0.00,96.99,Philadelphia,PA,19101,2025-07-21 11:07:28+00
271,165,2025-08-16 03:11:28+00,delivered,149.98,0.00,0.00,149.98,Philadelphia,PA,19101,2025-08-20 11:11:28+00
272,166,2024-11-04 17:32:05+00,delivered,83.60,0.00,0.00,83.60,Seattle,WA,98101,2024-11-09 01:32:05+00
273,166,2024-11-06 20:05:05+00,delivered,34.99,5.99,0.00,40.98,Seattle,WA,98101,2024-11-13 05:05:05+00
274,167,2025-03-12 19:22:17+00,delivered,68.23,5.99,0.00,74.22,Chicago,IL,60601,2025-03-18 21:22:17+00
275,168,2025-06-05 20:25:34+00,delivered,69.99,5.99,0.00,75.98,San Jose,CA,95101,2025-06-10 03:25:34+00
276,168,2025-07-11 01:56:34+00,delivered,49.99,5.99,0.00,55.98,San Jose,CA,95101,2025-07-16 11:56:34+00
277,168,2025-09-04 11:34:34+00,delivered,79.90,0.00,0.00,79.90,San Jose,CA,95101,2025-09-08 19:34:34+00
278,169,2025-05-27 13:43:01+00,delivered,369.95,0.00,0.00,369.95,Austin,TX,73301,2025-05-29 21:43:01+00
279,169,2025-07-06 21:25:01+00,delivered,294.98,0.00,0.00,294.98,Austin,TX,73301,2025-07-13 00:25:01+00
280,170,2024-10-14 03:14:37+00,delivered,22.00,5.99,0.00,27.99,Nashville,TN,37201,2024-10-19 09:14:37+00
281,170,2024-10-16 05:26:37+00,delivered,94.99,0.00,0.00,94.99,Nashville,TN,37201,2024-10-20 13:26:37+00
282,171,2024-05-06 22:30:14+00,delivered,259.97,0.00,0.00,259.97,San Diego,CA,92101,2024-05-09 04:30:14+00
283,172,2025-11-26 12:44:43+00,delivered,634.96,0.00,0.00,634.96,Los Angeles,CA,90001,2025-11-28 18:44:43+00
284,173,2024-05-12 07:31:25+00,delivered,101.99,0.00,0.00,101.99,Charlotte,NC,28201,2024-05-15 09:31:25+00
285,173,2024-05-31 09:31:25+00,delivered,92.94,0.00,0.00,92.94,Charlotte,NC,28201,2024-06-04 16:31:25+00
286,173,2024-07-20 16:32:25+00,delivered,430.68,0.00,0.00,430.68,Charlotte,NC,28201,2024-07-24 20:32:25+00
287,174,2025-08-20 00:48:16+00,delivered,339.98,0.00,0.00,339.98,Atlanta,GA,30301,2025-08-24 07:48:16+00
288,175,2025-03-29 21:27:17+00,delivered,109.94,0.00,0.00,109.94,San Antonio,TX,78201,2025-04-01 04:27:17+00
289,175,2025-05-08 09:00:17+00,delivered,215.47,0.00,0.00,215.47,San Antonio,TX,78201,2025-05-11 10:00:17+00
290,176,2025-09-18 20:06:16+00,delivered,88.00,0.00,0.00,88.00,Philadelphia,PA,19101,2025-09-21 06:06:16+00
291,177,2025-07-20 01:02:31+00,delivered,247.98,0.00,0.00,247.98,Portland,OR,97201,2025-07-25 10:02:31+00
292,178,2024-05-08 20:11:40+00,delivered,34.99,5.99,0.00,40.98,Atlanta,GA,30301,2024-05-11 04:11:40+00
293,179,2024-10-28 21:53:50+00,delivered,39.95,5.99,0.00,45.94,Los Angeles,CA,90001,2024-11-03 22:53:50+00
294,180,2025-05-31 12:04:43+00,delivered,84.97,0.00,0.00,84.97,Houston,TX,77001,2025-06-06 18:04:43+00
295,180,2025-07-29 19:28:43+00,delivered,249.98,0.00,0.00,249.98,Houston,TX,77001,2025-08-02 20:28:43+00
296,181,2024-01-17 22:01:21+00,delivered,799.98,0.00,0.00,799.98,Miami,FL,33101,2024-01-22 05:01:21+00
297,181,2024-02-12 02:30:21+00,delivered,489.97,0.00,0.00,489.97,Miami,FL,33101,2024-02-14 06:30:21+00
298,182,2024-08-25 10:40:09+00,delivered,490.97,0.00,0.00,490.97,Boston,MA,02101,2024-08-28 15:40:09+00
299,182,2024-09-18 21:00:09+00,delivered,96.99,0.00,0.00,96.99,Boston,MA,02101,2024-09-21 06:00:09+00
300,182,2024-09-30 04:21:09+00,delivered,124.99,0.00,0.00,124.99,Boston,MA,02101,2024-10-05 09:21:09+00
301,182,2024-11-23 07:48:09+00,delivered,42.49,5.99,0.00,48.48,Boston,MA,02101,2024-11-27 11:48:09+00
302,183,2025-01-30 15:34:31+00,delivered,231.97,0.00,0.00,231.97,Chicago,IL,60601,2025-02-04 01:34:31+00
303,183,2025-03-06 19:16:31+00,delivered,177.98,0.00,0.00,177.98,Chicago,IL,60601,2025-03-13 04:16:31+00
304,183,2025-03-12 05:35:31+00,delivered,273.98,0.00,0.00,273.98,Chicago,IL,60601,2025-03-16 07:35:31+00
305,183,2025-04-06 13:22:31+00,delivered,74.99,5.99,0.00,80.98,Chicago,IL,60601,2025-04-12 19:22:31+00
306,183,2025-05-08 14:43:31+00,cancelled,74.99,5.99,0.00,80.98,Chicago,IL,60601,
307,183,2025-06-06 19:01:31+00,delivered,129.99,0.00,0.00,129.99,Chicago,IL,60601,2025-06-10 01:01:31+00
308,183,2025-06-18 04:28:31+00,delivered,485.98,0.00,0.00,485.98,Chicago,IL,60601,2025-06-20 07:28:31+00
309,184,2025-04-23 01:42:52+00,delivered,199.99,0.00,20.00,179.99,Austin,TX,73301,2025-04-28 09:42:52+00
310,184,2025-06-13 14:14:52+00,delivered,264.97,0.00,0.00,264.97,Austin,TX,73301,2025-06-19 18:14:52+00
311,184,2025-07-05 18:29:52+00,delivered,379.98,0.00,0.00,379.98,Austin,TX,73301,2025-07-08 19:29:52+00
312,184,2025-08-02 21:28:52+00,delivered,136.00,0.00,0.00,136.00,Austin,TX,73301,2025-08-09 07:28:52+00
313,184,2025-09-26 05:57:52+00,delivered,129.99,0.00,0.00,129.99,Austin,TX,73301,2025-10-01 11:57:52+00
314,184,2025-11-22 18:08:52+00,delivered,84.00,0.00,8.40,75.60,Austin,TX,73301,2025-11-25 23:08:52+00
315,184,2025-12-26 00:06:52+00,delivered,179.99,0.00,0.00,179.99,Austin,TX,73301,2025-12-29 07:06:52+00
316,185,2024-02-28 09:20:02+00,shipped,124.98,0.00,0.00,124.98,Nashville,TN,37201,
317,186,2024-10-28 04:45:25+00,delivered,815.94,0.00,0.00,815.94,Miami,FL,33101,2024-11-01 13:45:25+00
318,186,2024-11-18 16:39:25+00,delivered,159.99,0.00,0.00,159.99,Miami,FL,33101,2024-11-22 02:39:25+00
319,187,2025-08-02 15:53:43+00,delivered,231.99,0.00,0.00,231.99,Houston,TX,77001,2025-08-07 01:53:43+00
320,187,2025-08-16 01:34:43+00,delivered,146.23,0.00,0.00,146.23,Houston,TX,77001,2025-08-21 03:34:43+00
321,187,2025-08-31 13:44:43+00,delivered,485.19,0.00,0.00,485.19,Houston,TX,77001,2025-09-04 18:44:43+00
322,188,2025-01-15 02:58:03+00,delivered,49.99,5.99,0.00,55.98,Atlanta,GA,30301,2025-01-19 04:58:03+00
323,189,2024-02-13 10:40:29+00,delivered,29.99,5.99,0.00,35.98,Los Angeles,CA,90001,2024-02-17 13:40:29+00
324,189,2024-04-06 20:29:29+00,delivered,44.00,5.99,4.40,45.59,Los Angeles,CA,90001,2024-04-09 23:29:29+00
325,189,2024-05-20 02:41:29+00,processing,124.99,0.00,0.00,124.99,Los Angeles,CA,90001,
326,190,2025-08-14 23:14:37+00,delivered,249.99,0.00,0.00,249.99,Miami,FL,33101,2025-08-19 07:14:37+00
327,190,2025-09-21 12:02:37+00,delivered,204.98,0.00,20.50,184.48,Miami,FL,33101,2025-09-27 13:02:37+00
328,191,2024-10-17 11:31:28+00,delivered,359.86,0.00,0.00,359.86,Dallas,TX,75201,2024-10-22 13:31:28+00
329,192,2025-09-15 01:25:45+00,delivered,189.98,0.00,19.00,170.98,Miami,FL,33101,2025-09-17 06:25:45+00
330,193,2024-03-29 06:31:49+00,delivered,278.98,0.00,0.00,278.98,Portland,OR,97201,2024-04-02 08:31:49+00
331,193,2024-04-23 14:05:49+00,delivered,219.97,0.00,0.00,219.97,Portland,OR,97201,2024-04-27 00:05:49+00
332,193,2024-06-17 01:37:49+00,delivered,149.97,0.00,15.00,134.97,Portland,OR,97201,2024-06-22 02:37:49+00
333,194,2024-10-08 14:40:38+00,delivered,301.22,0.00,0.00,301.22,Philadelphia,PA,19101,2024-10-14 21:40:38+00
334,195,2024-11-15 01:05:27+00,delivered,64.60,5.99,0.00,70.59,Chicago,IL,60601,2024-11-17 08:05:27+00
335,195,2024-11-17 08:11:27+00,delivered,179.98,0.00,0.00,179.98,Chicago,IL,60601,2024-11-22 11:11:27+00
336,196,2024-07-06 02:25:21+00,delivered,236.97,0.00,0.00,236.97,Los Angeles,CA,90001,2024-07-10 06:25:21+00
337,197,2024-10-28 08:19:55+00,delivered,189.98,0.00,0.00,189.98,Atlanta,GA,30301,2024-11-03 10:19:55+00
338,198,2024-07-20 12:19:54+00,returned,79.99,0.00,0.00,79.99,San Jose,CA,95101,2024-07-25 12:19:54+00
339,199,2025-07-11 14:03:57+00,delivered,249.99,0.00,0.00,249.99,Dallas,TX,75201,2025-07-16 15:03:57+00
340,200,2025-12-08 19:26:28+00,pending,345.67,0.00,0.00,345.67,Chicago,IL,60601,
341,200,2026-01-26 02:42:28+00,delivered,24.99,5.99,0.00,30.98,Chicago,IL,60601,2026-01-30 12:42:28+00
342,201,2025-12-07 19:57:36+00,delivered,74.99,5.99,0.00,80.98,Portland,OR,97201,2025-12-12 01:57:36+00
343,201,2025-12-16 06:54:36+00,delivered,32.00,5.99,0.00,37.99,Portland,OR,97201,2025-12-21 07:54:36+00
344,202,2024-07-06 17:17:56+00,delivered,199.99,0.00,0.00,199.99,San Antonio,TX,78201,2024-07-08 18:17:56+00
345,202,2024-07-14 00:16:56+00,delivered,104.98,0.00,0.00,104.98,San Antonio,TX,78201,2024-07-16 02:16:56+00
346,203,2025-11-21 11:28:54+00,delivered,149.97,0.00,0.00,149.97,Portland,OR,97201,2025-11-23 20:28:54+00
347,203,2026-01-02 21:29:54+00,delivered,135.99,0.00,13.60,122.39,Portland,OR,97201,2026-01-06 00:29:54+00
348,203,2026-01-07 00:15:54+00,pending,199.98,0.00,0.00,199.98,Portland,OR,97201,
349,204,2024-11-20 09:33:38+00,delivered,281.99,0.00,0.00,281.99,Nashville,TN,37201,2024-11-26 12:33:38+00
350,205,2024-09-28 06:40:15+00,delivered,136.00,0.00,0.00,136.00,Atlanta,GA,30301,2024-10-03 11:40:15+00
351,205,2024-11-26 07:54:15+00,delivered,224.98,0.00,0.00,224.98,Atlanta,GA,30301,2024-12-02 09:54:15+00
352,206,2024-02-18 18:32:13+00,delivered,88.00,0.00,0.00,88.00,Nashville,TN,37201,2024-02-23 00:32:13+00
353,206,2024-04-05 05:37:13+00,delivered,29.99,5.99,0.00,35.98,Nashville,TN,37201,2024-04-11 13:37:13+00
354,207,2025-02-07 10:46:21+00,delivered,139.98,0.00,0.00,139.98,San Diego,CA,92101,2025-02-09 11:46:21+00
355,208,2025-05-01 15:32:23+00,delivered,179.98,0.00,0.00,179.98,Phoenix,AZ,85001,2025-05-05 21:32:23+00
356,208,2025-06-05 17:41:23+00,delivered,231.48,0.00,23.15,208.33,Phoenix,AZ,85001,2025-06-10 02:41:23+00
357,209,2025-07-22 04:59:06+00,delivered,59.99,5.99,0.00,65.98,Philadelphia,PA,19101,2025-07-24 08:59:06+00
358,210,2024-06-24 03:25:10+00,delivered,94.99,0.00,0.00,94.99,Minneapolis,MN,55401,2024-06-29 07:25:10+00
359,211,2025-09-30 17:39:27+00,delivered,139.97,0.00,0.00,139.97,Austin,TX,73301,2025-10-02 22:39:27+00
360,211,2025-11-26 04:50:27+00,delivered,258.47,0.00,0.00,258.47,Austin,TX,73301,2025-12-01 12:50:27+00
361,211,2026-01-13 08:23:27+00,delivered,399.99,0.00,0.00,399.99,Austin,TX,73301,2026-01-17 15:23:27+00
362,211,2026-02-17 15:36:27+00,delivered,239.98,0.00,0.00,239.98,Austin,TX,73301,2026-02-21 17:36:27+00
363,212,2025-01-23 17:00:43+00,processing,28.00,5.99,0.00,33.99,Philadelphia,PA,19101,
364,212,2025-02-07 05:01:43+00,delivered,119.98,0.00,0.00,119.98,Philadelphia,PA,19101,2025-02-12 12:01:43+00
365,213,2024-04-15 09:45:27+00,delivered,59.99,5.99,0.00,65.98,Seattle,WA,98101,2024-04-21 18:45:27+00
366,214,2024-07-15 02:20:34+00,shipped,64.99,5.99,0.00,70.98,Houston,TX,77001,
367,215,2024-05-06 11:06:02+00,delivered,89.99,0.00,0.00,89.99,San Diego,CA,92101,2024-05-12 19:06:02+00
368,216,2025-01-24 19:04:14+00,delivered,339.96,0.00,0.00,339.96,Miami,FL,33101,2025-01-27 20:04:14+00
369,217,2024-02-23 00:05:29+00,delivered,569.98,0.00,0.00,569.98,Minneapolis,MN,55401,2024-02-26 04:05:29+00
370,217,2024-03-17 08:45:29+00,delivered,211.98,0.00,0.00,211.98,Minneapolis,MN,55401,2024-03-21 13:45:29+00
371,218,2025-11-25 21:01:01+00,delivered,29.99,5.99,0.00,35.98,Houston,TX,77001,2025-12-02 07:01:01+00
372,219,2024-10-20 01:08:58+00,delivered,54.99,5.99,5.50,55.48,Minneapolis,MN,55401,2024-10-26 04:08:58+00
373,220,2024-04-02 21:02:52+00,delivered,101.99,0.00,0.00,101.99,Charlotte,NC,28201,2024-04-08 04:02:52+00
374,221,2025-02-06 04:48:53+00,delivered,28.00,5.99,0.00,33.99,Phoenix,AZ,85001,2025-02-08 11:48:53+00
375,222,2024-05-01 06:30:18+00,delivered,29.99,5.99,0.00,35.98,Miami,FL,33101,2024-05-07 15:30:18+00
376,223,2025-07-31 23:47:42+00,delivered,94.99,0.00,0.00,94.99,Denver,CO,80201,2025-08-03 01:47:42+00
377,224,2024-10-15 17:43:14+00,delivered,319.98,0.00,32.00,287.98,Miami,FL,33101,2024-10-20 03:43:14+00
378,224,2024-12-01 20:34:14+00,delivered,669.95,0.00,0.00,669.95,Miami,FL,33101,2024-12-07 23:34:14+00
379,224,2025-01-15 02:27:14+00,delivered,105.99,0.00,0.00,105.99,Miami,FL,33101,2025-01-21 12:27:14+00
380,225,2025-05-28 23:45:05+00,delivered,368.99,0.00,0.00,368.99,Charlotte,NC,28201,2025-06-01 02:45:05+00
381,226,2024-10-24 00:03:41+00,delivered,68.00,5.99,0.00,73.99,Charlotte,NC,28201,2024-10-26 08:03:41+00
382,227,2024-12-04 20:29:50+00,delivered,199.97,0.00,0.00,199.97,New York,NY,10001,2024-12-09 03:29:50+00
383,228,2025-02-19 14:21:21+00,delivered,247.99,0.00,0.00,247.99,Los Angeles,CA,90001,2025-02-23 21:21:21+00
384,229,2025-02-23 12:28:31+00,shipped,84.97,0.00,0.00,84.97,Philadelphia,PA,19101,
385,230,2024-09-02 07:55:39+00,delivered,619.98,0.00,0.00,619.98,San Diego,CA,92101,2024-09-04 08:55:39+00
386,230,2024-09-16 10:00:39+00,delivered,869.97,0.00,0.00,869.97,San Diego,CA,92101,2024-09-22 16:00:39+00
387,230,2024-10-28 19:12:39+00,processing,173.98,0.00,0.00,173.98,San Diego,CA,92101,
388,231,2025-03-25 20:00:45+00,delivered,480.98,0.00,0.00,480.98,San Jose,CA,95101,2025-03-30 23:00:45+00
389,231,2025-05-03 08:59:45+00,delivered,64.99,5.99,0.00,70.98,San Jose,CA,95101,2025-05-07 09:59:45+00
390,231,2025-05-10 12:58:45+00,delivered,24.99,5.99,2.50,28.48,San Jose,CA,95101,2025-05-13 16:58:45+00
391,231,2025-07-08 16:41:45+00,delivered,89.99,0.00,0.00,89.99,San Jose,CA,95101,2025-07-14 19:41:45+00
392,232,2024-11-09 21:34:04+00,delivered,69.99,5.99,0.00,75.98,Denver,CO,80201,2024-11-14 02:34:04+00
393,233,2025-05-24 22:39:19+00,delivered,319.98,0.00,0.00,319.98,Seattle,WA,98101,2025-05-27 02:39:19+00
394,234,2025-08-06 06:44:31+00,delivered,69.99,5.99,0.00,75.98,Phoenix,AZ,85001,2025-08-09 08:44:31+00
395,234,2025-08-14 17:56:31+00,delivered,241.98,0.00,0.00,241.98,Phoenix,AZ,85001,2025-08-19 20:56:31+00
396,235,2024-11-18 17:40:45+00,delivered,28.00,5.99,0.00,33.99,San Diego,CA,92101,2024-11-23 00:40:45+00
397,236,2025-11-25 15:52:30+00,delivered,69.99,5.99,0.00,75.98,Boston,MA,02101,2025-11-27 23:52:30+00
398,237,2024-07-11 18:16:53+00,delivered,69.99,5.99,0.00,75.98,Chicago,IL,60601,2024-07-17 03:16:53+00
399,238,2025-08-15 08:25:53+00,delivered,271.44,0.00,0.00,271.44,Miami,FL,33101,2025-08-21 16:25:53+00
400,238,2025-08-19 18:02:53+00,delivered,29.99,5.99,3.00,32.98,Miami,FL,33101,2025-08-23 22:02:53+00
401,239,2025-05-18 12:33:47+00,delivered,159.99,0.00,0.00,159.99,San Jose,CA,95101,2025-05-21 21:33:47+00
402,240,2024-09-22 13:14:54+00,delivered,88.00,0.00,0.00,88.00,San Antonio,TX,78201,2024-09-24 21:14:54+00
403,240,2024-11-05 16:15:54+00,cancelled,79.90,0.00,7.99,71.91,San Antonio,TX,78201,
404,241,2025-08-19 21:10:25+00,delivered,658.47,0.00,0.00,658.47,Austin,TX,73301,2025-08-26 07:10:25+00
405,242,2024-06-06 22:16:16+00,processing,39.95,5.99,0.00,45.94,Denver,CO,80201,
406,242,2024-06-10 09:23:16+00,delivered,169.98,0.00,0.00,169.98,Denver,CO,80201,2024-06-16 12:23:16+00
407,243,2024-07-29 04:23:05+00,delivered,169.96,0.00,0.00,169.96,San Diego,CA,92101,2024-08-01 13:23:05+00
408,243,2024-09-03 11:09:05+00,returned,99.99,0.00,0.00,99.99,San Diego,CA,92101,2024-09-07 11:09:05+00
409,244,2024-04-13 08:13:15+00,delivered,289.99,0.00,0.00,289.99,San Diego,CA,92101,2024-04-17 10:13:15+00
410,245,2024-08-23 21:13:58+00,delivered,305.98,0.00,0.00,305.98,Houston,TX,77001,2024-08-28 05:13:58+00
411,246,2025-07-13 01:28:24+00,delivered,69.99,5.99,0.00,75.98,Charlotte,NC,28201,2025-07-17 02:28:24+00
412,247,2025-07-04 06:39:05+00,delivered,329.99,0.00,33.00,296.99,Nashville,TN,37201,2025-07-10 08:39:05+00
413,247,2025-07-15 19:34:05+00,delivered,449.96,0.00,0.00,449.96,Nashville,TN,37201,2025-07-18 00:34:05+00
414,248,2024-05-05 03:02:03+00,shipped,139.98,0.00,0.00,139.98,San Antonio,TX,78201,
415,249,2025-12-05 13:50:43+00,shipped,133.73,0.00,0.00,133.73,Minneapolis,MN,55401,
416,249,2026-01-24 01:07:43+00,delivered,139.98,0.00,0.00,139.98,Minneapolis,MN,55401,2026-01-28 11:07:43+00
417,250,2025-03-15 09:52:05+00,cancelled,119.99,0.00,0.00,119.99,Atlanta,GA,30301,
418,250,2025-03-31 12:07:05+00,delivered,297.98,0.00,0.00,297.98,Atlanta,GA,30301,2025-04-02 18:07:05+00
419,251,2024-12-06 18:26:30+00,delivered,54.99,5.99,0.00,60.98,Minneapolis,MN,55401,2024-12-10 01:26:30+00
420,251,2025-01-10 23:17:30+00,delivered,224.97,0.00,0.00,224.97,Minneapolis,MN,55401,2025-01-17 01:17:30+00
421,252,2025-08-24 03:15:41+00,delivered,22.00,5.99,0.00,27.99,Austin,TX,73301,2025-08-26 12:15:41+00
422,253,2025-06-08 14:12:25+00,delivered,309.96,0.00,0.00,309.96,Chicago,IL,60601,2025-06-12 00:12:25+00
423,253,2025-06-22 02:40:25+00,cancelled,137.99,0.00,0.00,137.99,Chicago,IL,60601,
424,253,2025-07-05 04:00:25+00,delivered,419.98,0.00,0.00,419.98,Chicago,IL,60601,2025-07-08 14:00:25+00
425,253,2025-07-22 14:54:25+00,processing,189.98,0.00,0.00,189.98,Chicago,IL,60601,
426,253,2025-08-23 03:41:25+00,processing,24.99,5.99,0.00,30.98,Chicago,IL,60601,
427,253,2025-09-10 14:32:25+00,cancelled,89.99,0.00,0.00,89.99,Chicago,IL,60601,
428,253,2025-09-24 00:43:25+00,delivered,56.00,5.99,0.00,61.99,Chicago,IL,60601,2025-09-27 01:43:25+00
429,254,2024-06-24 17:49:47+00,cancelled,34.99,5.99,0.00,40.98,Nashville,TN,37201,
430,254,2024-07-22 06:39:47+00,delivered,239.98,0.00,0.00,239.98,Nashville,TN,37201,2024-07-24 15:39:47+00
431,254,2024-09-18 15:12:47+00,delivered,68.00,5.99,0.00,73.99,Nashville,TN,37201,2024-09-24 23:12:47+00
432,255,2025-10-10 04:32:03+00,delivered,99.99,0.00,0.00,99.99,Boston,MA,02101,2025-10-12 08:32:03+00
433,256,2025-06-04 05:20:36+00,shipped,136.00,0.00,0.00,136.00,Houston,TX,77001,
434,257,2025-07-11 00:22:22+00,delivered,249.97,0.00,25.00,224.97,Atlanta,GA,30301,2025-07-17 06:22:22+00
435,257,2025-08-18 07:52:22+00,delivered,85.49,0.00,0.00,85.49,Atlanta,GA,30301,2025-08-24 15:52:22+00
436,258,2025-09-06 13:57:28+00,delivered,88.00,0.00,8.80,79.20,San Antonio,TX,78201,2025-09-11 20:57:28+00
437,258,2025-10-24 17:59:28+00,delivered,68.00,5.99,0.00,73.99,San Antonio,TX,78201,2025-10-28 00:59:28+00
438,259,2025-06-07 20:42:11+00,delivered,799.98,0.00,0.00,799.98,Minneapolis,MN,55401,2025-06-10 22:42:11+00
439,259,2025-07-18 02:06:11+00,delivered,159.98,0.00,0.00,159.98,Minneapolis,MN,55401,2025-07-24 06:06:11+00
440,260,2024-02-24 18:28:57+00,delivered,29.99,5.99,0.00,35.98,Boston,MA,02101,2024-03-01 00:28:57+00
441,261,2024-09-11 00:01:27+00,delivered,129.98,0.00,0.00,129.98,Denver,CO,80201,2024-09-16 04:01:27+00
442,261,2024-10-09 04:09:27+00,delivered,349.98,0.00,0.00,349.98,Denver,CO,80201,2024-10-13 13:09:27+00
443,261,2024-12-05 09:11:27+00,delivered,66.99,5.99,0.00,72.98,Denver,CO,80201,2024-12-07 10:11:27+00
444,261,2025-01-13 21:00:27+00,returned,176.00,0.00,0.00,176.00,Denver,CO,80201,2025-01-17 21:00:27+00
445,261,2025-03-08 02:29:27+00,delivered,669.97,0.00,0.00,669.97,Denver,CO,80201,2025-03-10 03:29:27+00
446,262,2025-10-23 09:01:45+00,delivered,499.98,0.00,0.00,499.98,Portland,OR,97201,2025-10-25 18:01:45+00
447,263,2024-04-14 19:08:12+00,delivered,349.96,0.00,0.00,349.96,Boston,MA,02101,2024-04-17 03:08:12+00
448,264,2024-03-15 10:13:13+00,shipped,384.98,0.00,0.00,384.98,Atlanta,GA,30301,
449,264,2024-04-28 14:51:13+00,delivered,434.97,0.00,43.50,391.47,Atlanta,GA,30301,2024-05-03 19:51:13+00
450,265,2025-08-19 05:43:01+00,delivered,199.99,0.00,0.00,199.99,Chicago,IL,60601,2025-08-21 07:43:01+00
451,266,2024-05-31 08:06:54+00,cancelled,59.98,5.99,0.00,65.97,New York,NY,10001,
452,267,2025-03-16 05:50:14+00,delivered,819.96,0.00,0.00,819.96,Denver,CO,80201,2025-03-18 10:50:14+00
453,268,2025-02-06 02:39:35+00,delivered,71.95,5.99,0.00,77.94,Austin,TX,73301,2025-02-12 10:39:35+00
454,268,2025-02-11 11:09:35+00,delivered,547.98,0.00,0.00,547.98,Austin,TX,73301,2025-02-14 15:09:35+00
455,268,2025-02-18 00:01:35+00,pending,659.98,0.00,0.00,659.98,Austin,TX,73301,
456,268,2025-02-23 09:30:35+00,delivered,32.00,5.99,0.00,37.99,Austin,TX,73301,2025-03-01 12:30:35+00
457,268,2025-04-06 14:36:35+00,shipped,154.97,0.00,0.00,154.97,Austin,TX,73301,
458,268,2025-06-04 16:41:35+00,cancelled,1579.91,0.00,0.00,1579.91,Austin,TX,73301,
459,268,2025-08-01 23:14:35+00,delivered,753.45,0.00,0.00,753.45,Austin,TX,73301,2025-08-05 09:14:35+00
460,269,2024-02-16 06:28:51+00,delivered,369.98,0.00,0.00,369.98,Seattle,WA,98101,2024-02-22 13:28:51+00
461,269,2024-03-06 08:05:51+00,delivered,579.97,0.00,0.00,579.97,Seattle,WA,98101,2024-03-08 13:05:51+00
462,269,2024-03-22 14:51:51+00,delivered,197.24,0.00,0.00,197.24,Seattle,WA,98101,2024-03-24 22:51:51+00
463,270,2024-09-17 23:35:04+00,delivered,49.99,5.99,0.00,55.98,Austin,TX,73301,2024-09-23 08:35:04+00
464,271,2025-01-16 22:05:26+00,cancelled,142.97,0.00,0.00,142.97,Dallas,TX,75201,
465,272,2025-01-23 16:57:33+00,delivered,164.98,0.00,0.00,164.98,Phoenix,AZ,85001,2025-01-26 18:57:33+00
466,273,2025-10-24 06:36:18+00,processing,74.99,5.99,0.00,80.98,New York,NY,10001,
467,274,2025-05-08 17:18:00+00,pending,119.98,0.00,0.00,119.98,Atlanta,GA,30301,
468,275,2025-07-25 08:33:53+00,delivered,29.99,5.99,0.00,35.98,New York,NY,10001,2025-07-29 13:33:53+00
469,276,2024-03-17 12:33:15+00,delivered,149.98,0.00,0.00,149.98,Philadelphia,PA,19101,2024-03-23 21:33:15+00
470,276,2024-03-25 17:26:15+00,delivered,189.98,0.00,0.00,189.98,Philadelphia,PA,19101,2024-03-29 00:26:15+00
471,276,2024-05-02 01:45:15+00,cancelled,99.99,0.00,0.00,99.99,Philadelphia,PA,19101,
472,276,2024-06-24 12:48:15+00,delivered,385.97,0.00,0.00,385.97,Philadelphia,PA,19101,2024-06-30 15:48:15+00
473,277,2024-11-08 01:15:08+00,delivered,129.99,0.00,0.00,129.99,Seattle,WA,98101,2024-11-14 08:15:08+00
474,277,2024-11-30 07:53:08+00,delivered,25.49,5.99,0.00,31.48,Seattle,WA,98101,2024-12-05 08:53:08+00
475,278,2025-10-27 04:54:18+00,delivered,359.98,0.00,0.00,359.98,Austin,TX,73301,2025-10-31 11:54:18+00
476,278,2025-11-26 11:28:18+00,processing,429.96,0.00,0.00,429.96,Austin,TX,73301,
477,279,2025-07-04 13:54:59+00,delivered,269.98,0.00,0.00,269.98,Los Angeles,CA,90001,2025-07-07 16:54:59+00
478,279,2025-08-18 21:04:59+00,shipped,79.99,0.00,0.00,79.99,Los Angeles,CA,90001,
479,280,2024-07-09 06:39:28+00,delivered,399.94,0.00,0.00,399.94,Nashville,TN,37201,2024-07-12 12:39:28+00
480,280,2024-07-27 16:30:28+00,delivered,29.99,5.99,0.00,35.98,Nashville,TN,37201,2024-08-01 17:30:28+00
481,280,2024-09-02 19:42:28+00,processing,89.99,0.00,9.00,80.99,Nashville,TN,37201,
482,281,2024-02-07 05:10:01+00,delivered,166.48,0.00,0.00,166.48,Portland,OR,97201,2024-02-10 12:10:01+00
483,282,2025-03-20 15:40:34+00,delivered,94.99,0.00,0.00,94.99,Chicago,IL,60601,2025-03-26 00:40:34+00
484,283,2024-09-28 01:59:18+00,delivered,159.99,0.00,0.00,159.99,Chicago,IL,60601,2024-10-01 10:59:18+00
485,284,2024-08-05 02:34:06+00,delivered,174.98,0.00,0.00,174.98,San Jose,CA,95101,2024-08-10 08:34:06+00
486,285,2025-06-04 23:28:01+00,delivered,49.98,5.99,0.00,55.97,Philadelphia,PA,19101,2025-06-07 07:28:01+00
487,285,2025-07-08 02:29:01+00,delivered,139.98,0.00,0.00,139.98,Philadelphia,PA,19101,2025-07-14 11:29:01+00
488,286,2025-07-08 13:27:25+00,delivered,124.99,0.00,0.00,124.99,Dallas,TX,75201,2025-07-11 14:27:25+00
489,286,2025-08-11 16:44:25+00,delivered,679.95,0.00,0.00,679.95,Dallas,TX,75201,2025-08-14 22:44:25+00
490,286,2025-08-30 22:00:25+00,pending,565.95,0.00,0.00,565.95,Dallas,TX,75201,
491,287,2024-12-22 00:43:38+00,delivered,289.99,0.00,0.00,289.99,New York,NY,10001,2024-12-24 03:43:38+00
492,287,2025-01-30 08:20:38+00,delivered,129.99,0.00,0.00,129.99,New York,NY,10001,2025-02-02 18:20:38+00
493,287,2025-03-16 11:36:38+00,delivered,268.38,0.00,0.00,268.38,New York,NY,10001,2025-03-18 13:36:38+00
494,288,2025-02-04 18:48:23+00,returned,264.96,0.00,0.00,264.96,Atlanta,GA,30301,2025-02-09 18:48:23+00
495,288,2025-03-23 04:12:23+00,delivered,399.99,0.00,0.00,399.99,Atlanta,GA,30301,2025-03-28 06:12:23+00
496,288,2025-04-24 16:36:23+00,delivered,258.72,0.00,0.00,258.72,Atlanta,GA,30301,2025-04-30 18:36:23+00
497,289,2024-09-10 18:21:10+00,delivered,94.99,0.00,0.00,94.99,Charlotte,NC,28201,2024-09-15 23:21:10+00
498,289,2024-11-05 06:11:10+00,delivered,827.98,0.00,0.00,827.98,Charlotte,NC,28201,2024-11-07 10:11:10+00
499,290,2024-07-14 23:23:54+00,delivered,37.95,5.99,0.00,43.94,Portland,OR,97201,2024-07-17 06:23:54+00
500,290,2024-09-10 02:08:54+00,delivered,46.74,5.99,0.00,52.73,Portland,OR,97201,2024-09-13 07:08:54+00
501,291,2024-04-26 23:51:20+00,delivered,29.99,5.99,0.00,35.98,Austin,TX,73301,2024-05-01 08:51:20+00
502,291,2024-04-29 09:05:20+00,delivered,29.99,5.99,0.00,35.98,Austin,TX,73301,2024-05-05 18:05:20+00
503,292,2024-07-11 03:37:19+00,delivered,49.99,5.99,5.00,50.98,Chicago,IL,60601,2024-07-14 09:37:19+00
504,293,2024-11-12 02:48:59+00,shipped,170.99,0.00,0.00,170.99,Phoenix,AZ,85001,
505,293,2024-12-20 09:47:59+00,delivered,289.99,0.00,0.00,289.99,Phoenix,AZ,85001,2024-12-22 17:47:59+00
506,293,2025-02-02 21:55:59+00,delivered,49.99,5.99,0.00,55.98,Phoenix,AZ,85001,2025-02-08 07:55:59+00
507,293,2025-02-15 01:33:59+00,cancelled,169.99,0.00,0.00,169.99,Phoenix,AZ,85001,
508,294,2025-06-28 12:17:16+00,shipped,169.99,0.00,17.00,152.99,Austin,TX,73301,
509,294,2025-08-01 15:17:16+00,shipped,59.49,5.99,5.95,59.53,Austin,TX,73301,
510,295,2025-09-05 22:02:31+00,delivered,69.99,5.99,0.00,75.98,Miami,FL,33101,2025-09-10 05:02:31+00
511,296,2025-03-02 12:54:48+00,delivered,42.00,5.99,0.00,47.99,Minneapolis,MN,55401,2025-03-06 13:54:48+00
512,297,2024-02-27 03:20:39+00,returned,59.98,5.99,0.00,65.97,Austin,TX,73301,2024-03-01 03:20:39+00
513,297,2024-03-03 09:55:39+00,delivered,209.97,0.00,0.00,209.97,Austin,TX,73301,2024-03-05 11:55:39+00
514,298,2024-03-10 01:02:36+00,cancelled,146.47,0.00,0.00,146.47,Boston,MA,02101,
515,298,2024-03-17 10:38:36+00,delivered,135.99,0.00,0.00,135.99,Boston,MA,02101,2024-03-23 16:38:36+00
516,298,2024-05-11 22:43:36+00,cancelled,949.96,0.00,0.00,949.96,Boston,MA,02101,
517,299,2024-10-11 15:15:55+00,delivered,88.00,0.00,0.00,88.00,Portland,OR,97201,2024-10-18 01:15:55+00
518,300,2025-04-25 14:56:38+00,processing,71.99,5.99,0.00,77.98,Seattle,WA,98101,
519,301,2025-08-10 14:57:58+00,delivered,824.94,0.00,0.00,824.94,Dallas,TX,75201,2025-08-14 19:57:58+00
520,301,2025-09-15 16:18:58+00,delivered,164.97,0.00,0.00,164.97,Dallas,TX,75201,2025-09-21 00:18:58+00
521,302,2025-06-23 09:35:56+00,delivered,577.97,0.00,0.00,577.97,Denver,CO,80201,2025-06-29 11:35:56+00
522,303,2024-03-19 03:36:58+00,delivered,28.00,5.99,0.00,33.99,Austin,TX,73301,2024-03-24 13:36:58+00
523,304,2025-01-15 07:29:46+00,delivered,69.99,5.99,0.00,75.98,Nashville,TN,37201,2025-01-19 17:29:46+00
524,304,2025-03-09 19:12:46+00,delivered,209.98,0.00,0.00,209.98,Nashville,TN,37201,2025-03-14 03:12:46+00
525,304,2025-03-15 01:57:46+00,delivered,399.95,0.00,0.00,399.95,Nashville,TN,37201,2025-03-19 02:57:46+00
526,304,2025-03-19 11:36:46+00,delivered,99.99,0.00,0.00,99.99,Nashville,TN,37201,2025-03-23 13:36:46+00
527,304,2025-05-08 16:34:46+00,delivered,62.99,5.99,0.00,68.98,Nashville,TN,37201,2025-05-14 22:34:46+00
528,305,2024-09-30 05:53:11+00,cancelled,254.46,0.00,0.00,254.46,Houston,TX,77001,
529,305,2024-11-27 10:35:11+00,delivered,97.99,0.00,0.00,97.99,Houston,TX,77001,2024-12-01 15:35:11+00
530,306,2024-12-31 11:34:49+00,delivered,28.00,5.99,2.80,31.19,San Jose,CA,95101,2025-01-05 14:34:49+00
531,307,2025-04-24 12:36:58+00,delivered,119.99,0.00,0.00,119.99,Denver,CO,80201,2025-04-28 14:36:58+00
532,307,2025-05-11 13:45:58+00,processing,39.95,5.99,0.00,45.94,Denver,CO,80201,
533,308,2025-07-11 06:00:56+00,pending,29.99,5.99,0.00,35.98,San Antonio,TX,78201,
534,309,2025-06-06 10:23:50+00,delivered,119.99,0.00,0.00,119.99,Atlanta,GA,30301,2025-06-11 15:23:50+00
535,309,2025-06-30 19:34:50+00,delivered,502.20,0.00,0.00,502.20,Atlanta,GA,30301,2025-07-06 03:34:50+00
536,309,2025-07-25 05:24:50+00,delivered,96.48,0.00,0.00,96.48,Atlanta,GA,30301,2025-07-31 13:24:50+00
537,310,2024-10-02 01:03:28+00,delivered,187.99,0.00,0.00,187.99,Minneapolis,MN,55401,2024-10-04 07:03:28+00
538,310,2024-11-05 04:13:28+00,delivered,88.00,0.00,0.00,88.00,Minneapolis,MN,55401,2024-11-10 07:13:28+00
539,311,2024-09-04 15:44:45+00,delivered,59.99,5.99,0.00,65.98,San Jose,CA,95101,2024-09-08 20:44:45+00
540,312,2024-10-30 19:30:19+00,delivered,214.98,0.00,0.00,214.98,Charlotte,NC,28201,2024-11-01 22:30:19+00
541,313,2024-08-15 18:13:13+00,delivered,199.98,0.00,0.00,199.98,Portland,OR,97201,2024-08-19 03:13:13+00
542,314,2024-06-12 07:41:31+00,cancelled,28.00,5.99,0.00,33.99,New York,NY,10001,
543,315,2024-12-11 13:09:46+00,returned,49.99,5.99,0.00,55.98,Boston,MA,02101,2024-12-14 13:09:46+00
544,316,2024-07-05 08:36:06+00,delivered,56.98,5.99,0.00,62.97,Austin,TX,73301,2024-07-07 13:36:06+00
545,317,2025-03-26 11:44:49+00,processing,254.22,0.00,0.00,254.22,Portland,OR,97201,
546,318,2024-11-26 21:54:28+00,delivered,152.99,0.00,0.00,152.99,Atlanta,GA,30301,2024-11-30 02:54:28+00
547,319,2024-04-07 14:19:02+00,delivered,32.00,5.99,0.00,37.99,Chicago,IL,60601,2024-04-10 19:19:02+00
548,320,2025-09-12 01:45:05+00,delivered,84.00,0.00,0.00,84.00,Philadelphia,PA,19101,2025-09-18 02:45:05+00
549,321,2024-09-18 22:06:26+00,delivered,359.93,0.00,0.00,359.93,Charlotte,NC,28201,2024-09-21 08:06:26+00
550,322,2025-09-10 18:34:33+00,delivered,174.97,0.00,0.00,174.97,Phoenix,AZ,85001,2025-09-13 19:34:33+00
551,323,2025-10-13 08:25:12+00,pending,101.99,0.00,0.00,101.99,Phoenix,AZ,85001,
552,324,2024-03-14 11:04:31+00,cancelled,74.99,5.99,0.00,80.98,Boston,MA,02101,
553,324,2024-05-01 21:53:31+00,delivered,59.99,5.99,0.00,65.98,Boston,MA,02101,2024-05-04 04:53:31+00
554,325,2024-09-17 00:04:51+00,cancelled,99.99,0.00,0.00,99.99,Atlanta,GA,30301,
555,326,2024-11-09 14:08:40+00,delivered,59.99,5.99,0.00,65.98,Chicago,IL,60601,2024-11-12 15:08:40+00
556,327,2024-04-22 04:04:11+00,delivered,459.96,0.00,0.00,459.96,San Jose,CA,95101,2024-04-25 11:04:11+00
557,327,2024-04-30 16:01:11+00,delivered,129.98,0.00,0.00,129.98,San Jose,CA,95101,2024-05-06 18:01:11+00
558,327,2024-06-07 00:06:11+00,pending,199.98,0.00,0.00,199.98,San Jose,CA,95101,
559,327,2024-07-11 08:22:11+00,delivered,124.99,0.00,0.00,124.99,San Jose,CA,95101,2024-07-16 09:22:11+00
560,328,2025-11-11 20:16:04+00,delivered,129.99,0.00,13.00,116.99,New York,NY,10001,2025-11-18 03:16:04+00
561,329,2025-11-20 06:55:57+00,pending,61.74,5.99,0.00,67.73,Austin,TX,73301,
562,330,2024-09-05 18:10:18+00,delivered,214.98,0.00,0.00,214.98,Los Angeles,CA,90001,2024-09-10 02:10:18+00
563,330,2024-11-04 19:22:18+00,delivered,79.99,0.00,0.00,79.99,Los Angeles,CA,90001,2024-11-10 05:22:18+00
564,331,2024-04-23 18:32:12+00,delivered,380.97,0.00,38.10,342.87,San Antonio,TX,78201,2024-04-27 00:32:12+00
565,331,2024-06-08 23:22:12+00,delivered,49.99,5.99,0.00,55.98,San Antonio,TX,78201,2024-06-12 03:22:12+00
566,332,2024-11-25 18:21:08+00,delivered,179.99,0.00,0.00,179.99,Houston,TX,77001,2024-11-29 01:21:08+00
567,333,2024-10-27 05:33:47+00,delivered,815.94,0.00,0.00,815.94,Houston,TX,77001,2024-10-30 07:33:47+00
568,333,2024-12-16 15:51:47+00,delivered,109.98,0.00,0.00,109.98,Houston,TX,77001,2024-12-19 21:51:47+00
569,333,2025-01-11 19:43:47+00,processing,475.96,0.00,0.00,475.96,Houston,TX,77001,
570,333,2025-02-26 04:00:47+00,delivered,129.99,0.00,0.00,129.99,Houston,TX,77001,2025-03-01 05:00:47+00
571,333,2025-03-09 05:56:47+00,delivered,69.99,5.99,0.00,75.98,Houston,TX,77001,2025-03-12 12:56:47+00
572,334,2024-01-14 00:18:50+00,delivered,159.99,0.00,0.00,159.99,Chicago,IL,60601,2024-01-19 01:18:50+00
573,334,2024-02-12 12:35:50+00,delivered,59.99,5.99,0.00,65.98,Chicago,IL,60601,2024-02-18 18:35:50+00
574,335,2024-12-15 07:12:58+00,delivered,350.98,0.00,0.00,350.98,Boston,MA,02101,2024-12-18 08:12:58+00
575,336,2024-09-05 01:01:23+00,delivered,29.99,5.99,3.00,32.98,Seattle,WA,98101,2024-09-10 11:01:23+00
576,337,2025-06-02 02:30:56+00,delivered,209.13,0.00,0.00,209.13,New York,NY,10001,2025-06-04 12:30:56+00
577,338,2025-09-15 15:51:14+00,delivered,39.95,5.99,0.00,45.94,Austin,TX,73301,2025-09-18 01:51:14+00
578,338,2025-10-27 22:02:14+00,delivered,199.99,0.00,0.00,199.99,Austin,TX,73301,2025-10-30 23:02:14+00
579,339,2024-01-21 01:47:43+00,pending,69.99,5.99,0.00,75.98,Nashville,TN,37201,
580,339,2024-02-11 11:29:43+00,delivered,54.99,5.99,0.00,60.98,Nashville,TN,37201,2024-02-16 18:29:43+00
581,339,2024-03-08 17:56:43+00,delivered,551.98,0.00,0.00,551.98,Nashville,TN,37201,2024-03-10 22:56:43+00
582,339,2024-04-01 21:32:43+00,delivered,69.99,5.99,0.00,75.98,Nashville,TN,37201,2024-04-05 03:32:43+00
583,339,2024-04-19 00:26:43+00,delivered,219.97,0.00,0.00,219.97,Nashville,TN,37201,2024-04-23 09:26:43+00
584,339,2024-06-08 06:21:43+00,processing,460.97,0.00,0.00,460.97,Nashville,TN,37201,
585,339,2024-07-25 11:38:43+00,delivered,91.99,0.00,0.00,91.99,Nashville,TN,37201,2024-07-29 15:38:43+00
586,340,2025-08-29 22:50:31+00,delivered,806.96,0.00,0.00,806.96,Portland,OR,97201,2025-09-05 07:50:31+00
587,341,2024-03-01 16:35:16+00,delivered,199.99,0.00,20.00,179.99,San Antonio,TX,78201,2024-03-06 22:35:16+00
588,342,2025-03-02 06:53:35+00,delivered,714.95,0.00,0.00,714.95,Denver,CO,80201,2025-03-04 09:53:35+00
589,343,2024-05-13 03:25:22+00,delivered,69.99,5.99,0.00,75.98,San Antonio,TX,78201,2024-05-16 05:25:22+00
590,343,2024-06-02 06:37:22+00,shipped,34.99,5.99,0.00,40.98,San Antonio,TX,78201,
591,343,2024-06-20 13:50:22+00,delivered,54.99,5.99,0.00,60.98,San Antonio,TX,78201,2024-06-22 18:50:22+00
592,343,2024-08-11 23:43:22+00,delivered,185.47,0.00,0.00,185.47,San Antonio,TX,78201,2024-08-18 05:43:22+00
593,344,2025-07-22 15:40:37+00,delivered,129.99,0.00,0.00,129.99,Austin,TX,73301,2025-07-24 20:40:37+00
594,344,2025-08-03 19:32:37+00,delivered,88.00,0.00,0.00,88.00,Austin,TX,73301,2025-08-08 02:32:37+00
595,344,2025-08-19 20:40:37+00,delivered,305.49,0.00,0.00,305.49,Austin,TX,73301,2025-08-24 03:40:37+00
596,345,2024-09-03 21:58:04+00,cancelled,329.99,0.00,0.00,329.99,Charlotte,NC,28201,
597,345,2024-11-02 10:01:04+00,delivered,176.00,0.00,0.00,176.00,Charlotte,NC,28201,2024-11-06 14:01:04+00
598,346,2024-09-29 20:48:07+00,pending,189.97,0.00,0.00,189.97,Philadelphia,PA,19101,
599,347,2024-01-24 05:43:24+00,delivered,69.99,5.99,0.00,75.98,Houston,TX,77001,2024-01-27 08:43:24+00
600,347,2024-03-24 14:24:24+00,delivered,531.98,0.00,0.00,531.98,Houston,TX,77001,2024-03-29 20:24:24+00
601,347,2024-04-10 00:19:24+00,pending,22.00,5.99,0.00,27.99,Houston,TX,77001,
602,348,2024-10-16 03:02:45+00,cancelled,139.94,0.00,0.00,139.94,Miami,FL,33101,
603,349,2025-06-11 07:06:56+00,delivered,42.49,5.99,0.00,48.48,Houston,TX,77001,2025-06-13 10:06:56+00
604,350,2024-10-24 03:29:49+00,shipped,373.98,0.00,0.00,373.98,San Diego,CA,92101,
605,351,2024-11-30 18:06:07+00,delivered,267.43,0.00,0.00,267.43,San Diego,CA,92101,2024-12-03 21:06:07+00
606,351,2024-12-19 05:02:07+00,delivered,389.97,0.00,0.00,389.97,San Diego,CA,92101,2024-12-22 09:02:07+00
607,352,2024-02-23 08:52:48+00,shipped,325.94,0.00,0.00,325.94,Nashville,TN,37201,
608,353,2024-09-04 23:29:34+00,delivered,60.00,5.99,0.00,65.99,Austin,TX,73301,2024-09-08 09:29:34+00
609,353,2024-09-08 06:34:34+00,processing,49.99,5.99,5.00,50.98,Austin,TX,73301,
610,353,2024-10-26 09:43:34+00,delivered,32.00,5.99,0.00,37.99,Austin,TX,73301,2024-10-28 11:43:34+00
611,354,2024-08-30 13:45:48+00,delivered,169.99,0.00,17.00,152.99,Austin,TX,73301,2024-09-02 20:45:48+00
612,355,2024-07-13 05:35:46+00,delivered,29.99,5.99,0.00,35.98,Portland,OR,97201,2024-07-19 06:35:46+00
613,356,2024-01-15 14:21:15+00,cancelled,49.99,5.99,0.00,55.98,New York,NY,10001,
614,357,2024-03-01 04:05:30+00,delivered,179.99,0.00,0.00,179.99,Boston,MA,02101,2024-03-06 11:05:30+00
615,358,2025-08-08 09:44:19+00,shipped,39.95,5.99,0.00,45.94,Seattle,WA,98101,
616,359,2024-12-11 09:33:06+00,delivered,194.98,0.00,0.00,194.98,Minneapolis,MN,55401,2024-12-15 16:33:06+00
617,359,2024-12-17 13:44:06+00,delivered,159.99,0.00,0.00,159.99,Minneapolis,MN,55401,2024-12-19 14:44:06+00
618,360,2024-08-09 02:32:29+00,delivered,32.00,5.99,0.00,37.99,San Jose,CA,95101,2024-08-14 12:32:29+00
619,360,2024-09-21 06:04:29+00,delivered,56.00,5.99,5.60,56.39,San Jose,CA,95101,2024-09-23 15:04:29+00
620,360,2024-10-03 15:25:29+00,delivered,429.97,0.00,0.00,429.97,San Jose,CA,95101,2024-10-08 19:25:29+00
621,361,2024-12-24 22:34:53+00,delivered,195.98,0.00,0.00,195.98,Phoenix,AZ,85001,2024-12-30 07:34:53+00
622,361,2025-01-28 09:31:53+00,delivered,131.98,0.00,0.00,131.98,Phoenix,AZ,85001,2025-01-31 13:31:53+00
623,362,2024-08-01 06:21:20+00,delivered,49.99,5.99,0.00,55.98,Atlanta,GA,30301,2024-08-05 08:21:20+00
624,363,2024-09-21 11:25:00+00,delivered,1224.96,0.00,0.00,1224.96,San Antonio,TX,78201,2024-09-26 17:25:00+00
625,364,2024-05-15 21:04:46+00,cancelled,56.99,5.99,0.00,62.98,Austin,TX,73301,
626,364,2024-06-16 06:48:46+00,delivered,104.98,0.00,0.00,104.98,Austin,TX,73301,2024-06-22 13:48:46+00
627,365,2025-09-23 01:06:17+00,delivered,69.99,5.99,0.00,75.98,Houston,TX,77001,2025-09-28 10:06:17+00
628,366,2024-10-24 21:39:06+00,processing,129.99,0.00,0.00,129.99,San Antonio,TX,78201,
629,367,2025-05-28 08:00:06+00,delivered,22.00,5.99,0.00,27.99,Chicago,IL,60601,2025-06-03 09:00:06+00
630,367,2025-07-04 09:35:06+00,delivered,361.98,0.00,0.00,361.98,Chicago,IL,60601,2025-07-09 14:35:06+00
631,368,2025-03-30 13:19:36+00,delivered,289.94,0.00,28.99,260.95,Los Angeles,CA,90001,2025-04-05 22:19:36+00
632,368,2025-05-03 21:15:36+00,delivered,211.22,0.00,0.00,211.22,Los Angeles,CA,90001,2025-05-06 23:15:36+00
633,368,2025-07-01 06:51:36+00,delivered,29.99,5.99,0.00,35.98,Los Angeles,CA,90001,2025-07-03 12:51:36+00
634,369,2024-05-31 00:39:58+00,delivered,231.98,0.00,0.00,231.98,Philadelphia,PA,19101,2024-06-03 08:39:58+00
635,369,2024-07-10 07:20:58+00,delivered,94.99,0.00,0.00,94.99,Philadelphia,PA,19101,2024-07-14 14:20:58+00
636,369,2024-09-07 12:47:58+00,delivered,579.97,0.00,58.00,521.97,Philadelphia,PA,19101,2024-09-09 21:47:58+00
637,369,2024-09-26 18:06:58+00,cancelled,119.99,0.00,0.00,119.99,Philadelphia,PA,19101,
638,369,2024-10-24 00:16:58+00,delivered,34.99,5.99,0.00,40.98,Philadelphia,PA,19101,2024-10-26 07:16:58+00
639,369,2024-11-15 08:05:58+00,delivered,174.98,0.00,17.50,157.48,Philadelphia,PA,19101,2024-11-18 10:05:58+00
640,369,2024-12-11 13:39:58+00,delivered,589.97,0.00,0.00,589.97,Philadelphia,PA,19101,2024-12-15 19:39:58+00
641,370,2025-11-30 10:14:07+00,delivered,176.00,0.00,17.60,158.40,Austin,TX,73301,2025-12-03 17:14:07+00
642,371,2025-11-28 14:47:05+00,cancelled,659.98,0.00,0.00,659.98,Boston,MA,02101,
643,371,2025-12-21 03:30:05+00,delivered,99.99,0.00,0.00,99.99,Boston,MA,02101,2025-12-25 06:30:05+00
644,371,2026-01-31 05:58:05+00,delivered,69.99,5.99,0.00,75.98,Boston,MA,02101,2026-02-04 06:58:05+00
645,371,2026-02-24 09:17:05+00,delivered,28.00,5.99,0.00,33.99,Boston,MA,02101,2026-03-02 14:17:05+00
646,372,2025-01-25 05:17:49+00,delivered,379.99,0.00,0.00,379.99,Miami,FL,33101,2025-01-28 13:17:49+00
647,373,2024-02-01 12:11:21+00,delivered,88.00,0.00,8.80,79.20,San Jose,CA,95101,2024-02-07 14:11:21+00
648,374,2025-05-26 19:01:25+00,delivered,136.00,0.00,0.00,136.00,Philadelphia,PA,19101,2025-05-31 02:01:25+00
649,375,2025-10-27 22:25:34+00,delivered,39.95,5.99,0.00,45.94,Seattle,WA,98101,2025-11-02 02:25:34+00
650,376,2025-07-04 15:00:59+00,delivered,1149.96,0.00,0.00,1149.96,Minneapolis,MN,55401,2025-07-08 22:00:59+00
651,377,2024-03-21 22:52:10+00,delivered,299.97,0.00,0.00,299.97,Philadelphia,PA,19101,2024-03-24 07:52:10+00
652,377,2024-05-21 05:44:10+00,delivered,145.47,0.00,14.55,130.92,Philadelphia,PA,19101,2024-05-26 11:44:10+00
653,377,2024-06-29 14:30:10+00,delivered,29.99,5.99,0.00,35.98,Philadelphia,PA,19101,2024-07-01 17:30:10+00
654,378,2025-05-04 18:51:06+00,delivered,127.99,0.00,0.00,127.99,New York,NY,10001,2025-05-09 00:51:06+00
655,378,2025-05-28 02:45:06+00,delivered,79.80,0.00,0.00,79.80,New York,NY,10001,2025-05-30 12:45:06+00
656,378,2025-07-05 04:08:06+00,delivered,495.98,0.00,49.60,446.38,New York,NY,10001,2025-07-11 11:08:06+00
657,378,2025-07-07 15:28:06+00,delivered,119.98,0.00,0.00,119.98,New York,NY,10001,2025-07-12 16:28:06+00
658,379,2024-04-30 14:57:49+00,delivered,389.96,0.00,39.00,350.96,Phoenix,AZ,85001,2024-05-05 15:57:49+00
659,380,2024-09-03 01:31:36+00,delivered,75.90,0.00,7.59,68.31,Minneapolis,MN,55401,2024-09-07 10:31:36+00
660,381,2025-03-22 00:13:58+00,delivered,159.97,0.00,0.00,159.97,Philadelphia,PA,19101,2025-03-28 01:13:58+00
661,381,2025-04-17 04:50:58+00,delivered,89.99,0.00,0.00,89.99,Philadelphia,PA,19101,2025-04-20 10:50:58+00
662,382,2025-07-27 12:17:37+00,delivered,359.88,0.00,0.00,359.88,Austin,TX,73301,2025-08-02 19:17:37+00
663,383,2025-03-29 18:58:14+00,delivered,404.96,0.00,0.00,404.96,Charlotte,NC,28201,2025-04-03 01:58:14+00
664,384,2024-05-20 23:21:53+00,delivered,227.99,0.00,0.00,227.99,Seattle,WA,98101,2024-05-23 08:21:53+00
665,385,2024-10-13 01:21:32+00,delivered,289.99,0.00,0.00,289.99,San Diego,CA,92101,2024-10-15 11:21:32+00
666,385,2024-12-09 08:09:32+00,cancelled,149.98,0.00,0.00,149.98,San Diego,CA,92101,
667,386,2025-01-25 13:38:52+00,delivered,523.91,0.00,0.00,523.91,Philadelphia,PA,19101,2025-01-30 22:38:52+00
668,387,2025-09-21 06:49:59+00,delivered,272.72,0.00,0.00,272.72,Philadelphia,PA,19101,2025-09-26 11:49:59+00
669,388,2024-10-25 00:13:32+00,delivered,209.97,0.00,21.00,188.97,San Jose,CA,95101,2024-10-30 03:13:32+00
670,388,2024-11-10 02:52:32+00,delivered,179.99,0.00,18.00,161.99,San Jose,CA,95101,2024-11-14 10:52:32+00
671,389,2025-06-03 05:44:34+00,delivered,149.98,0.00,15.00,134.98,New York,NY,10001,2025-06-06 10:44:34+00
672,389,2025-06-11 17:43:34+00,delivered,716.97,0.00,0.00,716.97,New York,NY,10001,2025-06-16 02:43:34+00
673,390,2025-03-15 03:27:15+00,delivered,249.99,0.00,0.00,249.99,San Antonio,TX,78201,2025-03-19 10:27:15+00
674,391,2025-03-05 08:26:14+00,pending,439.96,0.00,0.00,439.96,Los Angeles,CA,90001,
675,391,2025-03-19 16:00:14+00,delivered,123.49,0.00,0.00,123.49,Los Angeles,CA,90001,2025-03-21 22:00:14+00
676,392,2025-05-13 04:45:23+00,delivered,168.98,0.00,16.90,152.08,Austin,TX,73301,2025-05-15 08:45:23+00
677,393,2025-01-10 07:10:48+00,delivered,298.96,0.00,0.00,298.96,Austin,TX,73301,2025-01-14 13:10:48+00
678,393,2025-01-21 11:58:48+00,delivered,44.99,5.99,0.00,50.98,Austin,TX,73301,2025-01-24 14:58:48+00
679,394,2024-11-10 16:52:44+00,shipped,501.14,0.00,50.11,451.03,Chicago,IL,60601,
680,395,2024-08-04 07:09:49+00,cancelled,205.47,0.00,0.00,205.47,Dallas,TX,75201,
681,395,2024-08-26 16:46:49+00,pending,329.99,0.00,0.00,329.99,Dallas,TX,75201,
682,395,2024-10-06 02:42:49+00,delivered,260.99,0.00,0.00,260.99,Dallas,TX,75201,2024-10-11 11:42:49+00
683,396,2025-09-27 13:09:12+00,cancelled,281.97,0.00,0.00,281.97,Chicago,IL,60601,
684,396,2025-10-11 20:47:12+00,cancelled,504.96,0.00,0.00,504.96,Chicago,IL,60601,
685,397,2025-03-01 16:08:43+00,delivered,179.99,0.00,0.00,179.99,Nashville,TN,37201,2025-03-06 19:08:43+00
686,398,2025-07-22 04:59:24+00,processing,132.60,0.00,13.26,119.34,Denver,CO,80201,
687,398,2025-08-08 10:46:24+00,delivered,76.49,0.00,0.00,76.49,Denver,CO,80201,2025-08-13 18:46:24+00
688,399,2024-12-16 10:33:26+00,delivered,151.98,0.00,0.00,151.98,Houston,TX,77001,2024-12-22 12:33:26+00
689,400,2024-12-16 23:05:06+00,delivered,59.98,5.99,0.00,65.97,Chicago,IL,60601,2024-12-23 00:05:06+00
690,400,2024-12-21 00:06:06+00,pending,489.98,0.00,0.00,489.98,Chicago,IL,60601,
691,401,2024-11-19 01:47:02+00,processing,94.99,0.00,0.00,94.99,Chicago,IL,60601,
692,402,2024-05-08 18:41:06+00,cancelled,319.98,0.00,32.00,287.98,Boston,MA,02101,
693,402,2024-05-28 02:07:06+00,delivered,659.96,0.00,0.00,659.96,Boston,MA,02101,2024-06-01 09:07:06+00
694,403,2025-11-24 15:05:19+00,delivered,923.96,0.00,0.00,923.96,Portland,OR,97201,2025-11-30 18:05:19+00
695,403,2026-01-23 21:45:19+00,cancelled,209.97,0.00,0.00,209.97,Portland,OR,97201,
696,403,2026-02-05 07:51:19+00,returned,1034.94,0.00,0.00,1034.94,Portland,OR,97201,2026-02-10 07:51:19+00
697,404,2024-11-16 18:09:44+00,delivered,69.99,5.99,0.00,75.98,Los Angeles,CA,90001,2024-11-21 01:09:44+00
698,405,2024-08-03 01:08:30+00,delivered,333.98,0.00,0.00,333.98,Los Angeles,CA,90001,2024-08-05 06:08:30+00
699,405,2024-08-07 06:49:30+00,delivered,56.00,5.99,0.00,61.99,Los Angeles,CA,90001,2024-08-10 14:49:30+00
700,405,2024-08-30 10:49:30+00,delivered,79.99,0.00,0.00,79.99,Los Angeles,CA,90001,2024-09-02 15:49:30+00
701,405,2024-10-05 13:59:30+00,cancelled,60.19,5.99,0.00,66.18,Los Angeles,CA,90001,
702,405,2024-10-30 02:49:30+00,delivered,149.97,0.00,0.00,149.97,Los Angeles,CA,90001,2024-11-02 05:49:30+00
703,405,2024-11-29 12:43:30+00,shipped,183.49,0.00,0.00,183.49,Los Angeles,CA,90001,
704,405,2024-12-07 22:02:30+00,delivered,331.95,0.00,0.00,331.95,Los Angeles,CA,90001,2024-12-13 03:02:30+00
705,406,2024-07-08 15:36:03+00,delivered,24.99,5.99,0.00,30.98,Houston,TX,77001,2024-07-14 18:36:03+00
706,406,2024-07-17 03:21:03+00,delivered,135.23,0.00,0.00,135.23,Houston,TX,77001,2024-07-20 12:21:03+00
707,407,2024-06-07 14:56:30+00,delivered,379.99,0.00,0.00,379.99,Charlotte,NC,28201,2024-06-12 21:56:30+00
708,408,2024-05-06 20:34:40+00,delivered,345.48,0.00,0.00,345.48,Los Angeles,CA,90001,2024-05-09 01:34:40+00
709,408,2024-06-16 05:09:40+00,shipped,169.97,0.00,0.00,169.97,Los Angeles,CA,90001,
710,409,2024-05-31 13:53:15+00,delivered,158.99,0.00,0.00,158.99,Minneapolis,MN,55401,2024-06-06 21:53:15+00
711,410,2025-10-13 10:04:11+00,returned,249.99,0.00,0.00,249.99,San Antonio,TX,78201,2025-10-18 10:04:11+00
712,411,2024-12-26 02:56:14+00,delivered,54.99,5.99,0.00,60.98,Seattle,WA,98101,2024-12-28 04:56:14+00
713,412,2025-06-27 21:01:17+00,shipped,179.99,0.00,0.00,179.99,Dallas,TX,75201,
714,413,2025-06-12 00:15:18+00,delivered,66.00,5.99,0.00,71.99,San Diego,CA,92101,2025-06-18 09:15:18+00
715,414,2025-05-24 09:22:49+00,delivered,189.98,0.00,0.00,189.98,Miami,FL,33101,2025-05-26 18:22:49+00
716,414,2025-06-06 14:57:49+00,delivered,317.99,0.00,0.00,317.99,Miami,FL,33101,2025-06-12 20:57:49+00
717,415,2025-11-05 02:21:00+00,delivered,28.00,5.99,2.80,31.19,Boston,MA,02101,2025-11-10 11:21:00+00
718,415,2025-11-29 04:48:00+00,delivered,226.47,0.00,0.00,226.47,Boston,MA,02101,2025-12-01 08:48:00+00
719,416,2024-04-02 01:11:09+00,delivered,209.97,0.00,0.00,209.97,Charlotte,NC,28201,2024-04-06 05:11:09+00
720,416,2024-05-25 04:03:09+00,delivered,139.98,0.00,0.00,139.98,Charlotte,NC,28201,2024-05-28 05:03:09+00
721,417,2025-01-13 20:00:18+00,delivered,321.57,0.00,0.00,321.57,Austin,TX,73301,2025-01-17 06:00:18+00
722,417,2025-03-09 06:50:18+00,delivered,94.99,0.00,0.00,94.99,Austin,TX,73301,2025-03-11 12:50:18+00
723,417,2025-03-15 15:48:18+00,delivered,139.98,0.00,0.00,139.98,Austin,TX,73301,2025-03-17 18:48:18+00
724,417,2025-03-27 20:34:18+00,delivered,722.97,0.00,72.30,650.67,Austin,TX,73301,2025-03-31 01:34:18+00
725,417,2025-04-02 06:03:18+00,delivered,95.99,0.00,0.00,95.99,Austin,TX,73301,2025-04-07 11:03:18+00
726,417,2025-05-26 08:56:18+00,delivered,109.94,0.00,0.00,109.94,Austin,TX,73301,2025-05-30 16:56:18+00
727,417,2025-06-23 16:12:18+00,delivered,181.98,0.00,0.00,181.98,Austin,TX,73301,2025-06-28 23:12:18+00
728,418,2025-08-29 00:50:36+00,delivered,579.98,0.00,0.00,579.98,San Antonio,TX,78201,2025-09-01 09:50:36+00
729,419,2024-08-18 10:49:11+00,delivered,399.99,0.00,0.00,399.99,New York,NY,10001,2024-08-21 15:49:11+00
730,420,2024-06-28 06:58:01+00,delivered,69.99,5.99,0.00,75.98,San Jose,CA,95101,2024-07-01 12:58:01+00
731,420,2024-08-24 08:13:01+00,shipped,159.98,0.00,0.00,159.98,San Jose,CA,95101,
732,420,2024-09-03 16:59:01+00,delivered,75.99,0.00,0.00,75.99,San Jose,CA,95101,2024-09-05 19:59:01+00
733,421,2024-03-26 05:58:10+00,delivered,129.97,0.00,0.00,129.97,Portland,OR,97201,2024-03-29 06:58:10+00
734,422,2024-07-05 22:19:03+00,delivered,596.94,0.00,0.00,596.94,Chicago,IL,60601,2024-07-09 05:19:03+00
735,423,2025-01-12 21:51:14+00,pending,239.98,0.00,0.00,239.98,Atlanta,GA,30301,
736,423,2025-01-27 02:02:14+00,delivered,59.99,5.99,0.00,65.98,Atlanta,GA,30301,2025-02-01 05:02:14+00
737,423,2025-03-28 11:02:14+00,delivered,289.98,0.00,0.00,289.98,Atlanta,GA,30301,2025-04-03 12:02:14+00
738,423,2025-04-13 23:40:14+00,delivered,347.97,0.00,34.80,313.17,Atlanta,GA,30301,2025-04-19 02:40:14+00
739,424,2024-02-22 14:39:17+00,delivered,157.99,0.00,15.80,142.19,Nashville,TN,37201,2024-02-25 23:39:17+00
740,425,2025-07-14 06:27:37+00,delivered,779.95,0.00,78.00,701.95,Phoenix,AZ,85001,2025-07-18 13:27:37+00
741,426,2024-08-01 00:11:44+00,delivered,69.99,5.99,0.00,75.98,Los Angeles,CA,90001,2024-08-03 10:11:44+00
742,427,2025-05-12 10:10:49+00,delivered,119.99,0.00,0.00,119.99,Phoenix,AZ,85001,2025-05-15 16:10:49+00
743,427,2025-06-27 14:49:49+00,delivered,439.96,0.00,0.00,439.96,Phoenix,AZ,85001,2025-06-30 18:49:49+00
744,427,2025-07-16 16:59:49+00,processing,199.98,0.00,0.00,199.98,Phoenix,AZ,85001,
745,428,2024-10-17 05:15:51+00,delivered,22.00,5.99,0.00,27.99,Portland,OR,97201,2024-10-22 12:15:51+00
746,428,2024-11-01 13:36:51+00,delivered,24.99,5.99,0.00,30.98,Portland,OR,97201,2024-11-03 23:36:51+00
747,429,2025-11-18 17:41:16+00,delivered,487.48,0.00,0.00,487.48,San Diego,CA,92101,2025-11-25 00:41:16+00
748,430,2024-02-05 21:51:06+00,delivered,34.99,5.99,0.00,40.98,Philadelphia,PA,19101,2024-02-12 02:51:06+00
749,430,2024-04-03 04:13:06+00,delivered,34.99,5.99,0.00,40.98,Philadelphia,PA,19101,2024-04-05 09:13:06+00
750,431,2024-04-16 12:44:56+00,delivered,690.95,0.00,0.00,690.95,Boston,MA,02101,2024-04-19 15:44:56+00
751,432,2024-04-21 10:04:10+00,processing,359.97,0.00,0.00,359.97,San Diego,CA,92101,
752,433,2025-05-18 21:30:00+00,processing,579.98,0.00,0.00,579.98,Los Angeles,CA,90001,
753,434,2024-04-02 13:12:43+00,delivered,88.00,0.00,0.00,88.00,New York,NY,10001,2024-04-07 16:12:43+00
754,434,2024-04-14 19:31:43+00,pending,427.45,0.00,0.00,427.45,New York,NY,10001,
755,435,2025-07-01 10:32:14+00,delivered,32.00,5.99,0.00,37.99,Phoenix,AZ,85001,2025-07-05 18:32:14+00
756,435,2025-07-08 16:08:14+00,delivered,56.99,5.99,5.70,57.28,Phoenix,AZ,85001,2025-07-14 17:08:14+00
757,436,2025-06-29 00:52:09+00,delivered,161.49,0.00,0.00,161.49,Dallas,TX,75201,2025-07-02 02:52:09+00
758,436,2025-08-06 05:07:09+00,delivered,104.98,0.00,0.00,104.98,Dallas,TX,75201,2025-08-09 14:07:09+00
759,436,2025-09-19 06:27:09+00,delivered,187.99,0.00,18.80,169.19,Dallas,TX,75201,2025-09-24 08:27:09+00
760,437,2024-04-03 00:47:56+00,delivered,786.94,0.00,0.00,786.94,Austin,TX,73301,2024-04-05 04:47:56+00
761,437,2024-04-12 12:59:56+00,delivered,169.93,0.00,0.00,169.93,Austin,TX,73301,2024-04-17 20:59:56+00
762,437,2024-05-22 18:10:56+00,delivered,374.46,0.00,0.00,374.46,Austin,TX,73301,2024-05-24 23:10:56+00
763,438,2024-11-18 20:13:35+00,delivered,89.99,0.00,0.00,89.99,San Antonio,TX,78201,2024-11-23 23:13:35+00
764,439,2024-01-23 06:49:57+00,delivered,28.00,5.99,0.00,33.99,San Jose,CA,95101,2024-01-27 15:49:57+00
765,440,2024-02-29 01:21:00+00,delivered,59.99,5.99,0.00,65.98,Chicago,IL,60601,2024-03-04 07:21:00+00
766,440,2024-03-03 02:58:00+00,delivered,329.99,0.00,0.00,329.99,Chicago,IL,60601,2024-03-08 11:58:00+00
767,441,2025-09-30 11:08:39+00,delivered,279.99,0.00,0.00,279.99,Atlanta,GA,30301,2025-10-05 17:08:39+00
768,442,2025-08-12 07:05:49+00,delivered,344.97,0.00,0.00,344.97,Houston,TX,77001,2025-08-15 17:05:49+00
769,442,2025-08-16 14:02:49+00,delivered,329.99,0.00,33.00,296.99,Houston,TX,77001,2025-08-19 22:02:49+00
770,443,2025-08-06 00:52:37+00,delivered,284.00,0.00,0.00,284.00,Charlotte,NC,28201,2025-08-08 09:52:37+00
771,444,2024-11-05 05:28:28+00,delivered,884.97,0.00,0.00,884.97,Atlanta,GA,30301,2024-11-08 14:28:28+00
772,444,2024-12-13 08:36:28+00,shipped,389.97,0.00,0.00,389.97,Atlanta,GA,30301,
773,445,2025-04-04 11:48:01+00,delivered,69.99,5.99,0.00,75.98,Philadelphia,PA,19101,2025-04-06 13:48:01+00
774,445,2025-05-15 14:31:01+00,returned,501.95,0.00,0.00,501.95,Philadelphia,PA,19101,2025-05-20 14:31:01+00
775,446,2025-06-24 07:12:10+00,shipped,94.98,0.00,0.00,94.98,Charlotte,NC,28201,
776,446,2025-07-11 09:55:10+00,delivered,489.98,0.00,49.00,440.98,Charlotte,NC,28201,2025-07-15 14:55:10+00
777,446,2025-07-13 16:11:10+00,returned,59.99,5.99,0.00,65.98,Charlotte,NC,28201,2025-07-18 16:11:10+00
778,446,2025-09-03 21:02:10+00,delivered,29.99,5.99,0.00,35.98,Charlotte,NC,28201,2025-09-06 23:02:10+00
779,447,2025-05-28 12:49:32+00,delivered,569.97,0.00,0.00,569.97,Los Angeles,CA,90001,2025-06-01 21:49:32+00
780,447,2025-07-01 15:10:32+00,delivered,139.98,0.00,0.00,139.98,Los Angeles,CA,90001,2025-07-06 16:10:32+00
781,447,2025-07-06 19:11:32+00,delivered,49.99,5.99,0.00,55.98,Los Angeles,CA,90001,2025-07-12 20:11:32+00
782,447,2025-07-20 07:06:32+00,delivered,379.99,0.00,0.00,379.99,Los Angeles,CA,90001,2025-07-24 16:06:32+00
783,448,2025-06-21 09:26:14+00,delivered,29.99,5.99,0.00,35.98,San Jose,CA,95101,2025-06-25 11:26:14+00
784,448,2025-07-17 11:36:14+00,delivered,90.24,0.00,0.00,90.24,San Jose,CA,95101,2025-07-22 18:36:14+00
785,448,2025-09-14 16:53:14+00,delivered,88.00,0.00,0.00,88.00,San Jose,CA,95101,2025-09-19 02:53:14+00
786,448,2025-09-16 19:04:14+00,delivered,69.99,5.99,0.00,75.98,San Jose,CA,95101,2025-09-20 22:04:14+00
787,449,2025-03-14 10:45:27+00,delivered,234.98,0.00,0.00,234.98,Phoenix,AZ,85001,2025-03-16 14:45:27+00
788,449,2025-05-03 13:29:27+00,delivered,979.95,0.00,0.00,979.95,Phoenix,AZ,85001,2025-05-08 19:29:27+00
789,450,2025-01-25 11:15:56+00,cancelled,239.97,0.00,0.00,239.97,Philadelphia,PA,19101,
790,450,2025-02-25 22:04:56+00,delivered,49.99,5.99,0.00,55.98,Philadelphia,PA,19101,2025-03-04 05:04:56+00
791,450,2025-04-25 10:01:56+00,delivered,64.99,5.99,0.00,70.98,Philadelphia,PA,19101,2025-04-27 15:01:56+00
792,450,2025-05-23 13:13:56+00,processing,399.98,0.00,0.00,399.98,Philadelphia,PA,19101,
793,450,2025-07-23 01:51:56+00,delivered,94.99,0.00,0.00,94.99,Philadelphia,PA,19101,2025-07-29 05:51:56+00
794,451,2024-11-11 20:35:40+00,delivered,143.99,0.00,0.00,143.99,Portland,OR,97201,2024-11-14 01:35:40+00
795,452,2024-04-04 19:51:21+00,delivered,51.80,5.99,0.00,57.79,Miami,FL,33101,2024-04-07 00:51:21+00
796,453,2025-09-17 19:08:36+00,shipped,193.47,0.00,0.00,193.47,New York,NY,10001,
797,454,2024-02-20 19:26:47+00,delivered,29.74,5.99,0.00,35.73,San Jose,CA,95101,2024-02-26 00:26:47+00
798,454,2024-03-25 02:53:47+00,delivered,334.93,0.00,33.49,301.44,San Jose,CA,95101,2024-03-27 12:53:47+00
799,455,2024-04-12 22:37:58+00,delivered,289.97,0.00,0.00,289.97,Seattle,WA,98101,2024-04-17 02:37:58+00
800,456,2025-07-11 03:50:08+00,delivered,94.99,0.00,0.00,94.99,Portland,OR,97201,2025-07-13 08:50:08+00
801,456,2025-08-12 15:29:08+00,delivered,42.00,5.99,0.00,47.99,Portland,OR,97201,2025-08-17 17:29:08+00
802,457,2024-06-07 15:02:27+00,delivered,199.98,0.00,0.00,199.98,Houston,TX,77001,2024-06-10 16:02:27+00
803,458,2024-02-09 15:18:46+00,delivered,259.97,0.00,0.00,259.97,Houston,TX,77001,2024-02-13 18:18:46+00
804,459,2024-01-17 20:40:33+00,delivered,54.00,5.99,0.00,59.99,Phoenix,AZ,85001,2024-01-19 21:40:33+00
805,460,2024-05-20 07:34:32+00,delivered,109.98,0.00,11.00,98.98,Philadelphia,PA,19101,2024-05-23 16:34:32+00
806,460,2024-06-13 14:08:32+00,delivered,274.97,0.00,27.50,247.47,Philadelphia,PA,19101,2024-06-15 20:08:32+00
807,460,2024-06-18 19:08:32+00,delivered,99.99,0.00,10.00,89.99,Philadelphia,PA,19101,2024-06-21 00:08:32+00
808,461,2024-11-29 15:39:35+00,delivered,279.89,0.00,0.00,279.89,Nashville,TN,37201,2024-12-05 16:39:35+00
809,461,2025-01-05 23:22:35+00,cancelled,414.98,0.00,0.00,414.98,Nashville,TN,37201,
810,462,2025-04-24 18:05:11+00,shipped,126.99,0.00,0.00,126.99,Phoenix,AZ,85001,
811,462,2025-06-24 04:02:11+00,delivered,94.99,0.00,0.00,94.99,Phoenix,AZ,85001,2025-06-29 12:02:11+00
812,463,2025-07-20 15:10:34+00,delivered,124.99,0.00,0.00,124.99,San Antonio,TX,78201,2025-07-24 19:10:34+00
813,464,2025-03-16 05:21:46+00,delivered,56.00,5.99,0.00,61.99,Houston,TX,77001,2025-03-22 12:21:46+00
814,464,2025-04-10 17:38:46+00,delivered,159.98,0.00,0.00,159.98,Houston,TX,77001,2025-04-13 02:38:46+00
815,464,2025-05-18 23:04:46+00,processing,115.85,0.00,0.00,115.85,Houston,TX,77001,
816,465,2024-04-29 06:28:10+00,delivered,104.97,0.00,10.50,94.47,Houston,TX,77001,2024-05-01 09:28:10+00
817,465,2024-05-04 13:27:10+00,delivered,24.99,5.99,0.00,30.98,Houston,TX,77001,2024-05-09 17:27:10+00
818,466,2024-02-28 23:49:32+00,delivered,89.99,0.00,9.00,80.99,Dallas,TX,75201,2024-03-02 09:49:32+00
819,466,2024-03-03 10:05:32+00,delivered,85.99,0.00,0.00,85.99,Dallas,TX,75201,2024-03-06 18:05:32+00
820,467,2025-06-23 06:25:03+00,delivered,732.19,0.00,0.00,732.19,Houston,TX,77001,2025-06-27 16:25:03+00
821,467,2025-07-08 12:21:03+00,shipped,99.99,0.00,0.00,99.99,Houston,TX,77001,
822,467,2025-08-22 18:30:03+00,delivered,32.00,5.99,0.00,37.99,Houston,TX,77001,2025-08-29 02:30:03+00
823,467,2025-09-02 00:04:03+00,delivered,159.98,0.00,0.00,159.98,Houston,TX,77001,2025-09-07 01:04:03+00
824,468,2024-02-15 01:47:06+00,delivered,28.00,5.99,0.00,33.99,Austin,TX,73301,2024-02-18 02:47:06+00
825,468,2024-03-11 04:58:06+00,delivered,129.99,0.00,13.00,116.99,Austin,TX,73301,2024-03-13 08:58:06+00
826,468,2024-03-16 11:44:06+00,delivered,94.98,0.00,0.00,94.98,Austin,TX,73301,2024-03-22 13:44:06+00
827,468,2024-04-11 14:19:06+00,delivered,94.99,0.00,9.50,85.49,Austin,TX,73301,2024-04-16 00:19:06+00
828,468,2024-05-29 16:53:06+00,delivered,469.98,0.00,0.00,469.98,Austin,TX,73301,2024-05-31 18:53:06+00
829,468,2024-06-30 21:43:06+00,delivered,594.95,0.00,0.00,594.95,Austin,TX,73301,2024-07-04 07:43:06+00
830,469,2025-11-13 13:30:13+00,delivered,179.98,0.00,0.00,179.98,Dallas,TX,75201,2025-11-16 17:30:13+00
831,470,2024-05-21 08:58:30+00,delivered,359.98,0.00,0.00,359.98,San Antonio,TX,78201,2024-05-27 18:58:30+00
832,471,2024-08-12 09:28:45+00,delivered,280.22,0.00,0.00,280.22,Denver,CO,80201,2024-08-18 19:28:45+00
833,471,2024-10-01 17:08:45+00,delivered,28.00,5.99,2.80,31.19,Denver,CO,80201,2024-10-04 20:08:45+00
834,471,2024-10-06 00:33:45+00,pending,454.98,0.00,45.50,409.48,Denver,CO,80201,
835,472,2024-05-08 18:55:14+00,delivered,169.98,0.00,0.00,169.98,San Jose,CA,95101,2024-05-10 19:55:14+00
836,473,2025-03-10 22:51:44+00,delivered,374.97,0.00,0.00,374.97,Miami,FL,33101,2025-03-13 05:51:44+00
837,474,2024-05-15 05:10:52+00,delivered,403.99,0.00,0.00,403.99,Chicago,IL,60601,2024-05-19 11:10:52+00
838,474,2024-06-20 17:27:52+00,shipped,209.98,0.00,0.00,209.98,Chicago,IL,60601,
839,474,2024-07-12 19:22:52+00,delivered,823.46,0.00,0.00,823.46,Chicago,IL,60601,2024-07-15 22:22:52+00
840,474,2024-08-02 05:21:52+00,delivered,49.99,5.99,0.00,55.98,Chicago,IL,60601,2024-08-06 06:21:52+00
841,475,2024-09-17 22:04:39+00,delivered,69.99,5.99,0.00,75.98,San Antonio,TX,78201,2024-09-22 06:04:39+00
842,476,2024-12-20 23:20:22+00,delivered,64.99,5.99,0.00,70.98,Houston,TX,77001,2024-12-27 04:20:22+00
843,477,2024-08-13 07:37:52+00,delivered,59.99,5.99,0.00,65.98,Dallas,TX,75201,2024-08-19 17:37:52+00
844,477,2024-09-01 18:26:52+00,delivered,359.98,0.00,0.00,359.98,Dallas,TX,75201,2024-09-05 03:26:52+00
845,478,2025-05-29 10:57:57+00,processing,35.95,5.99,0.00,41.94,Los Angeles,CA,90001,
846,479,2024-03-02 13:54:59+00,cancelled,129.98,0.00,0.00,129.98,Portland,OR,97201,
847,479,2024-03-10 17:10:59+00,delivered,39.95,5.99,0.00,45.94,Portland,OR,97201,2024-03-14 18:10:59+00
848,480,2024-05-09 19:33:35+00,delivered,249.99,0.00,0.00,249.99,Chicago,IL,60601,2024-05-15 01:33:35+00
849,481,2025-03-17 00:26:37+00,delivered,88.47,0.00,0.00,88.47,Philadelphia,PA,19101,2025-03-20 04:26:37+00
850,481,2025-05-04 02:54:37+00,delivered,199.98,0.00,0.00,199.98,Philadelphia,PA,19101,2025-05-07 09:54:37+00
851,482,2024-11-11 09:11:27+00,delivered,443.99,0.00,0.00,443.99,Boston,MA,02101,2024-11-17 19:11:27+00
852,483,2025-11-03 15:02:57+00,delivered,59.99,5.99,0.00,65.98,Minneapolis,MN,55401,2025-11-09 23:02:57+00
853,483,2025-11-23 00:02:57+00,delivered,79.90,0.00,0.00,79.90,Minneapolis,MN,55401,2025-11-25 08:02:57+00
854,484,2025-09-01 00:21:44+00,shipped,154.98,0.00,0.00,154.98,Charlotte,NC,28201,
855,484,2025-10-24 02:12:44+00,delivered,196.72,0.00,0.00,196.72,Charlotte,NC,28201,2025-10-26 08:12:44+00
856,485,2024-11-06 09:00:46+00,delivered,329.99,0.00,0.00,329.99,San Diego,CA,92101,2024-11-08 14:00:46+00
857,486,2025-03-20 18:59:00+00,delivered,294.96,0.00,0.00,294.96,New York,NY,10001,2025-03-24 20:59:00+00
858,486,2025-05-07 05:47:00+00,delivered,296.48,0.00,0.00,296.48,New York,NY,10001,2025-05-12 12:47:00+00
859,487,2024-03-19 20:51:46+00,processing,57.99,5.99,0.00,63.98,Portland,OR,97201,
860,488,2024-06-30 05:24:09+00,shipped,177.97,0.00,0.00,177.97,Phoenix,AZ,85001,
861,489,2025-03-13 16:32:27+00,delivered,84.98,0.00,0.00,84.98,Portland,OR,97201,2025-03-18 22:32:27+00
862,490,2025-06-07 03:25:22+00,delivered,317.99,0.00,0.00,317.99,San Jose,CA,95101,2025-06-09 11:25:22+00
863,490,2025-07-17 16:05:22+00,delivered,159.99,0.00,0.00,159.99,San Jose,CA,95101,2025-07-23 01:05:22+00
864,491,2024-09-18 19:54:52+00,delivered,149.98,0.00,0.00,149.98,San Jose,CA,95101,2024-09-24 20:54:52+00
865,492,2024-05-23 10:12:06+00,delivered,24.99,5.99,0.00,30.98,San Jose,CA,95101,2024-05-25 18:12:06+00
866,492,2024-06-03 20:47:06+00,delivered,334.48,0.00,0.00,334.48,San Jose,CA,95101,2024-06-10 06:47:06+00
867,492,2024-06-28 09:15:06+00,delivered,499.98,0.00,0.00,499.98,San Jose,CA,95101,2024-07-03 17:15:06+00
868,493,2024-04-14 21:46:31+00,delivered,92.99,0.00,0.00,92.99,Dallas,TX,75201,2024-04-21 05:46:31+00
869,493,2024-05-28 09:52:31+00,delivered,466.18,0.00,0.00,466.18,Dallas,TX,75201,2024-05-31 15:52:31+00
870,494,2024-05-26 05:09:35+00,delivered,159.98,0.00,0.00,159.98,Miami,FL,33101,2024-05-29 09:09:35+00
871,494,2024-06-11 12:55:35+00,shipped,1247.96,0.00,0.00,1247.96,Miami,FL,33101,
872,494,2024-08-10 16:33:35+00,pending,82.99,0.00,0.00,82.99,Miami,FL,33101,
873,495,2025-11-29 15:25:45+00,pending,97.99,0.00,0.00,97.99,Chicago,IL,60601,
874,495,2026-01-11 03:41:45+00,delivered,855.98,0.00,0.00,855.98,Chicago,IL,60601,2026-01-17 10:41:45+00
875,495,2026-02-04 16:21:45+00,delivered,101.99,0.00,0.00,101.99,Chicago,IL,60601,2026-02-10 21:21:45+00
876,496,2025-02-27 20:42:08+00,delivered,322.98,0.00,0.00,322.98,Los Angeles,CA,90001,2025-03-06 05:42:08+00
877,496,2025-04-26 22:27:08+00,delivered,224.98,0.00,0.00,224.98,Los Angeles,CA,90001,2025-05-03 02:27:08+00
878,496,2025-05-14 03:16:08+00,cancelled,1079.96,0.00,0.00,1079.96,Los Angeles,CA,90001,
879,497,2025-02-07 02:14:09+00,delivered,591.97,0.00,0.00,591.97,Phoenix,AZ,85001,2025-02-13 09:14:09+00
880,497,2025-02-23 07:53:09+00,delivered,452.98,0.00,0.00,452.98,Phoenix,AZ,85001,2025-02-25 09:53:09+00
881,497,2025-03-15 09:32:09+00,delivered,199.98,0.00,0.00,199.98,Phoenix,AZ,85001,2025-03-18 15:32:09+00
882,498,2025-08-11 13:55:39+00,delivered,49.99,5.99,0.00,55.98,Charlotte,NC,28201,2025-08-16 16:55:39+00
883,499,2024-02-07 00:05:48+00,delivered,239.89,0.00,0.00,239.89,Miami,FL,33101,2024-02-10 08:05:48+00
884,499,2024-02-29 01:16:48+00,delivered,136.00,0.00,0.00,136.00,Miami,FL,33101,2024-03-04 07:16:48+00
885,500,2025-02-12 22:13:49+00,delivered,221.98,0.00,0.00,221.98,Los Angeles,CA,90001,2025-02-19 02:13:49+00
886,500,2025-03-10 09:43:49+00,delivered,89.99,0.00,0.00,89.99,Los Angeles,CA,90001,2025-03-13 12:43:49+00
887,500,2025-04-01 13:47:49+00,delivered,129.99,0.00,0.00,129.99,Los Angeles,CA,90001,2025-04-03 18:47:49+00
888,501,2025-02-17 13:37:43+00,delivered,74.99,5.99,0.00,80.98,Houston,TX,77001,2025-02-19 22:37:43+00
889,502,2024-10-23 03:08:31+00,delivered,119.99,0.00,0.00,119.99,Denver,CO,80201,2024-10-25 12:08:31+00
890,503,2025-11-18 08:36:44+00,shipped,324.97,0.00,0.00,324.97,Denver,CO,80201,
891,504,2024-03-01 08:13:43+00,delivered,699.96,0.00,70.00,629.96,Atlanta,GA,30301,2024-03-07 15:13:43+00
892,505,2024-04-08 10:03:06+00,shipped,33.24,5.99,3.32,35.91,Charlotte,NC,28201,
893,505,2024-06-04 20:11:06+00,delivered,29.74,5.99,0.00,35.73,Charlotte,NC,28201,2024-06-07 21:11:06+00
894,505,2024-06-14 00:27:06+00,delivered,152.99,0.00,0.00,152.99,Charlotte,NC,28201,2024-06-17 04:27:06+00
895,505,2024-06-24 04:46:06+00,delivered,144.98,0.00,0.00,144.98,Charlotte,NC,28201,2024-06-29 09:46:06+00
896,505,2024-08-22 09:03:06+00,delivered,44.00,5.99,0.00,49.99,Charlotte,NC,28201,2024-08-28 15:03:06+00
897,505,2024-09-17 16:26:06+00,delivered,119.85,0.00,0.00,119.85,Charlotte,NC,28201,2024-09-23 18:26:06+00
898,506,2025-04-09 09:23:26+00,delivered,109.98,0.00,0.00,109.98,Miami,FL,33101,2025-04-15 15:23:26+00
899,506,2025-05-23 13:44:26+00,delivered,29.99,5.99,0.00,35.98,Miami,FL,33101,2025-05-29 20:44:26+00
900,507,2024-02-07 03:33:14+00,delivered,49.99,5.99,0.00,55.98,Phoenix,AZ,85001,2024-02-11 05:33:14+00
901,507,2024-03-27 15:08:14+00,cancelled,136.00,0.00,0.00,136.00,Phoenix,AZ,85001,
902,508,2025-03-14 10:11:11+00,delivered,22.00,5.99,0.00,27.99,Denver,CO,80201,2025-03-20 13:11:11+00
903,508,2025-04-27 12:37:11+00,delivered,49.98,5.99,0.00,55.97,Denver,CO,80201,2025-04-30 21:37:11+00
904,509,2025-10-14 19:15:56+00,delivered,659.98,0.00,0.00,659.98,Miami,FL,33101,2025-10-16 21:15:56+00
905,510,2025-06-21 06:33:44+00,delivered,124.99,0.00,0.00,124.99,Dallas,TX,75201,2025-06-23 11:33:44+00
906,511,2024-01-16 12:37:59+00,delivered,124.99,0.00,0.00,124.99,Denver,CO,80201,2024-01-20 19:37:59+00
907,511,2024-02-27 17:37:59+00,delivered,142.47,0.00,0.00,142.47,Denver,CO,80201,2024-03-04 22:37:59+00
908,511,2024-04-06 01:42:59+00,delivered,94.99,0.00,0.00,94.99,Denver,CO,80201,2024-04-11 02:42:59+00
909,511,2024-04-14 05:04:59+00,delivered,74.99,5.99,0.00,80.98,Denver,CO,80201,2024-04-20 06:04:59+00
910,511,2024-06-13 16:30:59+00,shipped,184.58,0.00,0.00,184.58,Denver,CO,80201,
911,511,2024-06-18 19:25:59+00,delivered,303.98,0.00,30.40,273.58,Denver,CO,80201,2024-06-24 23:25:59+00
912,511,2024-07-28 07:07:59+00,delivered,269.97,0.00,0.00,269.97,Denver,CO,80201,2024-07-30 08:07:59+00
913,512,2025-05-06 00:00:11+00,delivered,149.98,0.00,0.00,149.98,Philadelphia,PA,19101,2025-05-10 05:00:11+00
914,513,2025-04-23 03:47:58+00,pending,49.99,5.99,0.00,55.98,Miami,FL,33101,
915,513,2025-06-14 11:54:58+00,delivered,699.96,0.00,0.00,699.96,Miami,FL,33101,2025-06-17 13:54:58+00
916,513,2025-07-27 14:12:58+00,delivered,99.99,0.00,0.00,99.99,Miami,FL,33101,2025-07-30 23:12:58+00
917,513,2025-08-11 21:42:58+00,shipped,39.95,5.99,0.00,45.94,Miami,FL,33101,
918,514,2025-09-16 13:55:34+00,delivered,329.92,0.00,0.00,329.92,Nashville,TN,37201,2025-09-20 23:55:34+00
919,514,2025-10-30 17:19:34+00,delivered,369.96,0.00,0.00,369.96,Nashville,TN,37201,2025-11-05 22:19:34+00
920,515,2025-01-17 01:32:26+00,delivered,124.98,0.00,0.00,124.98,Boston,MA,02101,2025-01-23 10:32:26+00
921,516,2025-08-06 01:10:36+00,returned,384.98,0.00,0.00,384.98,San Antonio,TX,78201,2025-08-11 01:10:36+00
922,516,2025-08-17 04:38:36+00,delivered,24.99,5.99,0.00,30.98,San Antonio,TX,78201,2025-08-19 12:38:36+00
923,516,2025-08-19 12:39:36+00,delivered,177.98,0.00,17.80,160.18,San Antonio,TX,78201,2025-08-21 17:39:36+00
924,516,2025-10-11 15:35:36+00,delivered,69.99,5.99,0.00,75.98,San Antonio,TX,78201,2025-10-16 22:35:36+00
925,516,2025-11-15 03:42:36+00,delivered,94.99,0.00,0.00,94.99,San Antonio,TX,78201,2025-11-18 06:42:36+00
926,517,2024-04-02 13:29:18+00,delivered,94.99,0.00,0.00,94.99,San Jose,CA,95101,2024-04-04 18:29:18+00
927,518,2024-08-16 13:11:14+00,delivered,109.98,0.00,0.00,109.98,Minneapolis,MN,55401,2024-08-20 17:11:14+00
928,518,2024-08-18 20:29:14+00,delivered,127.19,0.00,0.00,127.19,Minneapolis,MN,55401,2024-08-23 04:29:14+00
929,519,2025-03-10 13:21:50+00,delivered,569.97,0.00,0.00,569.97,Philadelphia,PA,19101,2025-03-13 22:21:50+00
930,519,2025-03-26 19:52:50+00,returned,426.59,0.00,0.00,426.59,Philadelphia,PA,19101,2025-03-31 19:52:50+00
931,519,2025-05-25 08:20:50+00,delivered,749.95,0.00,0.00,749.95,Philadelphia,PA,19101,2025-05-28 15:20:50+00
932,519,2025-07-23 20:20:50+00,shipped,359.98,0.00,0.00,359.98,Philadelphia,PA,19101,
933,520,2025-05-28 21:58:23+00,delivered,109.98,0.00,0.00,109.98,Phoenix,AZ,85001,2025-06-03 05:58:23+00
934,521,2025-09-18 19:56:44+00,delivered,399.99,0.00,0.00,399.99,Denver,CO,80201,2025-09-22 01:56:44+00
935,521,2025-11-13 04:51:44+00,processing,179.99,0.00,0.00,179.99,Denver,CO,80201,
936,522,2025-04-14 18:55:09+00,delivered,34.99,5.99,0.00,40.98,Phoenix,AZ,85001,2025-04-16 23:55:09+00
937,523,2024-11-03 02:41:21+00,delivered,42.00,5.99,0.00,47.99,Charlotte,NC,28201,2024-11-09 03:41:21+00
938,524,2024-06-18 04:19:43+00,delivered,259.98,0.00,0.00,259.98,Miami,FL,33101,2024-06-24 10:19:43+00
939,525,2025-04-23 07:36:21+00,delivered,121.48,0.00,12.15,109.33,Nashville,TN,37201,2025-04-26 17:36:21+00
940,526,2025-08-31 00:31:21+00,delivered,191.90,0.00,0.00,191.90,Chicago,IL,60601,2025-09-06 03:31:21+00
941,526,2025-10-24 06:31:21+00,delivered,199.99,0.00,0.00,199.99,Chicago,IL,60601,2025-10-26 13:31:21+00
942,526,2025-11-26 17:02:21+00,delivered,399.99,0.00,0.00,399.99,Chicago,IL,60601,2025-11-28 18:02:21+00
943,526,2025-12-31 05:25:21+00,delivered,54.99,5.99,0.00,60.98,Chicago,IL,60601,2026-01-06 10:25:21+00
944,527,2024-02-24 22:48:00+00,delivered,269.98,0.00,27.00,242.98,New York,NY,10001,2024-03-01 07:48:00+00
945,527,2024-04-15 05:00:00+00,delivered,455.99,0.00,0.00,455.99,New York,NY,10001,2024-04-17 07:00:00+00
946,528,2024-05-31 20:22:44+00,delivered,32.00,5.99,0.00,37.99,Dallas,TX,75201,2024-06-05 04:22:44+00
947,529,2024-03-05 00:49:20+00,delivered,42.00,5.99,0.00,47.99,Nashville,TN,37201,2024-03-08 03:49:20+00
948,529,2024-04-16 10:35:20+00,delivered,42.00,5.99,0.00,47.99,Nashville,TN,37201,2024-04-22 16:35:20+00
949,530,2024-12-24 10:24:20+00,delivered,197.98,0.00,0.00,197.98,Minneapolis,MN,55401,2024-12-30 13:24:20+00
950,531,2025-01-11 01:16:30+00,delivered,99.98,0.00,0.00,99.98,Minneapolis,MN,55401,2025-01-16 08:16:30+00
951,531,2025-01-14 09:07:30+00,delivered,329.99,0.00,0.00,329.99,Minneapolis,MN,55401,2025-01-19 16:07:30+00
952,532,2024-10-13 18:42:29+00,cancelled,24.99,5.99,0.00,30.98,San Jose,CA,95101,
953,533,2025-10-04 12:23:29+00,delivered,132.98,0.00,0.00,132.98,Denver,CO,80201,2025-10-08 22:23:29+00
954,534,2024-08-06 15:16:10+00,delivered,139.98,0.00,0.00,139.98,San Antonio,TX,78201,2024-08-10 17:16:10+00
955,534,2024-08-20 01:30:10+00,delivered,68.00,5.99,0.00,73.99,San Antonio,TX,78201,2024-08-22 11:30:10+00
956,535,2024-06-20 07:13:33+00,processing,124.99,0.00,0.00,124.99,Dallas,TX,75201,
957,536,2025-11-08 13:04:11+00,delivered,154.57,0.00,0.00,154.57,Charlotte,NC,28201,2025-11-12 19:04:11+00
958,536,2025-11-19 17:16:11+00,delivered,239.97,0.00,0.00,239.97,Charlotte,NC,28201,2025-11-22 18:16:11+00
959,536,2026-01-11 02:43:11+00,delivered,684.95,0.00,0.00,684.95,Charlotte,NC,28201,2026-01-13 04:43:11+00
960,536,2026-02-06 04:33:11+00,delivered,49.99,5.99,0.00,55.98,Charlotte,NC,28201,2026-02-12 14:33:11+00
961,537,2025-01-21 00:01:29+00,shipped,124.99,0.00,0.00,124.99,Minneapolis,MN,55401,
962,537,2025-02-28 04:24:29+00,delivered,89.99,0.00,0.00,89.99,Minneapolis,MN,55401,2025-03-02 06:24:29+00
963,537,2025-04-16 15:27:29+00,delivered,572.46,0.00,0.00,572.46,Minneapolis,MN,55401,2025-04-18 19:27:29+00
964,537,2025-04-24 20:59:29+00,delivered,89.99,0.00,0.00,89.99,Minneapolis,MN,55401,2025-04-30 01:59:29+00
965,537,2025-05-30 03:23:29+00,delivered,309.97,0.00,0.00,309.97,Minneapolis,MN,55401,2025-06-01 11:23:29+00
966,537,2025-07-06 15:08:29+00,delivered,69.99,5.99,0.00,75.98,Minneapolis,MN,55401,2025-07-08 22:08:29+00
967,538,2024-12-04 09:26:11+00,shipped,199.99,0.00,0.00,199.99,Los Angeles,CA,90001,
968,539,2025-07-09 17:59:19+00,delivered,292.97,0.00,0.00,292.97,Atlanta,GA,30301,2025-07-11 23:59:19+00
969,540,2024-09-22 11:44:13+00,delivered,523.78,0.00,0.00,523.78,Denver,CO,80201,2024-09-27 18:44:13+00
970,540,2024-10-21 21:15:13+00,delivered,304.98,0.00,0.00,304.98,Denver,CO,80201,2024-10-24 22:15:13+00
971,541,2024-10-06 07:00:53+00,delivered,139.98,0.00,0.00,139.98,Miami,FL,33101,2024-10-08 13:00:53+00
972,541,2024-11-06 11:58:53+00,delivered,179.99,0.00,0.00,179.99,Miami,FL,33101,2024-11-12 19:58:53+00
973,542,2024-08-17 21:10:20+00,delivered,489.72,0.00,48.97,440.75,Seattle,WA,98101,2024-08-19 23:10:20+00
974,542,2024-09-01 02:53:20+00,delivered,44.00,5.99,0.00,49.99,Seattle,WA,98101,2024-09-04 03:53:20+00
975,542,2024-10-26 15:50:20+00,delivered,271.99,0.00,0.00,271.99,Seattle,WA,98101,2024-10-29 01:50:20+00
976,542,2024-12-16 20:51:20+00,delivered,339.98,0.00,0.00,339.98,Seattle,WA,98101,2024-12-20 23:51:20+00
977,543,2025-09-18 02:31:44+00,returned,399.99,0.00,0.00,399.99,Houston,TX,77001,2025-09-23 02:31:44+00
978,544,2024-05-22 21:01:53+00,delivered,589.96,0.00,0.00,589.96,Miami,FL,33101,2024-05-24 23:01:53+00
979,544,2024-06-07 08:17:53+00,shipped,187.59,0.00,0.00,187.59,Miami,FL,33101,
980,545,2025-03-14 04:25:12+00,delivered,534.91,0.00,0.00,534.91,Miami,FL,33101,2025-03-20 11:25:12+00
981,546,2025-01-18 22:17:19+00,delivered,239.98,0.00,0.00,239.98,San Antonio,TX,78201,2025-01-24 01:17:19+00
982,547,2025-10-03 13:07:25+00,delivered,187.98,0.00,0.00,187.98,Portland,OR,97201,2025-10-05 22:07:25+00
983,547,2025-11-20 17:22:25+00,delivered,243.73,0.00,24.37,219.36,Portland,OR,97201,2025-11-25 21:22:25+00
984,548,2025-05-31 18:34:40+00,shipped,280.98,0.00,0.00,280.98,Minneapolis,MN,55401,
985,548,2025-07-17 23:14:40+00,delivered,32.00,5.99,0.00,37.99,Minneapolis,MN,55401,2025-07-23 01:14:40+00
986,549,2024-12-15 23:02:52+00,delivered,315.96,0.00,0.00,315.96,Miami,FL,33101,2024-12-18 05:02:52+00
987,550,2025-04-26 09:52:17+00,cancelled,509.96,0.00,0.00,509.96,San Jose,CA,95101,
988,551,2024-08-16 03:35:33+00,delivered,32.00,5.99,3.20,34.79,San Jose,CA,95101,2024-08-21 13:35:33+00
989,551,2024-09-18 11:05:33+00,delivered,46.23,5.99,0.00,52.22,San Jose,CA,95101,2024-09-20 20:05:33+00
990,552,2024-12-24 11:56:20+00,delivered,49.98,5.99,0.00,55.97,Minneapolis,MN,55401,2024-12-28 12:56:20+00
991,553,2025-07-09 22:56:14+00,delivered,174.96,0.00,0.00,174.96,Dallas,TX,75201,2025-07-13 06:56:14+00
992,554,2025-01-10 02:26:21+00,delivered,34.99,5.99,0.00,40.98,Chicago,IL,60601,2025-01-14 12:26:21+00
993,554,2025-01-24 11:49:21+00,cancelled,110.49,0.00,0.00,110.49,Chicago,IL,60601,
994,555,2024-05-13 05:52:26+00,delivered,504.95,0.00,0.00,504.95,Houston,TX,77001,2024-05-19 09:52:26+00
995,556,2024-04-12 18:33:57+00,delivered,59.99,5.99,0.00,65.98,Atlanta,GA,30301,2024-04-15 04:33:57+00
996,557,2025-11-18 02:46:13+00,delivered,476.48,0.00,0.00,476.48,Miami,FL,33101,2025-11-20 05:46:13+00
997,558,2024-12-26 01:46:10+00,delivered,184.98,0.00,0.00,184.98,Philadelphia,PA,19101,2024-12-29 08:46:10+00
998,558,2025-02-17 07:36:10+00,delivered,29.99,5.99,0.00,35.98,Philadelphia,PA,19101,2025-02-22 14:36:10+00
999,559,2024-03-23 09:12:28+00,delivered,32.00,5.99,0.00,37.99,Portland,OR,97201,2024-03-28 19:12:28+00
1000,559,2024-04-25 13:35:28+00,delivered,99.99,0.00,0.00,99.99,Portland,OR,97201,2024-04-29 19:35:28+00
1001,560,2025-10-01 22:45:51+00,processing,59.99,5.99,0.00,65.98,New York,NY,10001,
1002,560,2025-11-15 05:26:51+00,delivered,523.99,0.00,0.00,523.99,New York,NY,10001,2025-11-20 08:26:51+00
1003,561,2025-09-01 15:08:12+00,delivered,259.98,0.00,0.00,259.98,Miami,FL,33101,2025-09-07 01:08:12+00
1004,561,2025-10-22 03:58:12+00,delivered,441.56,0.00,0.00,441.56,Miami,FL,33101,2025-10-24 09:58:12+00
1005,561,2025-12-21 16:29:12+00,processing,389.97,0.00,39.00,350.97,Miami,FL,33101,
1006,561,2026-01-14 01:51:12+00,delivered,825.94,0.00,0.00,825.94,Miami,FL,33101,2026-01-16 04:51:12+00
1007,562,2025-03-24 23:41:26+00,delivered,89.99,0.00,0.00,89.99,San Antonio,TX,78201,2025-03-27 01:41:26+00
1008,563,2024-03-13 04:31:35+00,delivered,134.98,0.00,0.00,134.98,Denver,CO,80201,2024-03-17 06:31:35+00
1009,564,2025-02-18 20:51:35+00,processing,89.99,0.00,0.00,89.99,Austin,TX,73301,
1010,565,2025-05-01 06:48:39+00,delivered,74.99,5.99,0.00,80.98,Houston,TX,77001,2025-05-03 13:48:39+00
1011,565,2025-06-18 19:36:39+00,shipped,296.99,0.00,29.70,267.29,Houston,TX,77001,
1012,565,2025-06-28 05:26:39+00,delivered,69.99,5.99,0.00,75.98,Houston,TX,77001,2025-07-03 08:26:39+00
1013,565,2025-08-16 13:29:39+00,delivered,259.97,0.00,0.00,259.97,Houston,TX,77001,2025-08-18 19:29:39+00
1014,566,2024-01-30 16:49:58+00,delivered,119.99,0.00,0.00,119.99,Los Angeles,CA,90001,2024-02-06 01:49:58+00
1015,566,2024-02-04 20:12:58+00,delivered,233.98,0.00,0.00,233.98,Los Angeles,CA,90001,2024-02-08 03:12:58+00
1016,566,2024-03-06 23:50:58+00,delivered,399.99,0.00,0.00,399.99,Los Angeles,CA,90001,2024-03-09 05:50:58+00
1017,566,2024-03-21 11:09:58+00,delivered,99.98,0.00,0.00,99.98,Los Angeles,CA,90001,2024-03-27 17:09:58+00
1018,567,2024-05-07 20:02:51+00,delivered,145.99,0.00,14.60,131.39,New York,NY,10001,2024-05-12 23:02:51+00
1019,568,2025-09-20 08:22:33+00,delivered,112.00,0.00,0.00,112.00,Seattle,WA,98101,2025-09-22 09:22:33+00
1020,569,2024-05-31 17:47:20+00,delivered,29.99,5.99,3.00,32.98,Chicago,IL,60601,2024-06-02 18:47:20+00
1021,570,2024-12-10 11:14:25+00,returned,39.95,5.99,0.00,45.94,Denver,CO,80201,2024-12-13 11:14:25+00
1022,571,2024-06-14 18:03:10+00,delivered,314.98,0.00,0.00,314.98,Nashville,TN,37201,2024-06-16 21:03:10+00
1023,572,2024-07-22 13:49:30+00,delivered,105.98,0.00,0.00,105.98,Portland,OR,97201,2024-07-26 18:49:30+00
1024,573,2024-12-16 19:27:35+00,delivered,28.49,5.99,0.00,34.48,Houston,TX,77001,2024-12-21 02:27:35+00
1025,574,2024-02-11 01:34:47+00,delivered,179.99,0.00,0.00,179.99,San Diego,CA,92101,2024-02-16 05:34:47+00
1026,574,2024-03-14 06:21:47+00,delivered,289.98,0.00,0.00,289.98,San Diego,CA,92101,2024-03-16 14:21:47+00
1027,575,2024-03-19 09:19:54+00,delivered,829.97,0.00,0.00,829.97,San Diego,CA,92101,2024-03-22 14:19:54+00
1028,575,2024-04-13 16:57:54+00,delivered,79.90,0.00,0.00,79.90,San Diego,CA,92101,2024-04-19 23:57:54+00
1029,576,2024-04-16 11:01:37+00,delivered,524.97,0.00,0.00,524.97,Portland,OR,97201,2024-04-21 15:01:37+00
1030,576,2024-05-22 20:31:37+00,delivered,237.99,0.00,0.00,237.99,Portland,OR,97201,2024-05-24 23:31:37+00
1031,577,2024-01-18 03:45:44+00,delivered,182.99,0.00,0.00,182.99,Atlanta,GA,30301,2024-01-23 10:45:44+00
1032,577,2024-02-02 11:01:44+00,delivered,89.97,0.00,0.00,89.97,Atlanta,GA,30301,2024-02-06 18:01:44+00
1033,578,2025-03-01 06:00:47+00,delivered,319.96,0.00,0.00,319.96,Atlanta,GA,30301,2025-03-04 13:00:47+00
1034,579,2024-08-06 06:27:11+00,processing,71.99,5.99,0.00,77.98,San Jose,CA,95101,
1035,579,2024-08-25 14:34:11+00,delivered,54.99,5.99,0.00,60.98,San Jose,CA,95101,2024-08-27 16:34:11+00
1036,580,2025-03-07 08:49:00+00,delivered,581.97,0.00,0.00,581.97,Austin,TX,73301,2025-03-13 13:49:00+00
1037,581,2024-10-16 09:24:12+00,delivered,749.97,0.00,75.00,674.97,New York,NY,10001,2024-10-22 19:24:12+00
1038,582,2025-01-22 22:37:18+00,delivered,88.00,0.00,0.00,88.00,San Antonio,TX,78201,2025-01-27 04:37:18+00
1039,583,2025-06-10 12:09:08+00,delivered,199.99,0.00,20.00,179.99,Houston,TX,77001,2025-06-16 16:09:08+00
1040,584,2024-01-27 05:47:52+00,shipped,989.97,0.00,0.00,989.97,Miami,FL,33101,
1041,584,2024-02-05 13:01:52+00,delivered,144.48,0.00,14.45,130.03,Miami,FL,33101,2024-02-08 20:01:52+00
1042,585,2025-04-24 04:08:39+00,delivered,264.97,0.00,0.00,264.97,Los Angeles,CA,90001,2025-04-27 14:08:39+00
1043,585,2025-06-21 06:48:39+00,delivered,449.78,0.00,0.00,449.78,Los Angeles,CA,90001,2025-06-25 14:48:39+00
1044,586,2024-02-20 13:52:00+00,delivered,22.00,5.99,0.00,27.99,Atlanta,GA,30301,2024-02-22 23:52:00+00
1045,587,2024-03-02 12:49:47+00,delivered,110.98,0.00,0.00,110.98,Nashville,TN,37201,2024-03-08 21:49:47+00
1046,587,2024-04-02 21:29:47+00,delivered,79.49,0.00,0.00,79.49,Nashville,TN,37201,2024-04-06 03:29:47+00
1047,588,2024-06-01 13:08:26+00,delivered,129.98,0.00,0.00,129.98,Portland,OR,97201,2024-06-04 18:08:26+00
1048,588,2024-07-31 17:19:26+00,delivered,179.99,0.00,0.00,179.99,Portland,OR,97201,2024-08-05 23:19:26+00
1049,589,2025-03-26 15:37:32+00,delivered,249.98,0.00,0.00,249.98,Houston,TX,77001,2025-03-30 19:37:32+00
1050,589,2025-04-25 02:41:32+00,cancelled,59.99,5.99,0.00,65.98,Houston,TX,77001,
1051,589,2025-06-05 12:20:32+00,delivered,189.98,0.00,0.00,189.98,Houston,TX,77001,2025-06-08 20:20:32+00
1052,590,2024-05-16 08:01:22+00,shipped,449.98,0.00,0.00,449.98,Nashville,TN,37201,
1053,591,2024-12-10 21:59:36+00,delivered,747.98,0.00,0.00,747.98,Boston,MA,02101,2024-12-16 04:59:36+00
1054,592,2025-08-09 20:34:47+00,delivered,131.48,0.00,0.00,131.48,Denver,CO,80201,2025-08-16 00:34:47+00
1055,592,2025-09-19 00:49:47+00,delivered,64.99,5.99,0.00,70.98,Denver,CO,80201,2025-09-24 06:49:47+00
1056,593,2025-02-18 14:07:16+00,delivered,34.99,5.99,0.00,40.98,Austin,TX,73301,2025-02-24 17:07:16+00
1057,593,2025-02-22 01:02:16+00,delivered,259.96,0.00,0.00,259.96,Austin,TX,73301,2025-02-28 10:02:16+00
1058,593,2025-04-20 08:20:16+00,delivered,19.80,5.99,0.00,25.79,Austin,TX,73301,2025-04-24 18:20:16+00
1059,594,2025-06-28 10:46:50+00,delivered,64.94,5.99,0.00,70.93,New York,NY,10001,2025-07-02 15:46:50+00
1060,595,2024-10-15 00:55:13+00,processing,729.95,0.00,0.00,729.95,Houston,TX,77001,
1061,596,2024-03-27 01:20:08+00,delivered,129.99,0.00,0.00,129.99,Dallas,TX,75201,2024-04-01 07:20:08+00
1062,596,2024-05-11 03:44:08+00,delivered,292.00,0.00,0.00,292.00,Dallas,TX,75201,2024-05-15 08:44:08+00
1063,596,2024-05-14 09:04:08+00,delivered,89.49,0.00,0.00,89.49,Dallas,TX,75201,2024-05-16 15:04:08+00
1064,596,2024-06-13 11:23:08+00,cancelled,384.95,0.00,0.00,384.95,Dallas,TX,75201,
1065,597,2025-10-15 20:48:40+00,delivered,158.99,0.00,0.00,158.99,Miami,FL,33101,2025-10-22 00:48:40+00
1066,597,2025-11-22 07:12:40+00,delivered,349.98,0.00,0.00,349.98,Miami,FL,33101,2025-11-24 17:12:40+00
1067,598,2025-08-29 04:35:44+00,delivered,124.99,0.00,0.00,124.99,Chicago,IL,60601,2025-09-02 11:35:44+00
1068,599,2025-05-16 02:54:43+00,delivered,49.99,5.99,0.00,55.98,Charlotte,NC,28201,2025-05-19 06:54:43+00
1069,600,2024-09-24 17:31:59+00,delivered,249.97,0.00,0.00,249.97,Portland,OR,97201,2024-09-27 19:31:59+00
1070,601,2025-04-06 13:29:39+00,processing,42.00,5.99,0.00,47.99,Atlanta,GA,30301,
1071,602,2025-01-09 09:49:25+00,cancelled,534.96,0.00,0.00,534.96,Phoenix,AZ,85001,
1072,603,2025-07-04 17:32:57+00,delivered,261.98,0.00,0.00,261.98,Nashville,TN,37201,2025-07-07 18:32:57+00
1073,604,2025-04-24 02:23:47+00,delivered,169.99,0.00,0.00,169.99,Minneapolis,MN,55401,2025-04-30 05:23:47+00
1074,605,2025-03-26 01:12:29+00,returned,254.98,0.00,0.00,254.98,San Jose,CA,95101,2025-03-31 01:12:29+00
1075,605,2025-05-15 12:35:29+00,shipped,289.99,0.00,0.00,289.99,San Jose,CA,95101,
1076,605,2025-05-22 21:41:29+00,delivered,109.98,0.00,0.00,109.98,San Jose,CA,95101,2025-05-27 06:41:29+00
1077,606,2025-05-30 19:14:31+00,delivered,81.98,0.00,0.00,81.98,San Jose,CA,95101,2025-06-04 03:14:31+00
1078,606,2025-07-16 22:37:31+00,delivered,55.24,5.99,0.00,61.23,San Jose,CA,95101,2025-07-23 08:37:31+00
1079,607,2025-10-10 21:09:48+00,delivered,731.48,0.00,0.00,731.48,Atlanta,GA,30301,2025-10-16 01:09:48+00
1080,607,2025-11-18 23:25:48+00,delivered,28.00,5.99,0.00,33.99,Atlanta,GA,30301,2025-11-25 05:25:48+00
1081,607,2025-12-09 01:26:48+00,cancelled,167.98,0.00,0.00,167.98,Atlanta,GA,30301,
1082,608,2024-07-14 10:03:55+00,pending,419.47,0.00,0.00,419.47,Houston,TX,77001,
1083,608,2024-08-11 16:37:55+00,delivered,304.95,0.00,0.00,304.95,Houston,TX,77001,2024-08-15 20:37:55+00
1084,609,2024-01-27 07:24:20+00,delivered,179.98,0.00,0.00,179.98,Austin,TX,73301,2024-02-02 09:24:20+00
1085,609,2024-03-17 09:10:20+00,delivered,319.98,0.00,0.00,319.98,Austin,TX,73301,2024-03-20 18:10:20+00
1086,609,2024-04-07 12:16:20+00,delivered,224.97,0.00,0.00,224.97,Austin,TX,73301,2024-04-11 22:16:20+00
1087,610,2025-04-30 12:06:40+00,delivered,89.99,0.00,0.00,89.99,Dallas,TX,75201,2025-05-03 16:06:40+00
1088,611,2024-02-25 03:13:57+00,delivered,396.96,0.00,0.00,396.96,Los Angeles,CA,90001,2024-02-27 13:13:57+00
1089,612,2024-08-08 03:44:31+00,delivered,79.99,0.00,0.00,79.99,Chicago,IL,60601,2024-08-14 13:44:31+00
1090,612,2024-08-16 05:10:31+00,cancelled,479.92,0.00,0.00,479.92,Chicago,IL,60601,
1091,612,2024-09-21 08:36:31+00,shipped,213.98,0.00,0.00,213.98,Chicago,IL,60601,
1092,612,2024-10-26 13:16:31+00,delivered,242.98,0.00,0.00,242.98,Chicago,IL,60601,2024-11-01 15:16:31+00
1093,612,2024-12-03 00:45:31+00,delivered,359.97,0.00,0.00,359.97,Chicago,IL,60601,2024-12-06 03:45:31+00
1094,612,2024-12-17 10:14:31+00,cancelled,89.99,0.00,0.00,89.99,Chicago,IL,60601,
1095,612,2025-01-20 21:15:31+00,delivered,39.95,5.99,0.00,45.94,Chicago,IL,60601,2025-01-24 06:15:31+00
1096,613,2025-02-11 15:36:43+00,cancelled,1399.93,0.00,0.00,1399.93,San Diego,CA,92101,
1097,614,2025-01-03 04:42:57+00,delivered,289.99,0.00,0.00,289.99,Philadelphia,PA,19101,2025-01-08 13:42:57+00
1098,615,2024-05-15 10:51:24+00,delivered,433.22,0.00,0.00,433.22,Miami,FL,33101,2024-05-17 17:51:24+00
1099,615,2024-06-22 20:51:24+00,delivered,319.98,0.00,0.00,319.98,Miami,FL,33101,2024-06-25 00:51:24+00
1100,616,2024-02-29 22:14:40+00,delivered,29.99,5.99,0.00,35.98,Nashville,TN,37201,2024-03-07 00:14:40+00
1101,616,2024-04-09 05:10:40+00,delivered,139.98,0.00,0.00,139.98,Nashville,TN,37201,2024-04-14 13:10:40+00
1102,617,2024-11-09 17:06:28+00,delivered,160.38,0.00,0.00,160.38,Phoenix,AZ,85001,2024-11-16 00:06:28+00
1103,618,2024-05-12 03:00:02+00,processing,256.48,0.00,0.00,256.48,Boston,MA,02101,
1104,618,2024-06-29 08:43:02+00,cancelled,32.00,5.99,0.00,37.99,Boston,MA,02101,
1105,619,2025-04-03 20:57:50+00,delivered,79.99,0.00,0.00,79.99,San Antonio,TX,78201,2025-04-08 06:57:50+00
1106,619,2025-04-16 06:41:50+00,delivered,220.96,0.00,0.00,220.96,San Antonio,TX,78201,2025-04-20 15:41:50+00
1107,620,2025-08-28 18:02:20+00,delivered,129.99,0.00,0.00,129.99,Phoenix,AZ,85001,2025-09-02 04:02:20+00
1108,620,2025-08-30 19:38:20+00,cancelled,565.48,0.00,0.00,565.48,Phoenix,AZ,85001,
1109,621,2025-11-20 00:08:35+00,delivered,179.97,0.00,0.00,179.97,Philadelphia,PA,19101,2025-11-23 03:08:35+00
1110,621,2025-12-25 05:35:35+00,delivered,409.98,0.00,41.00,368.98,Philadelphia,PA,19101,2025-12-27 07:35:35+00
1111,622,2024-06-01 15:07:10+00,delivered,64.00,5.99,0.00,69.99,Dallas,TX,75201,2024-06-05 21:07:10+00
1112,622,2024-07-17 18:38:10+00,delivered,84.99,0.00,0.00,84.99,Dallas,TX,75201,2024-07-21 22:38:10+00
1113,622,2024-08-11 02:06:10+00,delivered,107.99,0.00,0.00,107.99,Dallas,TX,75201,2024-08-14 11:06:10+00
1114,623,2024-07-08 21:04:58+00,delivered,123.49,0.00,0.00,123.49,Charlotte,NC,28201,2024-07-11 05:04:58+00
1115,623,2024-08-04 22:32:58+00,delivered,320.47,0.00,0.00,320.47,Charlotte,NC,28201,2024-08-07 06:32:58+00
1116,624,2025-04-25 03:05:39+00,pending,240.99,0.00,0.00,240.99,Phoenix,AZ,85001,
1117,625,2024-02-01 15:12:08+00,delivered,69.99,5.99,0.00,75.98,Philadelphia,PA,19101,2024-02-07 16:12:08+00
1118,626,2024-12-08 19:47:10+00,delivered,509.96,0.00,0.00,509.96,San Antonio,TX,78201,2024-12-14 22:47:10+00
1119,626,2024-12-25 01:26:10+00,cancelled,99.98,0.00,0.00,99.98,San Antonio,TX,78201,
1120,627,2025-10-09 23:56:50+00,delivered,42.00,5.99,0.00,47.99,Los Angeles,CA,90001,2025-10-12 03:56:50+00
1121,627,2025-11-20 11:16:50+00,delivered,59.49,5.99,0.00,65.48,Los Angeles,CA,90001,2025-11-23 20:16:50+00
1122,627,2025-12-23 23:54:50+00,delivered,338.98,0.00,0.00,338.98,Los Angeles,CA,90001,2025-12-29 05:54:50+00
1123,627,2026-01-23 01:13:50+00,delivered,599.97,0.00,0.00,599.97,Los Angeles,CA,90001,2026-01-25 06:13:50+00
1124,628,2025-07-08 18:27:33+00,delivered,89.99,0.00,0.00,89.99,Nashville,TN,37201,2025-07-11 23:27:33+00
1125,628,2025-08-08 19:39:33+00,delivered,28.00,5.99,0.00,33.99,Nashville,TN,37201,2025-08-13 21:39:33+00
1126,629,2025-08-03 10:04:49+00,delivered,559.95,0.00,0.00,559.95,Nashville,TN,37201,2025-08-09 13:04:49+00
1127,629,2025-09-02 17:47:49+00,delivered,74.99,5.99,0.00,80.98,Nashville,TN,37201,2025-09-06 00:47:49+00
1128,630,2024-11-12 15:08:04+00,delivered,192.00,0.00,19.20,172.80,San Antonio,TX,78201,2024-11-15 20:08:04+00
1129,631,2024-12-30 13:15:16+00,delivered,28.00,5.99,0.00,33.99,Nashville,TN,37201,2025-01-05 17:15:16+00
1130,631,2025-02-26 15:59:16+00,delivered,429.97,0.00,0.00,429.97,Nashville,TN,37201,2025-02-28 19:59:16+00
1131,631,2025-03-09 23:51:16+00,delivered,32.00,5.99,0.00,37.99,Nashville,TN,37201,2025-03-13 05:51:16+00
1132,632,2024-09-10 23:39:55+00,delivered,384.96,0.00,0.00,384.96,Phoenix,AZ,85001,2024-09-16 06:39:55+00
1133,632,2024-09-19 10:10:55+00,delivered,259.97,0.00,0.00,259.97,Phoenix,AZ,85001,2024-09-25 20:10:55+00
1134,633,2024-09-23 07:55:30+00,delivered,42.49,5.99,0.00,48.48,Atlanta,GA,30301,2024-09-27 13:55:30+00
1135,634,2025-07-07 00:36:18+00,delivered,139.48,0.00,0.00,139.48,Seattle,WA,98101,2025-07-13 01:36:18+00
1136,635,2025-03-27 16:05:37+00,delivered,234.93,0.00,0.00,234.93,Philadelphia,PA,19101,2025-04-01 00:05:37+00
1137,636,2025-07-29 20:08:05+00,delivered,565.45,0.00,0.00,565.45,Boston,MA,02101,2025-08-03 04:08:05+00
1138,637,2024-01-17 22:36:09+00,delivered,62.99,5.99,0.00,68.98,Charlotte,NC,28201,2024-01-24 07:36:09+00
1139,637,2024-02-14 04:15:09+00,delivered,74.98,5.99,0.00,80.97,Charlotte,NC,28201,2024-02-18 06:15:09+00
1140,637,2024-04-06 14:17:09+00,cancelled,575.67,0.00,0.00,575.67,Charlotte,NC,28201,
1141,637,2024-04-13 03:12:09+00,delivered,29.99,5.99,0.00,35.98,Charlotte,NC,28201,2024-04-19 05:12:09+00
1142,638,2025-06-03 01:33:24+00,delivered,152.99,0.00,0.00,152.99,San Diego,CA,92101,2025-06-07 04:33:24+00
1143,638,2025-07-07 09:56:24+00,delivered,28.00,5.99,0.00,33.99,San Diego,CA,92101,2025-07-13 10:56:24+00
1144,639,2024-08-17 19:04:03+00,delivered,259.98,0.00,0.00,259.98,San Diego,CA,92101,2024-08-23 01:04:03+00
1145,640,2025-11-05 18:38:53+00,delivered,49.99,5.99,0.00,55.98,Seattle,WA,98101,2025-11-08 20:38:53+00
1146,640,2025-12-18 05:23:53+00,delivered,405.98,0.00,0.00,405.98,Seattle,WA,98101,2025-12-24 06:23:53+00
1147,641,2024-08-11 11:12:15+00,cancelled,99.99,0.00,0.00,99.99,Philadelphia,PA,19101,
1148,642,2024-08-25 23:30:12+00,delivered,94.99,0.00,0.00,94.99,Los Angeles,CA,90001,2024-09-01 04:30:12+00
1149,642,2024-08-31 00:54:12+00,delivered,455.98,0.00,0.00,455.98,Los Angeles,CA,90001,2024-09-04 06:54:12+00
1150,643,2024-04-10 11:37:40+00,returned,179.99,0.00,0.00,179.99,Austin,TX,73301,2024-04-14 11:37:40+00
1151,643,2024-05-02 00:32:40+00,returned,119.98,0.00,0.00,119.98,Austin,TX,73301,2024-05-07 00:32:40+00
1152,644,2024-04-07 16:29:28+00,cancelled,116.99,0.00,0.00,116.99,San Antonio,TX,78201,
1153,645,2024-09-13 16:08:27+00,delivered,28.00,5.99,0.00,33.99,Boston,MA,02101,2024-09-18 19:08:27+00
1154,646,2025-01-26 09:58:00+00,delivered,329.99,0.00,0.00,329.99,Nashville,TN,37201,2025-01-30 16:58:00+00
1155,646,2025-03-14 17:02:00+00,delivered,261.98,0.00,0.00,261.98,Nashville,TN,37201,2025-03-18 00:02:00+00
1156,647,2025-01-03 20:16:46+00,processing,149.47,0.00,0.00,149.47,New York,NY,10001,
1157,648,2025-09-20 21:34:24+00,delivered,69.99,5.99,0.00,75.98,San Jose,CA,95101,2025-09-27 00:34:24+00
1158,649,2025-02-08 23:15:45+00,shipped,197.48,0.00,0.00,197.48,Chicago,IL,60601,
1159,650,2025-04-26 04:17:53+00,delivered,384.97,0.00,0.00,384.97,Denver,CO,80201,2025-04-28 05:17:53+00
1160,651,2025-05-24 21:09:47+00,delivered,134.98,0.00,0.00,134.98,Miami,FL,33101,2025-05-30 04:09:47+00
1161,651,2025-06-24 06:34:47+00,delivered,599.97,0.00,0.00,599.97,Miami,FL,33101,2025-06-27 07:34:47+00
1162,651,2025-08-22 09:13:47+00,cancelled,271.96,0.00,0.00,271.96,Miami,FL,33101,
1163,652,2024-02-17 08:23:51+00,delivered,115.20,0.00,0.00,115.20,Boston,MA,02101,2024-02-20 13:23:51+00
1164,653,2024-09-16 11:43:44+00,delivered,42.49,5.99,0.00,48.48,San Antonio,TX,78201,2024-09-21 16:43:44+00
1165,654,2025-04-03 04:15:09+00,delivered,55.24,5.99,5.52,55.71,Portland,OR,97201,2025-04-07 06:15:09+00
1166,655,2024-08-11 07:26:43+00,delivered,139.98,0.00,0.00,139.98,San Jose,CA,95101,2024-08-17 15:26:43+00
1167,655,2024-10-01 13:44:43+00,delivered,69.99,5.99,0.00,75.98,San Jose,CA,95101,2024-10-04 17:44:43+00
1168,656,2024-05-25 09:42:26+00,delivered,29.99,5.99,0.00,35.98,San Antonio,TX,78201,2024-05-30 11:42:26+00
1169,657,2025-02-06 02:23:16+00,delivered,25.49,5.99,0.00,31.48,New York,NY,10001,2025-02-12 05:23:16+00
1170,658,2025-11-19 15:06:39+00,delivered,143.69,0.00,0.00,143.69,San Jose,CA,95101,2025-11-21 20:06:39+00
1171,659,2025-02-11 03:39:51+00,shipped,104.98,0.00,0.00,104.98,Denver,CO,80201,
1172,660,2024-02-19 06:56:27+00,cancelled,308.72,0.00,0.00,308.72,San Jose,CA,95101,
1173,661,2024-06-11 06:04:39+00,delivered,159.99,0.00,0.00,159.99,San Antonio,TX,78201,2024-06-16 14:04:39+00
1174,661,2024-07-22 14:37:39+00,delivered,89.99,0.00,0.00,89.99,San Antonio,TX,78201,2024-07-28 21:37:39+00
1175,662,2024-08-10 22:50:40+00,delivered,109.99,0.00,0.00,109.99,Dallas,TX,75201,2024-08-16 23:50:40+00
1176,662,2024-08-13 08:54:40+00,delivered,32.00,5.99,0.00,37.99,Dallas,TX,75201,2024-08-17 16:54:40+00
1177,662,2024-10-07 12:02:40+00,delivered,152.19,0.00,0.00,152.19,Dallas,TX,75201,2024-10-13 15:02:40+00
1178,663,2024-08-06 00:38:38+00,delivered,99.99,0.00,10.00,89.99,Seattle,WA,98101,2024-08-10 02:38:38+00
1179,664,2025-03-07 10:33:15+00,delivered,334.97,0.00,0.00,334.97,Charlotte,NC,28201,2025-03-10 13:33:15+00
1180,664,2025-03-24 20:34:15+00,delivered,154.98,0.00,0.00,154.98,Charlotte,NC,28201,2025-03-28 03:34:15+00
1181,665,2024-03-14 08:18:07+00,shipped,79.99,0.00,0.00,79.99,Houston,TX,77001,
1182,665,2024-04-05 14:00:07+00,cancelled,219.29,0.00,0.00,219.29,Houston,TX,77001,
1183,665,2024-04-30 19:36:07+00,delivered,854.95,0.00,0.00,854.95,Houston,TX,77001,2024-05-04 00:36:07+00
1184,666,2024-09-22 15:24:09+00,delivered,26.60,5.99,0.00,32.59,Charlotte,NC,28201,2024-09-25 16:24:09+00
1185,667,2024-09-07 19:30:13+00,delivered,28.00,5.99,2.80,31.19,Atlanta,GA,30301,2024-09-12 22:30:13+00
1186,668,2025-07-03 00:19:42+00,shipped,599.97,0.00,0.00,599.97,Seattle,WA,98101,
1187,669,2025-01-21 14:35:17+00,delivered,49.99,5.99,0.00,55.98,Miami,FL,33101,2025-01-25 20:35:17+00
1188,670,2025-10-06 11:11:25+00,delivered,28.00,5.99,0.00,33.99,Nashville,TN,37201,2025-10-10 12:11:25+00
1189,671,2025-04-17 08:30:17+00,delivered,179.98,0.00,0.00,179.98,Portland,OR,97201,2025-04-22 14:30:17+00
1190,671,2025-05-30 11:47:17+00,delivered,32.00,5.99,0.00,37.99,Portland,OR,97201,2025-06-01 18:47:17+00
1191,672,2025-10-05 19:44:18+00,delivered,49.99,5.99,5.00,50.98,Chicago,IL,60601,2025-10-07 20:44:18+00
1192,672,2025-11-09 02:26:18+00,delivered,49.99,5.99,0.00,55.98,Chicago,IL,60601,2025-11-15 10:26:18+00
1193,672,2025-12-13 04:13:18+00,delivered,339.98,0.00,0.00,339.98,Chicago,IL,60601,2025-12-15 06:13:18+00
1194,673,2024-03-06 03:45:24+00,delivered,96.00,0.00,0.00,96.00,Philadelphia,PA,19101,2024-03-09 12:45:24+00
1195,674,2024-12-26 11:24:55+00,delivered,219.84,0.00,0.00,219.84,Portland,OR,97201,2024-12-30 12:24:55+00
1196,674,2025-02-06 20:31:55+00,delivered,124.99,0.00,0.00,124.99,Portland,OR,97201,2025-02-11 04:31:55+00
1197,675,2025-06-04 12:09:47+00,delivered,159.99,0.00,0.00,159.99,San Jose,CA,95101,2025-06-10 18:09:47+00
1198,676,2024-12-25 09:39:18+00,delivered,27.20,5.99,0.00,33.19,Phoenix,AZ,85001,2024-12-30 16:39:18+00
1199,677,2024-09-15 12:40:33+00,delivered,452.96,0.00,0.00,452.96,San Antonio,TX,78201,2024-09-19 16:40:33+00
1200,677,2024-11-04 16:55:33+00,delivered,518.73,0.00,0.00,518.73,San Antonio,TX,78201,2024-11-10 00:55:33+00
1201,678,2024-11-10 10:10:09+00,cancelled,116.99,0.00,0.00,116.99,Charlotte,NC,28201,
1202,679,2024-10-06 20:24:19+00,delivered,64.49,5.99,0.00,70.48,Portland,OR,97201,2024-10-13 00:24:19+00
1203,679,2024-10-10 06:29:19+00,delivered,427.99,0.00,0.00,427.99,Portland,OR,97201,2024-10-14 09:29:19+00
1204,680,2024-11-24 00:08:50+00,delivered,64.99,5.99,0.00,70.98,San Jose,CA,95101,2024-11-29 04:08:50+00
1205,680,2025-01-05 07:11:50+00,delivered,56.00,5.99,0.00,61.99,San Jose,CA,95101,2025-01-08 11:11:50+00
1206,680,2025-03-02 09:22:50+00,delivered,279.98,0.00,0.00,279.98,San Jose,CA,95101,2025-03-06 18:22:50+00
1207,680,2025-03-11 12:35:50+00,delivered,92.99,0.00,0.00,92.99,San Jose,CA,95101,2025-03-16 21:35:50+00
1208,680,2025-04-02 22:26:50+00,delivered,179.99,0.00,0.00,179.99,San Jose,CA,95101,2025-04-07 03:26:50+00
1209,680,2025-05-04 02:55:50+00,delivered,99.98,0.00,0.00,99.98,San Jose,CA,95101,2025-05-08 03:55:50+00
1210,681,2024-11-07 06:04:17+00,delivered,159.99,0.00,0.00,159.99,Phoenix,AZ,85001,2024-11-09 13:04:17+00
1211,682,2024-01-14 23:39:52+00,delivered,219.93,0.00,0.00,219.93,New York,NY,10001,2024-01-18 05:39:52+00
1212,683,2025-06-24 17:59:07+00,delivered,89.99,0.00,9.00,80.99,Atlanta,GA,30301,2025-06-27 20:59:07+00
1213,684,2024-05-31 17:41:45+00,delivered,44.99,5.99,0.00,50.98,Denver,CO,80201,2024-06-07 01:41:45+00
1214,684,2024-07-15 02:19:45+00,delivered,427.99,0.00,0.00,427.99,Denver,CO,80201,2024-07-17 10:19:45+00
1215,684,2024-08-14 03:57:45+00,cancelled,249.99,0.00,0.00,249.99,Denver,CO,80201,
1216,684,2024-10-07 15:22:45+00,cancelled,39.95,5.99,0.00,45.94,Denver,CO,80201,
1217,684,2024-10-14 04:03:45+00,delivered,298.70,0.00,0.00,298.70,Denver,CO,80201,2024-10-18 12:03:45+00
1218,684,2024-11-02 12:21:45+00,cancelled,199.98,0.00,0.00,199.98,Denver,CO,80201,
1219,685,2025-03-04 22:20:37+00,delivered,869.97,0.00,0.00,869.97,Dallas,TX,75201,2025-03-08 05:20:37+00
1220,686,2025-06-27 22:24:07+00,processing,238.73,0.00,0.00,238.73,Houston,TX,77001,
1221,687,2024-03-19 01:55:34+00,pending,169.99,0.00,0.00,169.99,Nashville,TN,37201,
1222,687,2024-04-17 10:12:34+00,delivered,29.99,5.99,0.00,35.98,Nashville,TN,37201,2024-04-20 19:12:34+00
1223,687,2024-05-03 16:27:34+00,processing,369.97,0.00,0.00,369.97,Nashville,TN,37201,
1224,687,2024-06-16 00:42:34+00,delivered,709.94,0.00,0.00,709.94,Nashville,TN,37201,2024-06-21 04:42:34+00
1225,687,2024-08-10 10:51:34+00,shipped,128.95,0.00,0.00,128.95,Nashville,TN,37201,
1226,687,2024-10-01 13:48:34+00,delivered,119.99,0.00,0.00,119.99,Nashville,TN,37201,2024-10-07 20:48:34+00
1227,688,2024-01-17 03:09:01+00,delivered,399.99,0.00,0.00,399.99,San Jose,CA,95101,2024-01-19 10:09:01+00
1228,688,2024-03-07 08:34:01+00,delivered,54.99,5.99,0.00,60.98,San Jose,CA,95101,2024-03-10 18:34:01+00
1229,688,2024-03-24 14:16:01+00,delivered,694.43,0.00,0.00,694.43,San Jose,CA,95101,2024-03-26 23:16:01+00
1230,689,2025-09-23 09:02:33+00,delivered,199.99,0.00,0.00,199.99,Boston,MA,02101,2025-09-28 11:02:33+00
1231,689,2025-11-04 18:07:33+00,delivered,94.99,0.00,0.00,94.99,Boston,MA,02101,2025-11-06 22:07:33+00
1232,690,2025-05-13 13:03:11+00,delivered,124.99,0.00,12.50,112.49,Minneapolis,MN,55401,2025-05-19 20:03:11+00
1233,691,2024-04-23 04:47:15+00,delivered,181.97,0.00,0.00,181.97,Austin,TX,73301,2024-04-28 10:47:15+00
1234,692,2024-01-25 09:54:47+00,delivered,479.97,0.00,48.00,431.97,Dallas,TX,75201,2024-01-29 11:54:47+00
1235,692,2024-01-27 14:03:47+00,delivered,167.80,0.00,0.00,167.80,Dallas,TX,75201,2024-02-02 16:03:47+00
1236,692,2024-02-09 21:59:47+00,delivered,29.99,5.99,0.00,35.98,Dallas,TX,75201,2024-02-15 07:59:47+00
1237,692,2024-03-09 03:15:47+00,delivered,463.47,0.00,46.35,417.12,Dallas,TX,75201,2024-03-15 08:15:47+00
1238,692,2024-04-13 04:35:47+00,delivered,419.96,0.00,0.00,419.96,Dallas,TX,75201,2024-04-18 06:35:47+00
1239,693,2024-05-18 15:25:52+00,delivered,89.99,0.00,0.00,89.99,Atlanta,GA,30301,2024-05-23 19:25:52+00
1240,694,2025-04-10 08:04:47+00,delivered,168.00,0.00,0.00,168.00,Chicago,IL,60601,2025-04-16 18:04:47+00
1241,694,2025-06-05 18:24:47+00,delivered,456.94,0.00,0.00,456.94,Chicago,IL,60601,2025-06-08 04:24:47+00
1242,695,2025-07-30 19:34:59+00,delivered,137.99,0.00,0.00,137.99,Philadelphia,PA,19101,2025-08-06 00:34:59+00
1243,696,2025-01-14 09:54:46+00,delivered,84.00,0.00,0.00,84.00,Denver,CO,80201,2025-01-20 12:54:46+00
1244,696,2025-02-28 22:27:46+00,delivered,413.99,0.00,0.00,413.99,Denver,CO,80201,2025-03-03 01:27:46+00
1245,697,2025-02-23 14:02:28+00,delivered,659.98,0.00,0.00,659.98,Miami,FL,33101,2025-02-28 17:02:28+00
1246,698,2024-02-07 10:42:25+00,delivered,665.45,0.00,0.00,665.45,Nashville,TN,37201,2024-02-09 11:42:25+00
1247,698,2024-02-09 23:39:25+00,delivered,212.98,0.00,0.00,212.98,Nashville,TN,37201,2024-02-14 02:39:25+00
1248,699,2025-09-27 19:54:39+00,delivered,279.98,0.00,0.00,279.98,San Jose,CA,95101,2025-10-04 03:54:39+00
1249,699,2025-10-27 03:10:39+00,delivered,244.48,0.00,0.00,244.48,San Jose,CA,95101,2025-10-29 04:10:39+00
1250,699,2025-12-12 06:43:39+00,delivered,89.99,0.00,0.00,89.99,San Jose,CA,95101,2025-12-15 11:43:39+00
1251,700,2025-02-19 11:42:49+00,delivered,69.99,5.99,0.00,75.98,Minneapolis,MN,55401,2025-02-22 13:42:49+00
1252,700,2025-03-21 23:01:49+00,delivered,441.72,0.00,0.00,441.72,Minneapolis,MN,55401,2025-03-26 00:01:49+00
1253,701,2024-03-24 13:59:12+00,delivered,28.00,5.99,0.00,33.99,Chicago,IL,60601,2024-03-30 16:59:12+00
1254,701,2024-04-27 15:44:12+00,delivered,1060.42,0.00,0.00,1060.42,Chicago,IL,60601,2024-05-02 17:44:12+00
1255,701,2024-06-06 18:46:12+00,delivered,129.99,0.00,0.00,129.99,Chicago,IL,60601,2024-06-11 04:46:12+00
1256,702,2024-01-29 03:02:31+00,delivered,79.99,0.00,0.00,79.99,Dallas,TX,75201,2024-02-02 09:02:31+00
1257,702,2024-02-29 04:53:31+00,delivered,68.00,5.99,0.00,73.99,Dallas,TX,75201,2024-03-04 07:53:31+00
1258,703,2025-04-25 11:05:36+00,delivered,42.00,5.99,0.00,47.99,Houston,TX,77001,2025-05-01 15:05:36+00
1259,703,2025-06-02 21:53:36+00,delivered,249.99,0.00,0.00,249.99,Houston,TX,77001,2025-06-09 07:53:36+00
1260,704,2025-05-31 12:44:57+00,delivered,659.97,0.00,0.00,659.97,Dallas,TX,75201,2025-06-06 21:44:57+00
1261,704,2025-06-28 00:59:57+00,delivered,96.99,0.00,0.00,96.99,Dallas,TX,75201,2025-07-04 01:59:57+00
1262,704,2025-08-19 06:19:57+00,delivered,119.99,0.00,0.00,119.99,Dallas,TX,75201,2025-08-23 11:19:57+00
1263,705,2024-03-04 05:30:18+00,delivered,199.99,0.00,0.00,199.99,Dallas,TX,75201,2024-03-06 10:30:18+00
1264,706,2024-03-08 16:27:53+00,delivered,544.96,0.00,0.00,544.96,Dallas,TX,75201,2024-03-15 02:27:53+00
1265,706,2024-04-22 17:58:53+00,shipped,169.47,0.00,0.00,169.47,Dallas,TX,75201,
1266,707,2024-12-14 11:28:57+00,delivered,68.00,5.99,0.00,73.99,Phoenix,AZ,85001,2024-12-16 19:28:57+00
1267,707,2025-01-03 12:43:57+00,processing,169.99,0.00,0.00,169.99,Phoenix,AZ,85001,
1268,708,2024-07-17 02:15:16+00,returned,404.96,0.00,0.00,404.96,Chicago,IL,60601,2024-07-20 02:15:16+00
1269,708,2024-09-01 03:27:16+00,delivered,42.00,5.99,0.00,47.99,Chicago,IL,60601,2024-09-04 07:27:16+00
1270,709,2024-07-31 13:06:09+00,delivered,32.00,5.99,0.00,37.99,Los Angeles,CA,90001,2024-08-02 16:06:09+00
1271,709,2024-09-20 16:12:09+00,delivered,79.99,0.00,0.00,79.99,Los Angeles,CA,90001,2024-09-24 02:12:09+00
1272,710,2025-10-20 07:53:59+00,delivered,169.99,0.00,0.00,169.99,Miami,FL,33101,2025-10-22 13:53:59+00
1273,711,2024-10-12 07:28:21+00,delivered,29.99,5.99,0.00,35.98,Houston,TX,77001,2024-10-14 15:28:21+00
1274,712,2024-10-04 15:49:47+00,delivered,151.99,0.00,0.00,151.99,Seattle,WA,98101,2024-10-06 20:49:47+00
1275,713,2024-08-26 21:21:49+00,delivered,54.99,5.99,5.50,55.48,Denver,CO,80201,2024-08-30 00:21:49+00
1276,713,2024-08-31 05:02:49+00,cancelled,149.97,0.00,0.00,149.97,Denver,CO,80201,
1277,713,2024-09-15 10:21:49+00,delivered,159.98,0.00,0.00,159.98,Denver,CO,80201,2024-09-20 17:21:49+00
1278,714,2024-06-11 19:09:33+00,delivered,22.00,5.99,0.00,27.99,San Antonio,TX,78201,2024-06-14 01:09:33+00
1279,714,2024-06-21 22:41:33+00,delivered,204.00,0.00,0.00,204.00,San Antonio,TX,78201,2024-06-27 06:41:33+00
1280,714,2024-07-04 08:40:33+00,delivered,129.98,0.00,13.00,116.98,San Antonio,TX,78201,2024-07-09 12:40:33+00
1281,715,2025-10-19 16:36:09+00,processing,32.00,5.99,0.00,37.99,Miami,FL,33101,
1282,716,2025-09-19 15:56:12+00,delivered,349.96,0.00,0.00,349.96,Denver,CO,80201,2025-09-21 22:56:12+00
1283,717,2024-04-28 12:26:15+00,delivered,22.00,5.99,2.20,25.79,Chicago,IL,60601,2024-05-04 17:26:15+00
1284,718,2024-02-17 05:07:04+00,delivered,244.93,0.00,24.49,220.44,New York,NY,10001,2024-02-23 08:07:04+00
1285,719,2025-04-07 15:14:57+00,delivered,66.00,5.99,0.00,71.99,Houston,TX,77001,2025-04-12 22:14:57+00
1286,720,2025-06-29 19:15:54+00,delivered,284.96,0.00,0.00,284.96,San Jose,CA,95101,2025-07-03 22:15:54+00
1287,721,2024-02-29 16:07:29+00,delivered,471.97,0.00,47.20,424.77,Minneapolis,MN,55401,2024-03-05 17:07:29+00
1288,721,2024-03-16 20:34:29+00,cancelled,134.89,0.00,0.00,134.89,Minneapolis,MN,55401,
1289,721,2024-03-21 07:33:29+00,delivered,125.39,0.00,0.00,125.39,Minneapolis,MN,55401,2024-03-26 08:33:29+00
1290,721,2024-03-23 18:44:29+00,delivered,169.98,0.00,0.00,169.98,Minneapolis,MN,55401,2024-03-29 00:44:29+00
1291,721,2024-05-12 00:00:29+00,shipped,79.99,0.00,0.00,79.99,Minneapolis,MN,55401,
1292,721,2024-06-25 11:10:29+00,delivered,179.98,0.00,0.00,179.98,Minneapolis,MN,55401,2024-06-27 18:10:29+00
1293,721,2024-08-20 17:15:29+00,processing,280.72,0.00,0.00,280.72,Minneapolis,MN,55401,
1294,722,2024-07-16 20:12:52+00,delivered,239.98,0.00,0.00,239.98,Portland,OR,97201,2024-07-19 04:12:52+00
1295,723,2025-01-22 23:45:54+00,delivered,62.99,5.99,0.00,68.98,Philadelphia,PA,19101,2025-01-26 05:45:54+00
1296,724,2025-09-10 01:13:14+00,delivered,139.98,0.00,0.00,139.98,Boston,MA,02101,2025-09-12 03:13:14+00
1297,725,2024-05-26 05:46:40+00,delivered,119.98,0.00,0.00,119.98,Atlanta,GA,30301,2024-06-01 11:46:40+00
1298,726,2024-01-15 02:55:30+00,cancelled,227.98,0.00,0.00,227.98,Austin,TX,73301,
1299,726,2024-02-17 14:54:30+00,delivered,139.98,0.00,0.00,139.98,Austin,TX,73301,2024-02-21 20:54:30+00
1300,727,2025-01-07 07:45:48+00,cancelled,351.98,0.00,0.00,351.98,Portland,OR,97201,
1301,727,2025-02-13 13:28:48+00,delivered,49.99,5.99,0.00,55.98,Portland,OR,97201,2025-02-16 15:28:48+00
1302,727,2025-04-11 21:07:48+00,pending,28.00,5.99,0.00,33.99,Portland,OR,97201,
1303,728,2024-05-09 19:24:04+00,processing,181.22,0.00,0.00,181.22,Miami,FL,33101,
1304,729,2025-10-01 18:53:08+00,delivered,28.00,5.99,0.00,33.99,Dallas,TX,75201,2025-10-08 01:53:08+00
1305,730,2024-04-13 20:54:36+00,delivered,89.99,0.00,9.00,80.99,New York,NY,10001,2024-04-19 06:54:36+00
1306,730,2024-05-11 00:39:36+00,delivered,955.17,0.00,0.00,955.17,New York,NY,10001,2024-05-14 01:39:36+00
1307,730,2024-06-30 08:43:36+00,delivered,89.99,0.00,0.00,89.99,New York,NY,10001,2024-07-03 13:43:36+00
1308,731,2025-12-10 04:23:55+00,delivered,219.95,0.00,0.00,219.95,San Antonio,TX,78201,2025-12-13 13:23:55+00
1309,732,2024-10-23 02:58:51+00,cancelled,94.99,0.00,0.00,94.99,Boston,MA,02101,
1310,732,2024-11-27 15:32:51+00,delivered,229.93,0.00,0.00,229.93,Boston,MA,02101,2024-12-03 16:32:51+00
1311,733,2025-04-18 22:48:53+00,delivered,294.95,0.00,0.00,294.95,Phoenix,AZ,85001,2025-04-21 02:48:53+00
1312,734,2024-06-12 14:37:03+00,delivered,659.98,0.00,0.00,659.98,Seattle,WA,98101,2024-06-17 23:37:03+00
1313,735,2024-12-22 22:29:50+00,delivered,284.97,0.00,0.00,284.97,Houston,TX,77001,2024-12-29 02:29:50+00
1314,736,2025-04-01 13:18:53+00,processing,69.98,5.99,0.00,75.97,Charlotte,NC,28201,
1315,736,2025-05-22 14:21:53+00,delivered,189.99,0.00,0.00,189.99,Charlotte,NC,28201,2025-05-25 20:21:53+00
1316,737,2024-12-28 03:53:33+00,delivered,129.48,0.00,0.00,129.48,Minneapolis,MN,55401,2025-01-02 04:53:33+00
1317,737,2025-01-27 12:34:33+00,delivered,94.99,0.00,0.00,94.99,Minneapolis,MN,55401,2025-01-29 14:34:33+00
1318,737,2025-03-25 17:59:33+00,shipped,64.99,5.99,0.00,70.98,Minneapolis,MN,55401,
1319,738,2025-04-09 09:07:21+00,pending,329.99,0.00,0.00,329.99,Minneapolis,MN,55401,
1320,739,2024-11-13 17:57:37+00,delivered,54.99,5.99,0.00,60.98,Los Angeles,CA,90001,2024-11-17 23:57:37+00
1321,739,2024-12-02 00:34:37+00,shipped,123.98,0.00,0.00,123.98,Los Angeles,CA,90001,
1322,739,2024-12-12 12:37:37+00,delivered,89.99,0.00,0.00,89.99,Los Angeles,CA,90001,2024-12-15 22:37:37+00
1323,740,2024-04-16 16:22:51+00,delivered,260.22,0.00,0.00,260.22,Boston,MA,02101,2024-04-18 22:22:51+00
1324,741,2025-10-29 23:48:38+00,delivered,125.99,0.00,0.00,125.99,Philadelphia,PA,19101,2025-11-05 06:48:38+00
1325,741,2025-11-24 05:49:38+00,processing,74.99,5.99,0.00,80.98,Philadelphia,PA,19101,
1326,742,2024-10-19 10:31:16+00,processing,453.71,0.00,0.00,453.71,Philadelphia,PA,19101,
1327,743,2024-12-09 05:48:36+00,delivered,137.99,0.00,0.00,137.99,Nashville,TN,37201,2024-12-11 07:48:36+00
1328,744,2025-06-08 18:12:34+00,delivered,490.45,0.00,0.00,490.45,Los Angeles,CA,90001,2025-06-11 23:12:34+00
1329,745,2025-05-19 05:04:50+00,delivered,229.97,0.00,0.00,229.97,Seattle,WA,98101,2025-05-21 14:04:50+00
1330,745,2025-06-16 06:09:50+00,delivered,282.58,0.00,0.00,282.58,Seattle,WA,98101,2025-06-22 08:09:50+00
1331,746,2025-01-07 03:24:52+00,delivered,28.00,5.99,0.00,33.99,Portland,OR,97201,2025-01-10 12:24:52+00
1332,747,2024-02-23 19:27:13+00,delivered,309.98,0.00,0.00,309.98,Boston,MA,02101,2024-02-29 21:27:13+00
1333,747,2024-04-06 02:58:13+00,delivered,338.98,0.00,33.90,305.08,Boston,MA,02101,2024-04-10 04:58:13+00
1334,748,2025-06-14 10:25:58+00,delivered,42.00,5.99,0.00,47.99,Miami,FL,33101,2025-06-18 17:25:58+00
1335,748,2025-08-10 21:54:58+00,delivered,157.99,0.00,0.00,157.99,Miami,FL,33101,2025-08-13 04:54:58+00
1336,749,2025-01-02 00:43:32+00,delivered,207.93,0.00,0.00,207.93,San Antonio,TX,78201,2025-01-07 01:43:32+00
1337,749,2025-02-02 01:44:32+00,delivered,579.98,0.00,0.00,579.98,San Antonio,TX,78201,2025-02-06 10:44:32+00
1338,749,2025-04-01 11:33:32+00,delivered,219.98,0.00,0.00,219.98,San Antonio,TX,78201,2025-04-05 20:33:32+00
1339,750,2025-07-09 01:31:08+00,delivered,159.98,0.00,0.00,159.98,Philadelphia,PA,19101,2025-07-12 07:31:08+00
1340,751,2025-06-17 14:28:15+00,shipped,404.98,0.00,0.00,404.98,Austin,TX,73301,
1341,752,2024-01-21 14:02:32+00,delivered,191.99,0.00,0.00,191.99,Austin,TX,73301,2024-01-23 19:02:32+00
1342,752,2024-03-08 19:08:32+00,delivered,24.99,5.99,0.00,30.98,Austin,TX,73301,2024-03-13 21:08:32+00
1343,752,2024-04-04 20:15:32+00,delivered,249.99,0.00,0.00,249.99,Austin,TX,73301,2024-04-11 01:15:32+00
1344,753,2025-07-06 20:13:43+00,delivered,26.99,5.99,0.00,32.98,Miami,FL,33101,2025-07-11 22:13:43+00
1345,754,2024-07-29 17:03:25+00,delivered,59.99,5.99,0.00,65.98,Austin,TX,73301,2024-07-31 23:03:25+00
1346,755,2024-05-17 19:12:56+00,shipped,112.00,0.00,0.00,112.00,Seattle,WA,98101,
1347,756,2024-02-07 12:28:07+00,shipped,62.40,5.99,0.00,68.39,Philadelphia,PA,19101,
1348,756,2024-02-14 22:54:07+00,delivered,239.97,0.00,0.00,239.97,Philadelphia,PA,19101,2024-02-18 01:54:07+00
1349,757,2025-06-12 09:29:44+00,shipped,285.73,0.00,0.00,285.73,Portland,OR,97201,
1350,757,2025-08-02 22:07:44+00,delivered,89.99,0.00,0.00,89.99,Portland,OR,97201,2025-08-08 04:07:44+00
1351,758,2024-01-20 20:55:22+00,delivered,40.70,5.99,0.00,46.69,Portland,OR,97201,2024-01-25 05:55:22+00
1352,758,2024-02-13 09:37:22+00,delivered,249.98,0.00,0.00,249.98,Portland,OR,97201,2024-02-15 14:37:22+00
1353,759,2024-09-28 04:15:07+00,cancelled,155.23,0.00,0.00,155.23,Portland,OR,97201,
1354,759,2024-10-28 08:32:07+00,delivered,329.98,0.00,0.00,329.98,Portland,OR,97201,2024-11-03 13:32:07+00
1355,760,2024-12-19 18:29:40+00,delivered,284.98,0.00,0.00,284.98,Minneapolis,MN,55401,2024-12-22 02:29:40+00
1356,760,2024-12-24 00:24:40+00,returned,169.99,0.00,0.00,169.99,Minneapolis,MN,55401,2024-12-29 00:24:40+00
1357,761,2025-05-08 03:46:39+00,delivered,68.00,5.99,0.00,73.99,Austin,TX,73301,2025-05-11 12:46:39+00
1358,761,2025-06-21 12:22:39+00,returned,104.98,0.00,0.00,104.98,Austin,TX,73301,2025-06-24 12:22:39+00
1359,761,2025-06-28 18:55:39+00,delivered,360.97,0.00,0.00,360.97,Austin,TX,73301,2025-07-01 03:55:39+00
1360,762,2025-09-02 05:58:38+00,delivered,199.98,0.00,0.00,199.98,Minneapolis,MN,55401,2025-09-06 10:58:38+00
1361,762,2025-11-01 15:52:38+00,delivered,66.00,5.99,0.00,71.99,Minneapolis,MN,55401,2025-11-05 18:52:38+00
1362,762,2025-11-07 00:27:38+00,delivered,83.60,0.00,0.00,83.60,Minneapolis,MN,55401,2025-11-09 03:27:38+00
1363,762,2025-11-10 09:37:38+00,delivered,259.48,0.00,0.00,259.48,Minneapolis,MN,55401,2025-11-15 17:37:38+00
1364,762,2025-12-17 14:30:38+00,delivered,99.99,0.00,0.00,99.99,Minneapolis,MN,55401,2025-12-21 22:30:38+00
1365,762,2025-12-19 15:42:38+00,delivered,594.97,0.00,0.00,594.97,Minneapolis,MN,55401,2025-12-24 16:42:38+00
1366,762,2026-02-11 01:56:38+00,delivered,364.98,0.00,0.00,364.98,Minneapolis,MN,55401,2026-02-16 02:56:38+00
1367,763,2025-01-30 18:07:13+00,delivered,314.97,0.00,0.00,314.97,Nashville,TN,37201,2025-02-03 19:07:13+00
1368,763,2025-03-10 23:38:13+00,delivered,338.97,0.00,0.00,338.97,Nashville,TN,37201,2025-03-15 00:38:13+00
1369,763,2025-04-05 07:52:13+00,delivered,339.73,0.00,0.00,339.73,Nashville,TN,37201,2025-04-11 08:52:13+00
1370,764,2024-01-10 21:01:10+00,delivered,100.00,0.00,0.00,100.00,Seattle,WA,98101,2024-01-14 04:01:10+00
1371,764,2024-02-07 00:50:10+00,cancelled,28.00,5.99,0.00,33.99,Seattle,WA,98101,
1372,765,2024-12-23 19:05:03+00,delivered,249.98,0.00,0.00,249.98,San Antonio,TX,78201,2024-12-26 23:05:03+00
1373,766,2025-04-04 14:03:47+00,processing,89.99,0.00,0.00,89.99,Boston,MA,02101,
1374,767,2025-04-10 14:52:09+00,cancelled,84.00,0.00,8.40,75.60,San Jose,CA,95101,
1375,768,2025-07-18 12:38:49+00,delivered,129.92,0.00,0.00,129.92,Philadelphia,PA,19101,2025-07-20 20:38:49+00
1376,768,2025-08-31 16:05:49+00,delivered,179.98,0.00,0.00,179.98,Philadelphia,PA,19101,2025-09-04 20:05:49+00
1377,769,2024-08-31 02:13:20+00,delivered,120.99,0.00,0.00,120.99,Los Angeles,CA,90001,2024-09-02 06:13:20+00
1378,770,2024-05-13 10:38:53+00,cancelled,444.98,0.00,0.00,444.98,New York,NY,10001,
1379,770,2024-05-17 18:19:53+00,delivered,99.98,0.00,0.00,99.98,New York,NY,10001,2024-05-22 02:19:53+00
1380,771,2025-06-26 20:30:34+00,delivered,249.99,0.00,0.00,249.99,Boston,MA,02101,2025-07-02 03:30:34+00
1381,772,2024-10-18 14:55:09+00,delivered,169.99,0.00,0.00,169.99,Chicago,IL,60601,2024-10-23 00:55:09+00
1382,773,2025-07-31 23:31:49+00,delivered,79.99,0.00,0.00,79.99,Houston,TX,77001,2025-08-04 01:31:49+00
1383,774,2025-06-25 02:30:57+00,delivered,315.98,0.00,0.00,315.98,San Jose,CA,95101,2025-06-30 06:30:57+00
1384,774,2025-06-29 12:30:57+00,delivered,399.99,0.00,0.00,399.99,San Jose,CA,95101,2025-07-05 19:30:57+00
1385,775,2024-08-18 08:30:46+00,delivered,109.98,0.00,0.00,109.98,Seattle,WA,98101,2024-08-24 14:30:46+00
1386,775,2024-10-17 15:48:46+00,pending,259.97,0.00,0.00,259.97,Seattle,WA,98101,
1387,776,2024-05-23 08:54:21+00,pending,57.99,5.99,0.00,63.98,Houston,TX,77001,
1388,776,2024-06-02 18:30:21+00,delivered,49.99,5.99,0.00,55.98,Houston,TX,77001,2024-06-07 01:30:21+00
1389,776,2024-06-10 05:03:21+00,pending,224.97,0.00,0.00,224.97,Houston,TX,77001,
1390,776,2024-07-20 12:35:21+00,delivered,66.49,5.99,6.65,65.83,Houston,TX,77001,2024-07-23 21:35:21+00
1391,777,2024-10-06 16:15:47+00,delivered,208.98,0.00,0.00,208.98,Houston,TX,77001,2024-10-09 21:15:47+00
1392,777,2024-10-12 17:48:47+00,delivered,224.94,0.00,0.00,224.94,Houston,TX,77001,2024-10-15 23:48:47+00
1393,777,2024-11-26 06:44:47+00,delivered,99.99,0.00,0.00,99.99,Houston,TX,77001,2024-11-28 09:44:47+00
1394,778,2024-05-12 08:55:00+00,delivered,219.98,0.00,0.00,219.98,Boston,MA,02101,2024-05-18 10:55:00+00
1395,779,2025-06-29 22:01:58+00,delivered,469.98,0.00,47.00,422.98,Portland,OR,97201,2025-07-04 04:01:58+00
1396,779,2025-07-06 01:55:58+00,delivered,29.99,5.99,3.00,32.98,Portland,OR,97201,2025-07-10 09:55:58+00
1397,780,2025-06-25 12:43:07+00,delivered,279.97,0.00,0.00,279.97,Miami,FL,33101,2025-06-27 16:43:07+00
1398,781,2024-01-31 17:47:59+00,delivered,234.97,0.00,0.00,234.97,Philadelphia,PA,19101,2024-02-04 03:47:59+00
1399,782,2024-04-24 16:28:38+00,delivered,109.79,0.00,0.00,109.79,Austin,TX,73301,2024-04-28 00:28:38+00
1400,783,2024-04-06 13:59:42+00,delivered,642.96,0.00,0.00,642.96,Boston,MA,02101,2024-04-09 14:59:42+00
1401,783,2024-05-19 18:54:42+00,delivered,88.00,0.00,0.00,88.00,Boston,MA,02101,2024-05-25 22:54:42+00
1402,783,2024-07-18 21:57:42+00,delivered,339.98,0.00,0.00,339.98,Boston,MA,02101,2024-07-22 01:57:42+00
1403,783,2024-08-28 00:51:42+00,delivered,81.97,0.00,0.00,81.97,Boston,MA,02101,2024-09-03 07:51:42+00
1404,783,2024-09-06 08:41:42+00,delivered,351.98,0.00,0.00,351.98,Boston,MA,02101,2024-09-08 17:41:42+00
1405,783,2024-10-14 14:42:42+00,shipped,199.98,0.00,20.00,179.98,Boston,MA,02101,
1406,784,2025-06-10 02:03:46+00,delivered,59.98,5.99,0.00,65.97,Los Angeles,CA,90001,2025-06-16 11:03:46+00
1407,784,2025-06-13 07:42:46+00,delivered,124.99,0.00,0.00,124.99,Los Angeles,CA,90001,2025-06-18 14:42:46+00
1408,785,2024-02-02 07:37:46+00,delivered,194.97,0.00,0.00,194.97,Philadelphia,PA,19101,2024-02-07 12:37:46+00
1409,786,2025-04-26 21:18:09+00,delivered,94.94,0.00,0.00,94.94,Nashville,TN,37201,2025-05-02 00:18:09+00
1410,786,2025-05-18 07:51:09+00,delivered,50.80,5.99,0.00,56.79,Nashville,TN,37201,2025-05-23 16:51:09+00
1411,786,2025-06-02 10:36:09+00,cancelled,59.99,5.99,0.00,65.98,Nashville,TN,37201,
1412,787,2024-06-06 09:29:16+00,shipped,184.93,0.00,0.00,184.93,Nashville,TN,37201,
1413,788,2025-01-07 13:27:18+00,delivered,26.60,5.99,0.00,32.59,Nashville,TN,37201,2025-01-11 20:27:18+00
1414,788,2025-01-24 01:33:18+00,delivered,799.98,0.00,0.00,799.98,Nashville,TN,37201,2025-01-28 03:33:18+00
1415,789,2024-06-28 14:50:04+00,delivered,474.97,0.00,0.00,474.97,Boston,MA,02101,2024-07-01 16:50:04+00
1416,789,2024-07-09 20:00:04+00,cancelled,28.00,5.99,0.00,33.99,Boston,MA,02101,
1417,790,2024-10-15 06:29:47+00,delivered,99.99,0.00,0.00,99.99,Phoenix,AZ,85001,2024-10-19 09:29:47+00
1418,791,2024-12-23 12:24:11+00,delivered,514.96,0.00,0.00,514.96,Houston,TX,77001,2024-12-26 15:24:11+00
1419,791,2025-02-10 21:35:11+00,delivered,159.99,0.00,0.00,159.99,Houston,TX,77001,2025-02-16 00:35:11+00
1420,791,2025-03-30 10:27:11+00,delivered,20.90,5.99,0.00,26.89,Houston,TX,77001,2025-04-01 13:27:11+00
1421,792,2024-02-29 21:44:31+00,delivered,169.99,0.00,0.00,169.99,Boston,MA,02101,2024-03-02 22:44:31+00
1422,793,2025-05-31 23:50:45+00,delivered,312.97,0.00,0.00,312.97,Denver,CO,80201,2025-06-07 06:50:45+00
1423,793,2025-06-30 10:19:45+00,delivered,127.99,0.00,0.00,127.99,Denver,CO,80201,2025-07-02 11:19:45+00
1424,793,2025-07-28 21:23:45+00,delivered,18.70,5.99,0.00,24.69,Denver,CO,80201,2025-08-04 06:23:45+00
1425,793,2025-08-16 01:52:45+00,delivered,161.49,0.00,0.00,161.49,Denver,CO,80201,2025-08-19 10:52:45+00
1426,794,2024-06-07 10:21:21+00,returned,157.98,0.00,0.00,157.98,Philadelphia,PA,19101,2024-06-12 10:21:21+00
1427,795,2025-07-20 18:54:18+00,delivered,429.94,0.00,0.00,429.94,Miami,FL,33101,2025-07-26 01:54:18+00
1428,795,2025-08-22 04:44:18+00,delivered,68.00,5.99,6.80,67.19,Miami,FL,33101,2025-08-27 07:44:18+00
1429,795,2025-10-04 15:37:18+00,delivered,204.97,0.00,0.00,204.97,Miami,FL,33101,2025-10-07 16:37:18+00
1430,796,2024-05-02 21:22:08+00,cancelled,410.98,0.00,0.00,410.98,Miami,FL,33101,
1431,796,2024-06-04 09:23:08+00,delivered,64.99,5.99,0.00,70.98,Miami,FL,33101,2024-06-07 16:23:08+00
1432,797,2025-08-09 19:24:29+00,delivered,319.95,0.00,0.00,319.95,Phoenix,AZ,85001,2025-08-14 05:24:29+00
1433,797,2025-09-12 02:53:29+00,delivered,29.99,5.99,0.00,35.98,Phoenix,AZ,85001,2025-09-17 10:53:29+00
1434,798,2025-05-03 19:57:53+00,delivered,94.99,0.00,0.00,94.99,Phoenix,AZ,85001,2025-05-07 04:57:53+00
1435,799,2024-07-31 23:47:39+00,delivered,379.99,0.00,0.00,379.99,Miami,FL,33101,2024-08-06 06:47:39+00
1436,800,2024-04-07 00:36:14+00,delivered,309.96,0.00,0.00,309.96,Boston,MA,02101,2024-04-11 08:36:14+00
1437,801,2025-06-09 18:10:44+00,delivered,89.97,0.00,0.00,89.97,Los Angeles,CA,90001,2025-06-15 19:10:44+00
1438,802,2025-03-25 14:49:47+00,delivered,119.99,0.00,12.00,107.99,Miami,FL,33101,2025-03-28 21:49:47+00
1439,803,2025-02-10 04:53:38+00,delivered,411.97,0.00,0.00,411.97,Portland,OR,97201,2025-02-13 09:53:38+00
1440,804,2024-01-25 17:34:52+00,shipped,199.99,0.00,0.00,199.99,Austin,TX,73301,
1441,804,2024-03-23 05:17:52+00,delivered,208.98,0.00,0.00,208.98,Austin,TX,73301,2024-03-25 06:17:52+00
1442,805,2024-11-29 00:39:38+00,delivered,774.96,0.00,0.00,774.96,San Jose,CA,95101,2024-12-04 07:39:38+00
1443,805,2024-12-29 12:44:38+00,delivered,531.96,0.00,53.20,478.76,San Jose,CA,95101,2025-01-01 17:44:38+00
1444,805,2025-02-16 22:23:38+00,delivered,399.99,0.00,0.00,399.99,San Jose,CA,95101,2025-02-20 08:23:38+00
1445,806,2024-09-07 02:57:24+00,delivered,29.99,5.99,0.00,35.98,San Diego,CA,92101,2024-09-13 06:57:24+00
1446,806,2024-10-23 08:48:24+00,delivered,209.97,0.00,0.00,209.97,San Diego,CA,92101,2024-10-28 12:48:24+00
1447,807,2024-02-11 21:02:09+00,shipped,239.98,0.00,0.00,239.98,New York,NY,10001,
1448,808,2024-09-10 15:52:17+00,delivered,807.96,0.00,0.00,807.96,Miami,FL,33101,2024-09-13 20:52:17+00
1449,808,2024-11-09 00:04:17+00,shipped,341.98,0.00,0.00,341.98,Miami,FL,33101,
1450,808,2025-01-02 02:07:17+00,processing,42.00,5.99,0.00,47.99,Miami,FL,33101,
1451,809,2025-01-27 03:36:04+00,cancelled,28.00,5.99,0.00,33.99,San Antonio,TX,78201,
1452,809,2025-03-23 05:03:04+00,delivered,184.97,0.00,0.00,184.97,San Antonio,TX,78201,2025-03-27 09:03:04+00
1453,810,2025-10-20 15:15:08+00,delivered,643.48,0.00,0.00,643.48,San Antonio,TX,78201,2025-10-26 00:15:08+00
1454,811,2024-06-27 05:00:11+00,delivered,154.97,0.00,0.00,154.97,Minneapolis,MN,55401,2024-07-02 07:00:11+00
1455,811,2024-08-26 09:31:11+00,delivered,536.48,0.00,53.65,482.83,Minneapolis,MN,55401,2024-09-01 17:31:11+00
1456,811,2024-09-22 20:54:11+00,delivered,42.00,5.99,0.00,47.99,Minneapolis,MN,55401,2024-09-25 03:54:11+00
1457,811,2024-10-23 06:40:11+00,delivered,129.98,0.00,0.00,129.98,Minneapolis,MN,55401,2024-10-26 07:40:11+00
1458,812,2025-02-23 23:16:38+00,delivered,54.99,5.99,0.00,60.98,Chicago,IL,60601,2025-02-26 03:16:38+00
1459,812,2025-03-14 04:03:38+00,cancelled,64.99,5.99,0.00,70.98,Chicago,IL,60601,
1460,813,2024-12-10 23:44:10+00,delivered,374.97,0.00,37.50,337.47,Nashville,TN,37201,2024-12-15 09:44:10+00
1461,813,2024-12-13 12:36:10+00,delivered,249.97,0.00,0.00,249.97,Nashville,TN,37201,2024-12-18 22:36:10+00
1462,813,2025-01-23 20:00:10+00,delivered,144.98,0.00,0.00,144.98,Nashville,TN,37201,2025-01-26 06:00:10+00
1463,814,2025-06-18 05:04:25+00,delivered,127.79,0.00,0.00,127.79,Charlotte,NC,28201,2025-06-20 08:04:25+00
1464,814,2025-08-03 06:52:25+00,returned,399.70,0.00,0.00,399.70,Charlotte,NC,28201,2025-08-07 06:52:25+00
1465,815,2025-10-05 16:07:29+00,delivered,68.00,5.99,0.00,73.99,San Antonio,TX,78201,2025-10-11 02:07:29+00
1466,815,2025-11-17 03:27:29+00,delivered,211.97,0.00,0.00,211.97,San Antonio,TX,78201,2025-11-19 09:27:29+00
1467,816,2024-02-19 02:39:30+00,delivered,199.97,0.00,0.00,199.97,Minneapolis,MN,55401,2024-02-24 11:39:30+00
1468,817,2024-11-20 05:04:20+00,delivered,99.99,0.00,0.00,99.99,Austin,TX,73301,2024-11-25 12:04:20+00
1469,817,2024-11-29 17:58:20+00,delivered,329.98,0.00,0.00,329.98,Austin,TX,73301,2024-12-02 02:58:20+00
1470,817,2024-12-25 00:48:20+00,delivered,479.96,0.00,0.00,479.96,Austin,TX,73301,2024-12-28 06:48:20+00
1471,818,2024-07-08 04:41:44+00,delivered,289.99,0.00,0.00,289.99,Dallas,TX,75201,2024-07-12 06:41:44+00
1472,819,2025-03-24 10:50:40+00,delivered,148.78,0.00,0.00,148.78,Austin,TX,73301,2025-03-28 19:50:40+00
1473,819,2025-04-02 14:11:40+00,delivered,509.96,0.00,0.00,509.96,Austin,TX,73301,2025-04-05 20:11:40+00
1474,820,2025-09-17 23:42:14+00,delivered,479.95,0.00,0.00,479.95,New York,NY,10001,2025-09-20 07:42:14+00
1475,820,2025-10-01 02:09:14+00,returned,139.98,0.00,0.00,139.98,New York,NY,10001,2025-10-06 02:09:14+00
1476,820,2025-11-20 09:35:14+00,delivered,179.99,0.00,0.00,179.99,New York,NY,10001,2025-11-26 19:35:14+00
1477,821,2024-03-10 16:38:36+00,delivered,305.72,0.00,0.00,305.72,Los Angeles,CA,90001,2024-03-14 22:38:36+00
1478,821,2024-05-01 03:21:36+00,cancelled,216.98,0.00,0.00,216.98,Los Angeles,CA,90001,
1479,822,2025-07-20 06:47:31+00,delivered,59.49,5.99,0.00,65.48,Denver,CO,80201,2025-07-24 10:47:31+00
1480,822,2025-09-05 11:23:31+00,delivered,179.99,0.00,0.00,179.99,Denver,CO,80201,2025-09-10 21:23:31+00
1481,823,2025-03-28 13:22:29+00,delivered,54.99,5.99,0.00,60.98,Nashville,TN,37201,2025-04-03 18:22:29+00
1482,823,2025-05-16 19:18:29+00,shipped,179.99,0.00,0.00,179.99,Nashville,TN,37201,
1483,823,2025-05-30 08:07:29+00,delivered,32.00,5.99,0.00,37.99,Nashville,TN,37201,2025-06-03 16:07:29+00
1484,823,2025-06-28 15:22:29+00,delivered,94.99,0.00,0.00,94.99,Nashville,TN,37201,2025-07-03 00:22:29+00
1485,824,2025-04-08 09:27:48+00,delivered,129.99,0.00,0.00,129.99,San Jose,CA,95101,2025-04-12 13:27:48+00
1486,825,2024-08-04 01:19:59+00,delivered,216.91,0.00,0.00,216.91,Philadelphia,PA,19101,2024-08-10 02:19:59+00
1487,826,2024-04-10 05:00:07+00,delivered,42.00,5.99,0.00,47.99,Seattle,WA,98101,2024-04-13 10:00:07+00
1488,826,2024-05-17 10:03:07+00,returned,357.99,0.00,0.00,357.99,Seattle,WA,98101,2024-05-22 10:03:07+00
1489,827,2025-07-24 10:54:43+00,delivered,184.98,0.00,0.00,184.98,Phoenix,AZ,85001,2025-07-30 17:54:43+00
1490,828,2024-10-26 05:04:43+00,delivered,671.97,0.00,67.20,604.77,San Diego,CA,92101,2024-10-28 08:04:43+00
1491,828,2024-10-30 06:22:43+00,delivered,28.00,5.99,0.00,33.99,San Diego,CA,92101,2024-11-05 13:22:43+00
1492,829,2024-11-07 00:41:43+00,delivered,29.99,5.99,0.00,35.98,New York,NY,10001,2024-11-11 09:41:43+00
1493,830,2025-11-21 22:04:27+00,delivered,64.60,5.99,0.00,70.59,Atlanta,GA,30301,2025-11-24 03:04:27+00
1494,831,2025-10-29 00:27:24+00,delivered,124.98,0.00,0.00,124.98,Miami,FL,33101,2025-11-01 03:27:24+00
1495,831,2025-12-09 10:28:24+00,delivered,88.00,0.00,0.00,88.00,Miami,FL,33101,2025-12-12 18:28:24+00
1496,831,2026-02-04 12:08:24+00,delivered,329.99,0.00,0.00,329.99,Miami,FL,33101,2026-02-08 14:08:24+00
1497,832,2025-04-17 08:30:16+00,cancelled,169.99,0.00,0.00,169.99,Chicago,IL,60601,
1498,833,2025-09-13 00:05:07+00,shipped,124.99,0.00,0.00,124.99,Philadelphia,PA,19101,
1499,834,2024-04-08 13:15:14+00,delivered,56.00,5.99,0.00,61.99,San Jose,CA,95101,2024-04-12 19:15:14+00
1500,835,2025-11-12 04:05:44+00,delivered,510.22,0.00,0.00,510.22,San Jose,CA,95101,2025-11-14 05:05:44+00
1501,835,2025-12-13 16:43:44+00,delivered,124.99,0.00,0.00,124.99,San Jose,CA,95101,2025-12-16 20:43:44+00
1502,836,2024-11-26 12:32:24+00,delivered,207.99,0.00,0.00,207.99,Austin,TX,73301,2024-11-30 14:32:24+00
1503,837,2025-05-18 02:42:34+00,delivered,89.99,0.00,0.00,89.99,New York,NY,10001,2025-05-20 04:42:34+00
1504,838,2024-12-05 16:08:17+00,delivered,169.98,0.00,0.00,169.98,Los Angeles,CA,90001,2024-12-10 00:08:17+00
1505,839,2024-12-11 15:58:48+00,delivered,230.98,0.00,0.00,230.98,New York,NY,10001,2024-12-14 17:58:48+00
1506,839,2025-02-02 20:53:48+00,delivered,29.99,5.99,0.00,35.98,New York,NY,10001,2025-02-09 04:53:48+00
1507,839,2025-02-27 06:59:48+00,delivered,149.97,0.00,0.00,149.97,New York,NY,10001,2025-03-02 16:59:48+00
1508,839,2025-04-19 14:37:48+00,delivered,91.99,0.00,9.20,82.79,New York,NY,10001,2025-04-22 18:37:48+00
1509,839,2025-06-06 19:39:48+00,delivered,129.98,0.00,0.00,129.98,New York,NY,10001,2025-06-11 01:39:48+00
1510,840,2025-01-23 11:08:43+00,shipped,129.99,0.00,0.00,129.99,Dallas,TX,75201,
1511,841,2024-11-26 18:52:28+00,delivered,229.97,0.00,23.00,206.97,San Antonio,TX,78201,2024-11-30 01:52:28+00
1512,841,2024-12-13 02:45:28+00,delivered,29.99,5.99,0.00,35.98,San Antonio,TX,78201,2024-12-15 12:45:28+00
1513,842,2025-06-27 03:21:46+00,delivered,199.98,0.00,0.00,199.98,San Diego,CA,92101,2025-06-29 09:21:46+00
1514,842,2025-06-30 11:49:46+00,delivered,29.99,5.99,0.00,35.98,San Diego,CA,92101,2025-07-04 21:49:46+00
1515,842,2025-08-23 14:02:46+00,delivered,273.98,0.00,0.00,273.98,San Diego,CA,92101,2025-08-27 00:02:46+00
1516,842,2025-10-04 22:14:46+00,delivered,89.99,0.00,0.00,89.99,San Diego,CA,92101,2025-10-07 07:14:46+00
1517,842,2025-11-18 09:35:46+00,delivered,69.99,5.99,0.00,75.98,San Diego,CA,92101,2025-11-22 13:35:46+00
1518,842,2026-01-08 11:28:46+00,delivered,787.47,0.00,0.00,787.47,San Diego,CA,92101,2026-01-11 12:28:46+00
1519,843,2025-07-11 20:34:45+00,delivered,102.74,0.00,0.00,102.74,Denver,CO,80201,2025-07-14 00:34:45+00
1520,844,2024-07-01 21:23:42+00,delivered,289.99,0.00,0.00,289.99,Los Angeles,CA,90001,2024-07-08 05:23:42+00
1521,844,2024-07-16 03:10:42+00,delivered,104.98,0.00,0.00,104.98,Los Angeles,CA,90001,2024-07-21 07:10:42+00
1522,845,2025-05-07 02:18:36+00,delivered,129.97,0.00,0.00,129.97,New York,NY,10001,2025-05-12 10:18:36+00
1523,845,2025-05-30 10:40:36+00,delivered,167.98,0.00,0.00,167.98,New York,NY,10001,2025-06-05 13:40:36+00
1524,845,2025-07-27 20:56:36+00,delivered,79.90,0.00,0.00,79.90,New York,NY,10001,2025-08-02 22:56:36+00
1525,846,2024-05-18 17:20:27+00,delivered,249.99,0.00,25.00,224.99,Minneapolis,MN,55401,2024-05-24 22:20:27+00
1526,847,2024-07-28 19:58:11+00,delivered,179.99,0.00,18.00,161.99,Nashville,TN,37201,2024-08-02 05:58:11+00
1527,847,2024-08-26 06:55:11+00,cancelled,215.99,0.00,0.00,215.99,Nashville,TN,37201,
1528,848,2025-11-26 22:20:44+00,delivered,124.99,0.00,12.50,112.49,Boston,MA,02101,2025-12-01 06:20:44+00
1529,848,2025-12-25 04:13:44+00,cancelled,215.95,0.00,0.00,215.95,Boston,MA,02101,
1530,849,2024-05-01 02:31:45+00,delivered,149.98,0.00,0.00,149.98,Miami,FL,33101,2024-05-06 12:31:45+00
1531,850,2024-07-27 18:53:34+00,delivered,265.98,0.00,26.60,239.38,Philadelphia,PA,19101,2024-08-03 00:53:34+00
1532,851,2025-03-18 03:26:09+00,delivered,249.98,0.00,0.00,249.98,Seattle,WA,98101,2025-03-22 05:26:09+00
1533,852,2025-11-15 18:28:11+00,delivered,68.00,5.99,0.00,73.99,Seattle,WA,98101,2025-11-19 23:28:11+00
1534,853,2024-01-18 19:29:32+00,delivered,114.79,0.00,0.00,114.79,Minneapolis,MN,55401,2024-01-24 21:29:32+00
1535,853,2024-03-15 22:10:32+00,delivered,636.97,0.00,0.00,636.97,Minneapolis,MN,55401,2024-03-20 01:10:32+00
1536,854,2024-01-30 16:35:11+00,delivered,359.98,0.00,0.00,359.98,Houston,TX,77001,2024-02-02 23:35:11+00
1537,854,2024-03-28 17:44:11+00,delivered,619.98,0.00,0.00,619.98,Houston,TX,77001,2024-04-03 22:44:11+00
1538,854,2024-04-24 02:40:11+00,delivered,189.97,0.00,19.00,170.97,Houston,TX,77001,2024-04-30 04:40:11+00
1539,855,2025-01-06 05:11:05+00,delivered,319.98,0.00,0.00,319.98,Phoenix,AZ,85001,2025-01-09 10:11:05+00
1540,856,2025-05-29 07:07:48+00,cancelled,49.99,5.99,0.00,55.98,San Jose,CA,95101,
1541,856,2025-07-23 12:17:48+00,delivered,76.99,0.00,0.00,76.99,San Jose,CA,95101,2025-07-28 20:17:48+00
1542,857,2024-02-25 20:45:52+00,delivered,199.97,0.00,0.00,199.97,Austin,TX,73301,2024-03-02 03:45:52+00
1543,857,2024-03-01 22:00:52+00,shipped,169.97,0.00,0.00,169.97,Austin,TX,73301,
1544,858,2025-09-03 11:02:52+00,cancelled,88.00,0.00,8.80,79.20,Dallas,TX,75201,
1545,859,2025-06-02 13:15:32+00,delivered,305.99,0.00,0.00,305.99,Austin,TX,73301,2025-06-07 17:15:32+00
1546,860,2025-06-11 17:21:51+00,delivered,864.97,0.00,0.00,864.97,Charlotte,NC,28201,2025-06-17 02:21:51+00
1547,860,2025-07-13 04:35:51+00,delivered,67.49,5.99,0.00,73.48,Charlotte,NC,28201,2025-07-19 14:35:51+00
1548,861,2025-04-16 19:28:45+00,delivered,66.00,5.99,6.60,65.39,Miami,FL,33101,2025-04-19 01:28:45+00
1549,861,2025-05-11 03:52:45+00,delivered,209.96,0.00,0.00,209.96,Miami,FL,33101,2025-05-16 06:52:45+00
1550,862,2025-02-07 13:32:42+00,delivered,249.99,0.00,0.00,249.99,Boston,MA,02101,2025-02-11 23:32:42+00
1551,862,2025-02-23 01:16:42+00,delivered,341.97,0.00,0.00,341.97,Boston,MA,02101,2025-02-25 02:16:42+00
1552,863,2024-12-19 07:39:52+00,delivered,79.99,0.00,0.00,79.99,Chicago,IL,60601,2024-12-21 15:39:52+00
1553,863,2025-02-09 16:34:52+00,cancelled,249.98,0.00,0.00,249.98,Chicago,IL,60601,
1554,864,2024-08-19 04:14:36+00,processing,177.97,0.00,0.00,177.97,San Diego,CA,92101,
1555,865,2024-03-22 05:38:58+00,cancelled,84.00,0.00,0.00,84.00,Nashville,TN,37201,
1556,865,2024-04-08 08:35:58+00,delivered,74.99,5.99,0.00,80.98,Nashville,TN,37201,2024-04-14 17:35:58+00
1557,865,2024-04-26 20:28:58+00,delivered,399.99,0.00,0.00,399.99,Nashville,TN,37201,2024-04-30 05:28:58+00
1558,866,2025-05-30 16:58:49+00,delivered,64.99,5.99,0.00,70.98,New York,NY,10001,2025-06-02 00:58:49+00
1559,867,2025-07-26 22:17:11+00,delivered,200.89,0.00,0.00,200.89,Austin,TX,73301,2025-07-31 08:17:11+00
1560,867,2025-08-17 03:25:11+00,delivered,239.98,0.00,0.00,239.98,Austin,TX,73301,2025-08-22 09:25:11+00
1561,868,2025-04-15 16:42:42+00,delivered,69.99,5.99,0.00,75.98,Chicago,IL,60601,2025-04-21 02:42:42+00
1562,869,2025-06-05 01:08:58+00,delivered,229.96,0.00,0.00,229.96,Houston,TX,77001,2025-06-10 08:08:58+00
1563,869,2025-07-29 09:39:58+00,delivered,333.09,0.00,0.00,333.09,Houston,TX,77001,2025-08-03 15:39:58+00
1564,869,2025-09-06 14:59:58+00,delivered,129.79,0.00,0.00,129.79,Houston,TX,77001,2025-09-12 21:59:58+00
1565,870,2025-04-29 17:48:24+00,delivered,29.99,5.99,0.00,35.98,Charlotte,NC,28201,2025-05-04 03:48:24+00
1566,870,2025-05-09 19:11:24+00,processing,199.98,0.00,20.00,179.98,Charlotte,NC,28201,
1567,871,2024-01-27 00:04:20+00,delivered,130.98,0.00,0.00,130.98,San Antonio,TX,78201,2024-01-30 01:04:20+00
1568,872,2025-05-11 20:52:18+00,delivered,264.98,0.00,0.00,264.98,San Diego,CA,92101,2025-05-14 04:52:18+00
1569,872,2025-07-09 00:33:18+00,delivered,267.98,0.00,0.00,267.98,San Diego,CA,92101,2025-07-12 02:33:18+00
1570,873,2024-04-01 22:14:59+00,delivered,392.96,0.00,0.00,392.96,Miami,FL,33101,2024-04-07 04:14:59+00
1571,873,2024-04-09 07:40:59+00,delivered,341.97,0.00,34.20,307.77,Miami,FL,33101,2024-04-13 10:40:59+00
1572,873,2024-05-29 09:09:59+00,delivered,224.96,0.00,0.00,224.96,Miami,FL,33101,2024-06-02 16:09:59+00
1573,873,2024-07-10 10:25:59+00,delivered,597.96,0.00,0.00,597.96,Miami,FL,33101,2024-07-13 19:25:59+00
1574,874,2024-08-19 12:08:20+00,delivered,760.97,0.00,76.10,684.87,Minneapolis,MN,55401,2024-08-23 19:08:20+00
1575,874,2024-10-11 23:38:20+00,delivered,129.99,0.00,0.00,129.99,Minneapolis,MN,55401,2024-10-16 03:38:20+00
1576,874,2024-10-30 02:18:20+00,delivered,379.94,0.00,37.99,341.95,Minneapolis,MN,55401,2024-11-05 03:18:20+00
1577,874,2024-11-12 05:01:20+00,delivered,129.98,0.00,0.00,129.98,Minneapolis,MN,55401,2024-11-15 12:01:20+00
1578,874,2024-12-29 15:20:20+00,delivered,79.98,0.00,0.00,79.98,Minneapolis,MN,55401,2025-01-01 22:20:20+00
1579,875,2025-08-03 23:54:08+00,delivered,119.98,0.00,0.00,119.98,Boston,MA,02101,2025-08-08 00:54:08+00
1580,876,2025-05-03 13:37:54+00,delivered,417.97,0.00,0.00,417.97,Nashville,TN,37201,2025-05-06 19:37:54+00
1581,876,2025-06-02 18:00:54+00,delivered,59.99,5.99,0.00,65.98,Nashville,TN,37201,2025-06-06 21:00:54+00
1582,877,2024-02-25 21:45:22+00,delivered,59.49,5.99,0.00,65.48,Minneapolis,MN,55401,2024-02-28 02:45:22+00
1583,878,2024-01-29 16:23:09+00,delivered,169.99,0.00,0.00,169.99,Atlanta,GA,30301,2024-02-02 01:23:09+00
1584,878,2024-03-22 23:09:09+00,delivered,329.99,0.00,0.00,329.99,Atlanta,GA,30301,2024-03-28 00:09:09+00
1585,878,2024-04-19 02:32:09+00,delivered,89.99,0.00,0.00,89.99,Atlanta,GA,30301,2024-04-21 10:32:09+00
1586,879,2025-06-26 21:39:32+00,delivered,64.99,5.99,0.00,70.98,Nashville,TN,37201,2025-06-30 07:39:32+00
1587,880,2025-06-10 10:42:45+00,delivered,221.98,0.00,0.00,221.98,Boston,MA,02101,2025-06-15 20:42:45+00
1588,880,2025-06-23 19:28:45+00,delivered,229.48,0.00,0.00,229.48,Boston,MA,02101,2025-06-26 03:28:45+00
1589,881,2024-04-16 20:17:03+00,delivered,39.95,5.99,0.00,45.94,Chicago,IL,60601,2024-04-20 21:17:03+00
1590,882,2024-06-23 03:40:46+00,delivered,169.99,0.00,0.00,169.99,Miami,FL,33101,2024-06-26 04:40:46+00
1591,882,2024-08-09 07:08:46+00,delivered,59.99,5.99,0.00,65.98,Miami,FL,33101,2024-08-14 15:08:46+00
1592,882,2024-08-25 19:04:46+00,delivered,68.00,5.99,0.00,73.99,Miami,FL,33101,2024-08-29 03:04:46+00
1593,882,2024-09-03 20:04:46+00,delivered,69.99,5.99,0.00,75.98,Miami,FL,33101,2024-09-06 04:04:46+00
1594,883,2025-12-10 12:35:44+00,delivered,187.97,0.00,0.00,187.97,Philadelphia,PA,19101,2025-12-14 16:35:44+00
1595,884,2025-01-20 12:43:22+00,shipped,25.20,5.99,0.00,31.19,Houston,TX,77001,
1596,885,2025-11-11 11:11:04+00,delivered,97.99,0.00,0.00,97.99,Phoenix,AZ,85001,2025-11-13 14:11:04+00
1597,886,2025-04-25 23:43:31+00,delivered,149.98,0.00,0.00,149.98,Houston,TX,77001,2025-04-28 08:43:31+00
1598,886,2025-06-24 10:16:31+00,delivered,107.23,0.00,0.00,107.23,Houston,TX,77001,2025-06-28 12:16:31+00
1599,887,2024-05-14 15:12:55+00,delivered,460.97,0.00,0.00,460.97,San Antonio,TX,78201,2024-05-20 20:12:55+00
1600,888,2024-09-29 13:52:10+00,delivered,561.96,0.00,0.00,561.96,Phoenix,AZ,85001,2024-10-05 19:52:10+00
1601,889,2025-01-04 15:41:28+00,delivered,28.00,5.99,0.00,33.99,San Diego,CA,92101,2025-01-07 16:41:28+00
1602,889,2025-02-19 21:39:28+00,delivered,454.97,0.00,0.00,454.97,San Diego,CA,92101,2025-02-22 05:39:28+00
1603,889,2025-03-09 23:07:28+00,delivered,99.98,0.00,10.00,89.98,San Diego,CA,92101,2025-03-16 06:07:28+00
1604,889,2025-04-10 10:16:28+00,cancelled,49.99,5.99,0.00,55.98,San Diego,CA,92101,
1605,890,2025-06-08 04:27:36+00,delivered,419.98,0.00,0.00,419.98,Boston,MA,02101,2025-06-11 09:27:36+00
1606,891,2025-12-06 22:25:59+00,delivered,199.99,0.00,0.00,199.99,Boston,MA,02101,2025-12-10 23:25:59+00
1607,891,2026-01-28 08:36:59+00,returned,188.98,0.00,0.00,188.98,Boston,MA,02101,2026-02-02 08:36:59+00
1608,892,2024-03-20 08:22:49+00,delivered,148.47,0.00,0.00,148.47,Nashville,TN,37201,2024-03-24 16:22:49+00
1609,892,2024-05-12 17:35:49+00,delivered,467.99,0.00,0.00,467.99,Nashville,TN,37201,2024-05-18 18:35:49+00
1610,892,2024-06-17 23:14:49+00,processing,414.98,0.00,0.00,414.98,Nashville,TN,37201,
1611,892,2024-07-07 03:29:49+00,processing,139.98,0.00,14.00,125.98,Nashville,TN,37201,
1612,892,2024-08-09 09:26:49+00,cancelled,94.99,0.00,0.00,94.99,Nashville,TN,37201,
1613,893,2025-05-24 22:14:18+00,delivered,321.98,0.00,0.00,321.98,Los Angeles,CA,90001,2025-05-27 04:14:18+00
1614,894,2024-01-09 19:50:29+00,delivered,289.99,0.00,0.00,289.99,San Jose,CA,95101,2024-01-12 21:50:29+00
1615,895,2025-04-27 15:03:58+00,delivered,224.97,0.00,0.00,224.97,Portland,OR,97201,2025-05-04 01:03:58+00
1616,896,2024-09-29 11:28:00+00,delivered,67.95,5.99,0.00,73.94,Chicago,IL,60601,2024-10-03 13:28:00+00
1617,897,2025-02-16 14:23:17+00,delivered,159.99,0.00,0.00,159.99,Nashville,TN,37201,2025-02-21 21:23:17+00
1618,897,2025-04-06 21:17:17+00,delivered,246.98,0.00,24.70,222.28,Nashville,TN,37201,2025-04-13 04:17:17+00
1619,897,2025-05-10 06:25:17+00,delivered,256.57,0.00,0.00,256.57,Nashville,TN,37201,2025-05-16 14:25:17+00
1620,898,2024-09-05 18:01:28+00,delivered,205.72,0.00,0.00,205.72,San Diego,CA,92101,2024-09-10 22:01:28+00
1621,899,2024-10-02 17:57:43+00,pending,449.98,0.00,0.00,449.98,Dallas,TX,75201,
1622,900,2024-07-13 22:32:23+00,delivered,59.99,5.99,0.00,65.98,Atlanta,GA,30301,2024-07-19 00:32:23+00
1623,901,2025-07-14 07:27:02+00,delivered,289.99,0.00,0.00,289.99,Minneapolis,MN,55401,2025-07-20 16:27:02+00
1624,902,2024-05-08 14:24:02+00,cancelled,136.00,0.00,0.00,136.00,Seattle,WA,98101,
1625,902,2024-06-13 22:06:02+00,delivered,409.92,0.00,0.00,409.92,Seattle,WA,98101,2024-06-19 07:06:02+00
1626,902,2024-07-24 03:46:02+00,delivered,29.99,5.99,0.00,35.98,Seattle,WA,98101,2024-07-27 13:46:02+00
1627,902,2024-09-01 11:58:02+00,delivered,349.96,0.00,0.00,349.96,Seattle,WA,98101,2024-09-07 21:58:02+00
1628,903,2024-12-21 08:35:05+00,delivered,169.97,0.00,0.00,169.97,Phoenix,AZ,85001,2024-12-24 10:35:05+00
1629,904,2025-04-05 16:23:42+00,delivered,32.00,5.99,0.00,37.99,Denver,CO,80201,2025-04-07 23:23:42+00
1630,904,2025-05-10 19:41:42+00,delivered,67.49,5.99,6.75,66.73,Denver,CO,80201,2025-05-14 02:41:42+00
1631,905,2025-01-25 07:27:48+00,delivered,139.98,0.00,0.00,139.98,Phoenix,AZ,85001,2025-01-29 09:27:48+00
1632,906,2025-08-14 13:54:59+00,delivered,199.99,0.00,0.00,199.99,Atlanta,GA,30301,2025-08-17 16:54:59+00
1633,906,2025-10-13 23:54:59+00,delivered,99.99,0.00,0.00,99.99,Atlanta,GA,30301,2025-10-16 08:54:59+00
1634,907,2024-08-16 14:48:34+00,delivered,54.99,5.99,0.00,60.98,Houston,TX,77001,2024-08-20 22:48:34+00
1635,907,2024-09-13 21:54:34+00,delivered,26.99,5.99,0.00,32.98,Houston,TX,77001,2024-09-17 07:54:34+00
1636,908,2024-01-28 03:31:37+00,delivered,192.96,0.00,0.00,192.96,Austin,TX,73301,2024-01-31 08:31:37+00
1637,908,2024-03-23 07:09:37+00,shipped,170.18,0.00,0.00,170.18,Austin,TX,73301,
1638,908,2024-04-12 10:14:37+00,delivered,314.98,0.00,0.00,314.98,Austin,TX,73301,2024-04-14 17:14:37+00
1639,908,2024-06-02 21:05:37+00,delivered,69.99,5.99,0.00,75.98,Austin,TX,73301,2024-06-08 23:05:37+00
1640,909,2025-08-12 04:41:04+00,delivered,289.99,0.00,0.00,289.99,San Antonio,TX,78201,2025-08-15 10:41:04+00
1641,910,2024-09-04 23:18:41+00,delivered,59.49,5.99,5.95,59.53,Boston,MA,02101,2024-09-08 03:18:41+00
1642,911,2024-12-26 15:00:22+00,delivered,294.97,0.00,29.50,265.47,Phoenix,AZ,85001,2024-12-31 23:00:22+00
1643,911,2025-02-06 19:14:22+00,delivered,64.00,5.99,0.00,69.99,Phoenix,AZ,85001,2025-02-11 02:14:22+00
1644,912,2024-11-10 15:04:12+00,cancelled,499.96,0.00,0.00,499.96,Denver,CO,80201,
1645,913,2025-03-29 22:05:20+00,delivered,82.99,0.00,0.00,82.99,Philadelphia,PA,19101,2025-03-31 23:05:20+00
1646,914,2025-03-01 10:53:26+00,delivered,221.57,0.00,22.16,199.41,San Antonio,TX,78201,2025-03-07 16:53:26+00
1647,915,2024-04-07 02:23:27+00,delivered,124.99,0.00,0.00,124.99,Nashville,TN,37201,2024-04-13 05:23:27+00
1648,916,2025-09-29 14:04:53+00,delivered,827.98,0.00,0.00,827.98,Minneapolis,MN,55401,2025-10-04 17:04:53+00
1649,916,2025-11-04 18:46:53+00,returned,50.49,5.99,0.00,56.48,Minneapolis,MN,55401,2025-11-08 18:46:53+00
1650,917,2024-11-23 03:33:32+00,delivered,132.99,0.00,0.00,132.99,San Jose,CA,95101,2024-11-25 13:33:32+00
1651,918,2024-08-12 06:44:30+00,delivered,209.98,0.00,0.00,209.98,Houston,TX,77001,2024-08-15 10:44:30+00
1652,919,2024-09-21 10:36:29+00,delivered,249.98,0.00,0.00,249.98,Philadelphia,PA,19101,2024-09-23 15:36:29+00
1653,920,2024-09-15 05:53:27+00,delivered,139.93,0.00,0.00,139.93,Phoenix,AZ,85001,2024-09-19 15:53:27+00
1654,921,2025-02-07 12:35:37+00,cancelled,389.94,0.00,0.00,389.94,Miami,FL,33101,
1655,921,2025-03-23 00:33:37+00,delivered,299.98,0.00,0.00,299.98,Miami,FL,33101,2025-03-25 09:33:37+00
1656,922,2024-11-20 03:51:05+00,delivered,42.00,5.99,0.00,47.99,Chicago,IL,60601,2024-11-23 07:51:05+00
1657,923,2025-05-31 12:57:21+00,cancelled,39.95,5.99,0.00,45.94,San Diego,CA,92101,
1658,924,2024-04-22 04:03:49+00,delivered,92.99,0.00,9.30,83.69,San Antonio,TX,78201,2024-04-25 08:03:49+00
1659,925,2024-12-28 09:23:31+00,delivered,28.00,5.99,0.00,33.99,Los Angeles,CA,90001,2024-12-30 13:23:31+00
1660,926,2025-06-25 16:56:39+00,delivered,479.97,0.00,0.00,479.97,Charlotte,NC,28201,2025-06-29 21:56:39+00
1661,926,2025-08-05 19:03:39+00,delivered,34.99,5.99,0.00,40.98,Charlotte,NC,28201,2025-08-08 04:03:39+00
1662,926,2025-08-20 00:43:39+00,delivered,282.92,0.00,28.29,254.63,Charlotte,NC,28201,2025-08-22 03:43:39+00
1663,927,2025-03-16 05:04:05+00,delivered,177.98,0.00,0.00,177.98,Philadelphia,PA,19101,2025-03-20 08:04:05+00
1664,927,2025-03-31 09:00:05+00,delivered,119.96,0.00,0.00,119.96,Philadelphia,PA,19101,2025-04-02 11:00:05+00
1665,928,2025-11-13 15:38:45+00,delivered,319.98,0.00,0.00,319.98,Portland,OR,97201,2025-11-17 00:38:45+00
1666,928,2026-01-08 16:56:45+00,cancelled,124.99,0.00,0.00,124.99,Portland,OR,97201,
1667,928,2026-02-07 23:46:45+00,delivered,69.99,5.99,0.00,75.98,Portland,OR,97201,2026-02-14 04:46:45+00
1668,929,2025-06-05 19:30:18+00,delivered,84.98,0.00,0.00,84.98,Atlanta,GA,30301,2025-06-08 20:30:18+00
1669,930,2024-01-10 03:09:06+00,delivered,265.97,0.00,26.60,239.37,Phoenix,AZ,85001,2024-01-16 06:09:06+00
1670,930,2024-01-16 13:47:06+00,delivered,22.49,5.99,0.00,28.48,Phoenix,AZ,85001,2024-01-18 16:47:06+00
1671,931,2025-07-02 02:32:22+00,delivered,54.99,5.99,0.00,60.98,Portland,OR,97201,2025-07-07 07:32:22+00
1672,932,2025-10-22 21:03:02+00,delivered,94.99,0.00,0.00,94.99,Portland,OR,97201,2025-10-28 22:03:02+00
1673,933,2025-08-31 03:26:15+00,delivered,49.99,5.99,0.00,55.98,Denver,CO,80201,2025-09-05 11:26:15+00
1674,933,2025-09-29 08:47:15+00,delivered,274.97,0.00,0.00,274.97,Denver,CO,80201,2025-10-04 16:47:15+00
1675,933,2025-10-13 20:56:15+00,delivered,117.99,0.00,0.00,117.99,Denver,CO,80201,2025-10-18 06:56:15+00
1676,934,2024-01-26 03:41:25+00,cancelled,99.99,0.00,0.00,99.99,New York,NY,10001,
1677,934,2024-01-29 13:56:25+00,delivered,64.99,5.99,0.00,70.98,New York,NY,10001,2024-02-03 20:56:25+00
1678,934,2024-02-16 00:31:25+00,delivered,74.99,5.99,0.00,80.98,New York,NY,10001,2024-02-21 06:31:25+00
1679,934,2024-04-08 04:01:25+00,delivered,271.93,0.00,0.00,271.93,New York,NY,10001,2024-04-11 08:01:25+00
1680,935,2025-02-02 09:36:38+00,delivered,64.99,5.99,0.00,70.98,San Diego,CA,92101,2025-02-07 13:36:38+00
1681,936,2025-10-10 08:04:03+00,delivered,249.99,0.00,0.00,249.99,New York,NY,10001,2025-10-14 11:04:03+00
1682,936,2025-11-11 19:22:03+00,delivered,99.99,0.00,0.00,99.99,New York,NY,10001,2025-11-14 04:22:03+00
1683,936,2025-12-01 04:03:03+00,delivered,199.99,0.00,0.00,199.99,New York,NY,10001,2025-12-05 11:03:03+00
1684,937,2025-06-07 06:55:46+00,delivered,119.98,0.00,0.00,119.98,Philadelphia,PA,19101,2025-06-12 12:55:46+00
1685,938,2025-03-27 04:40:02+00,delivered,394.95,0.00,39.50,355.45,Phoenix,AZ,85001,2025-04-02 07:40:02+00
1686,939,2025-03-21 16:29:06+00,delivered,541.98,0.00,0.00,541.98,Charlotte,NC,28201,2025-03-23 18:29:06+00
1687,940,2025-02-08 01:34:26+00,shipped,42.00,5.99,4.20,43.79,Dallas,TX,75201,
1688,941,2024-12-05 19:59:28+00,delivered,66.49,5.99,0.00,72.48,Los Angeles,CA,90001,2024-12-11 20:59:28+00
1689,942,2025-09-22 00:16:51+00,delivered,869.97,0.00,0.00,869.97,Chicago,IL,60601,2025-09-28 09:16:51+00
1690,942,2025-11-19 02:32:51+00,delivered,69.99,5.99,0.00,75.98,Chicago,IL,60601,2025-11-25 11:32:51+00
1691,943,2025-05-08 23:19:12+00,delivered,214.98,0.00,0.00,214.98,San Jose,CA,95101,2025-05-11 00:19:12+00
1692,943,2025-05-21 09:04:12+00,pending,59.99,5.99,0.00,65.98,San Jose,CA,95101,
1693,944,2025-01-17 12:50:22+00,delivered,499.98,0.00,0.00,499.98,Dallas,TX,75201,2025-01-23 15:50:22+00
1694,944,2025-02-28 14:52:22+00,delivered,26.99,5.99,0.00,32.98,Dallas,TX,75201,2025-03-04 00:52:22+00
1695,944,2025-03-11 00:14:22+00,delivered,369.94,0.00,0.00,369.94,Dallas,TX,75201,2025-03-16 10:14:22+00
1696,945,2025-08-21 22:40:47+00,delivered,34.99,5.99,0.00,40.98,Charlotte,NC,28201,2025-08-24 00:40:47+00
1697,945,2025-09-30 03:43:47+00,delivered,69.99,5.99,0.00,75.98,Charlotte,NC,28201,2025-10-06 07:43:47+00
1698,945,2025-11-19 16:20:47+00,delivered,427.96,0.00,0.00,427.96,Charlotte,NC,28201,2025-11-24 23:20:47+00
1699,946,2025-10-28 05:01:36+00,delivered,91.99,0.00,0.00,91.99,Denver,CO,80201,2025-10-30 13:01:36+00
1700,947,2024-02-24 20:50:09+00,delivered,226.47,0.00,22.65,203.82,Charlotte,NC,28201,2024-03-02 06:50:09+00
1701,947,2024-04-03 09:10:09+00,delivered,279.96,0.00,0.00,279.96,Charlotte,NC,28201,2024-04-07 13:10:09+00
1702,947,2024-04-06 14:13:09+00,delivered,74.99,5.99,7.50,73.48,Charlotte,NC,28201,2024-04-09 15:13:09+00
1703,948,2024-11-22 19:09:31+00,delivered,892.96,0.00,0.00,892.96,Houston,TX,77001,2024-11-28 01:09:31+00
1704,949,2025-06-22 11:40:46+00,delivered,329.99,0.00,33.00,296.99,San Jose,CA,95101,2025-06-28 16:40:46+00
1705,950,2025-07-08 19:06:52+00,pending,32.00,5.99,0.00,37.99,Houston,TX,77001,
1706,950,2025-08-06 01:54:52+00,cancelled,89.99,0.00,0.00,89.99,Houston,TX,77001,
1707,950,2025-09-09 04:33:52+00,delivered,80.99,0.00,0.00,80.99,Houston,TX,77001,2025-09-13 08:33:52+00
1708,951,2025-07-17 13:36:08+00,delivered,274.96,0.00,0.00,274.96,Seattle,WA,98101,2025-07-20 17:36:08+00
1709,952,2024-12-05 00:11:52+00,delivered,509.98,0.00,0.00,509.98,Phoenix,AZ,85001,2024-12-10 03:11:52+00
1710,953,2025-04-17 11:08:36+00,delivered,69.99,5.99,0.00,75.98,Phoenix,AZ,85001,2025-04-22 21:08:36+00
1711,953,2025-04-29 17:18:36+00,delivered,649.97,0.00,0.00,649.97,Phoenix,AZ,85001,2025-05-02 21:18:36+00
1712,954,2025-10-07 17:18:33+00,delivered,179.93,0.00,0.00,179.93,Los Angeles,CA,90001,2025-10-13 22:18:33+00
1713,954,2025-10-29 00:34:33+00,delivered,579.98,0.00,0.00,579.98,Los Angeles,CA,90001,2025-11-01 04:34:33+00
1714,955,2025-06-11 08:09:55+00,delivered,44.00,5.99,0.00,49.99,Chicago,IL,60601,2025-06-13 10:09:55+00
1715,956,2024-09-19 15:41:11+00,cancelled,1017.97,0.00,0.00,1017.97,Charlotte,NC,28201,
1716,957,2025-01-08 22:34:31+00,delivered,116.99,0.00,0.00,116.99,San Diego,CA,92101,2025-01-13 23:34:31+00
1717,958,2024-05-28 18:53:59+00,shipped,169.99,0.00,0.00,169.99,Denver,CO,80201,
1718,958,2024-06-11 22:41:59+00,delivered,679.97,0.00,0.00,679.97,Denver,CO,80201,2024-06-17 06:41:59+00
1719,958,2024-07-06 05:28:59+00,delivered,340.96,0.00,0.00,340.96,Denver,CO,80201,2024-07-10 11:28:59+00
1720,959,2024-06-13 10:10:34+00,delivered,432.97,0.00,0.00,432.97,Phoenix,AZ,85001,2024-06-17 17:10:34+00
1721,960,2024-08-04 08:56:45+00,delivered,22.00,5.99,0.00,27.99,Philadelphia,PA,19101,2024-08-09 17:56:45+00
1722,960,2024-08-11 19:23:45+00,pending,59.49,5.99,0.00,65.48,Philadelphia,PA,19101,
1723,961,2024-07-24 19:53:35+00,delivered,34.99,5.99,0.00,40.98,New York,NY,10001,2024-07-30 21:53:35+00
1724,961,2024-09-09 21:00:35+00,delivered,129.97,0.00,0.00,129.97,New York,NY,10001,2024-09-12 23:00:35+00
1725,961,2024-10-04 01:51:35+00,delivered,179.99,0.00,0.00,179.99,New York,NY,10001,2024-10-09 04:51:35+00
1726,962,2024-07-12 07:29:09+00,delivered,49.99,5.99,5.00,50.98,San Antonio,TX,78201,2024-07-18 16:29:09+00
1727,963,2024-04-24 07:22:22+00,delivered,129.99,0.00,0.00,129.99,Houston,TX,77001,2024-04-28 14:22:22+00
1728,964,2025-05-15 22:18:50+00,delivered,66.99,5.99,0.00,72.98,Charlotte,NC,28201,2025-05-20 07:18:50+00
1729,964,2025-07-07 08:19:50+00,delivered,24.99,5.99,0.00,30.98,Charlotte,NC,28201,2025-07-10 15:19:50+00
1730,965,2025-05-12 11:19:07+00,delivered,319.59,0.00,0.00,319.59,San Jose,CA,95101,2025-05-15 19:19:07+00
1731,966,2025-04-25 10:34:51+00,delivered,463.47,0.00,0.00,463.47,Miami,FL,33101,2025-04-28 18:34:51+00
1732,966,2025-06-15 17:55:51+00,delivered,339.98,0.00,0.00,339.98,Miami,FL,33101,2025-06-21 22:55:51+00
1733,967,2024-12-28 04:41:09+00,delivered,59.99,5.99,0.00,65.98,Seattle,WA,98101,2025-01-02 12:41:09+00
1734,967,2025-01-25 10:49:09+00,delivered,329.89,0.00,0.00,329.89,Seattle,WA,98101,2025-01-28 13:49:09+00
1735,967,2025-02-04 21:08:09+00,delivered,284.98,0.00,0.00,284.98,Seattle,WA,98101,2025-02-09 07:08:09+00
1736,968,2024-11-16 04:04:35+00,delivered,439.97,0.00,0.00,439.97,Miami,FL,33101,2024-11-20 05:04:35+00
1737,969,2024-12-08 12:59:00+00,delivered,28.00,5.99,0.00,33.99,Denver,CO,80201,2024-12-12 14:59:00+00
1738,970,2025-02-09 09:13:09+00,delivered,689.96,0.00,0.00,689.96,Chicago,IL,60601,2025-02-12 13:13:09+00
1739,970,2025-02-25 17:23:09+00,cancelled,54.99,5.99,0.00,60.98,Chicago,IL,60601,
1740,970,2025-03-26 01:23:09+00,delivered,269.98,0.00,0.00,269.98,Chicago,IL,60601,2025-03-28 11:23:09+00
1741,970,2025-04-27 02:43:09+00,delivered,74.98,5.99,0.00,80.97,Chicago,IL,60601,2025-05-02 06:43:09+00
1742,970,2025-06-09 12:14:09+00,delivered,351.73,0.00,0.00,351.73,Chicago,IL,60601,2025-06-12 13:14:09+00
1743,970,2025-07-13 13:57:09+00,delivered,359.98,0.00,0.00,359.98,Chicago,IL,60601,2025-07-17 22:57:09+00
1744,971,2024-12-13 07:31:23+00,delivered,307.97,0.00,0.00,307.97,Boston,MA,02101,2024-12-19 08:31:23+00
1745,972,2024-08-02 22:12:23+00,delivered,224.99,0.00,0.00,224.99,Philadelphia,PA,19101,2024-08-05 07:12:23+00
1746,973,2025-09-13 21:06:24+00,delivered,624.95,0.00,0.00,624.95,Portland,OR,97201,2025-09-15 23:06:24+00
1747,973,2025-09-18 09:49:24+00,delivered,196.97,0.00,0.00,196.97,Portland,OR,97201,2025-09-21 13:49:24+00
1748,974,2024-06-07 04:42:11+00,delivered,51.99,5.99,0.00,57.98,Portland,OR,97201,2024-06-11 05:42:11+00
1749,974,2024-06-22 16:21:11+00,processing,267.99,0.00,0.00,267.99,Portland,OR,97201,
1750,975,2024-04-18 19:19:31+00,delivered,19.80,5.99,0.00,25.79,San Antonio,TX,78201,2024-04-21 21:19:31+00
1751,976,2024-11-12 12:25:06+00,processing,224.97,0.00,0.00,224.97,Seattle,WA,98101,
1752,977,2025-08-12 09:57:38+00,delivered,161.99,0.00,0.00,161.99,San Diego,CA,92101,2025-08-18 12:57:38+00
1753,978,2024-03-12 11:20:31+00,delivered,28.00,5.99,0.00,33.99,Atlanta,GA,30301,2024-03-15 18:20:31+00
1754,978,2024-03-30 23:43:31+00,delivered,179.98,0.00,0.00,179.98,Atlanta,GA,30301,2024-04-04 05:43:31+00
1755,979,2024-05-01 16:49:11+00,cancelled,189.47,0.00,0.00,189.47,Portland,OR,97201,
1756,980,2024-12-02 02:19:01+00,delivered,107.99,0.00,0.00,107.99,San Jose,CA,95101,2024-12-06 09:19:01+00
1757,981,2024-04-21 19:26:34+00,delivered,296.99,0.00,0.00,296.99,Minneapolis,MN,55401,2024-04-24 05:26:34+00
1758,981,2024-05-06 07:41:34+00,shipped,181.97,0.00,0.00,181.97,Minneapolis,MN,55401,
1759,981,2024-05-28 14:27:34+00,delivered,29.99,5.99,0.00,35.98,Minneapolis,MN,55401,2024-06-03 17:27:34+00
1760,981,2024-07-03 03:09:34+00,delivered,403.84,0.00,0.00,403.84,Minneapolis,MN,55401,2024-07-06 12:09:34+00
1761,981,2024-07-27 14:26:34+00,delivered,249.99,0.00,0.00,249.99,Minneapolis,MN,55401,2024-08-01 17:26:34+00
1762,981,2024-08-31 02:26:34+00,shipped,112.99,0.00,0.00,112.99,Minneapolis,MN,55401,
1763,981,2024-09-23 08:43:34+00,delivered,59.98,5.99,0.00,65.97,Minneapolis,MN,55401,2024-09-29 18:43:34+00
1764,982,2024-11-03 00:24:08+00,delivered,329.99,0.00,0.00,329.99,Denver,CO,80201,2024-11-06 03:24:08+00
1765,983,2025-05-25 01:30:05+00,delivered,69.99,5.99,0.00,75.98,Minneapolis,MN,55401,2025-05-28 03:30:05+00
1766,984,2025-04-24 03:50:06+00,delivered,205.99,0.00,0.00,205.99,Los Angeles,CA,90001,2025-04-26 12:50:06+00
1767,985,2025-06-04 02:29:26+00,delivered,799.98,0.00,80.00,719.98,San Antonio,TX,78201,2025-06-06 09:29:26+00
1768,986,2024-11-17 20:49:30+00,delivered,69.99,5.99,0.00,75.98,Philadelphia,PA,19101,2024-11-21 03:49:30+00
1769,986,2025-01-13 08:34:30+00,delivered,439.83,0.00,0.00,439.83,Philadelphia,PA,19101,2025-01-15 12:34:30+00
1770,986,2025-03-14 15:43:30+00,delivered,249.99,0.00,0.00,249.99,Philadelphia,PA,19101,2025-03-20 21:43:30+00
1771,986,2025-05-04 23:30:30+00,delivered,381.98,0.00,0.00,381.98,Philadelphia,PA,19101,2025-05-07 02:30:30+00
1772,987,2025-11-16 21:45:29+00,delivered,42.00,5.99,0.00,47.99,Chicago,IL,60601,2025-11-18 22:45:29+00
1773,988,2024-09-12 19:57:02+00,delivered,146.98,0.00,0.00,146.98,Philadelphia,PA,19101,2024-09-16 04:57:02+00
1774,988,2024-09-25 06:30:02+00,delivered,579.97,0.00,0.00,579.97,Philadelphia,PA,19101,2024-09-28 10:30:02+00
1775,988,2024-10-02 11:59:02+00,delivered,49.99,5.99,0.00,55.98,Philadelphia,PA,19101,2024-10-06 17:59:02+00
1776,989,2025-10-04 02:10:03+00,delivered,123.23,0.00,0.00,123.23,Phoenix,AZ,85001,2025-10-06 11:10:03+00
1777,989,2025-11-22 06:55:03+00,delivered,169.99,0.00,0.00,169.99,Phoenix,AZ,85001,2025-11-28 08:55:03+00
1778,989,2026-01-10 10:26:03+00,delivered,169.98,0.00,0.00,169.98,Phoenix,AZ,85001,2026-01-15 13:26:03+00
1779,990,2025-08-06 07:27:42+00,delivered,254.97,0.00,25.50,229.47,Atlanta,GA,30301,2025-08-12 17:27:42+00
1780,991,2025-10-01 12:44:37+00,delivered,596.47,0.00,0.00,596.47,Denver,CO,80201,2025-10-03 18:44:37+00
1781,992,2025-06-07 08:38:32+00,delivered,159.99,0.00,0.00,159.99,Atlanta,GA,30301,2025-06-11 09:38:32+00
1782,992,2025-07-12 15:59:32+00,delivered,59.99,5.99,0.00,65.98,Atlanta,GA,30301,2025-07-17 19:59:32+00
1783,993,2024-02-29 09:17:44+00,delivered,124.99,0.00,0.00,124.99,Portland,OR,97201,2024-03-06 11:17:44+00
1784,993,2024-03-10 19:00:44+00,cancelled,279.98,0.00,0.00,279.98,Portland,OR,97201,
1785,993,2024-04-12 03:23:44+00,delivered,164.98,0.00,0.00,164.98,Portland,OR,97201,2024-04-17 10:23:44+00
1786,994,2024-03-25 12:24:40+00,processing,28.00,5.99,0.00,33.99,Seattle,WA,98101,
1787,994,2024-05-04 18:32:40+00,delivered,89.97,0.00,0.00,89.97,Seattle,WA,98101,2024-05-09 19:32:40+00
1788,994,2024-05-22 00:17:40+00,shipped,159.99,0.00,0.00,159.99,Seattle,WA,98101,
1789,995,2024-02-02 10:15:26+00,delivered,579.97,0.00,0.00,579.97,Nashville,TN,37201,2024-02-07 18:15:26+00
1790,995,2024-03-03 14:54:26+00,delivered,959.97,0.00,0.00,959.97,Nashville,TN,37201,2024-03-05 18:54:26+00
1791,995,2024-04-08 02:55:26+00,delivered,1045.95,0.00,0.00,1045.95,Nashville,TN,37201,2024-04-10 10:55:26+00
1792,995,2024-05-16 13:01:26+00,delivered,32.00,5.99,0.00,37.99,Nashville,TN,37201,2024-05-22 21:01:26+00
1793,995,2024-06-15 22:59:26+00,delivered,213.94,0.00,0.00,213.94,Nashville,TN,37201,2024-06-21 00:59:26+00
1794,995,2024-07-27 10:53:26+00,delivered,199.99,0.00,20.00,179.99,Nashville,TN,37201,2024-07-31 13:53:26+00
1795,996,2024-07-17 01:22:46+00,delivered,398.46,0.00,0.00,398.46,Denver,CO,80201,2024-07-20 09:22:46+00
1796,997,2024-07-18 17:40:48+00,delivered,129.19,0.00,0.00,129.19,Chicago,IL,60601,2024-07-22 18:40:48+00
1797,998,2024-05-29 09:27:47+00,delivered,68.00,5.99,0.00,73.99,New York,NY,10001,2024-06-02 14:27:47+00
1798,999,2024-10-19 17:20:31+00,delivered,355.98,0.00,0.00,355.98,Dallas,TX,75201,2024-10-26 01:20:31+00
1799,999,2024-12-03 05:35:31+00,cancelled,99.98,0.00,0.00,99.98,Dallas,TX,75201,
1800,1000,2025-07-21 07:28:30+00,delivered,94.99,0.00,9.50,85.49,Nashville,TN,37201,2025-07-26 15:28:30+00
1801,1001,2025-08-30 05:18:45+00,delivered,66.49,5.99,0.00,72.48,Los Angeles,CA,90001,2025-09-02 11:18:45+00
1802,1001,2025-09-23 08:48:45+00,delivered,159.98,0.00,0.00,159.98,Los Angeles,CA,90001,2025-09-25 16:48:45+00
1803,1001,2025-11-19 13:59:45+00,returned,399.99,0.00,0.00,399.99,Los Angeles,CA,90001,2025-11-23 13:59:45+00
1804,1001,2026-01-19 02:25:45+00,delivered,654.93,0.00,65.49,589.44,Los Angeles,CA,90001,2026-01-22 05:25:45+00
1805,1002,2024-01-19 18:46:02+00,delivered,914.96,0.00,0.00,914.96,Boston,MA,02101,2024-01-24 01:46:02+00
1806,1003,2025-02-12 13:06:39+00,pending,399.99,0.00,0.00,399.99,Philadelphia,PA,19101,
1807,1004,2024-12-11 03:19:00+00,delivered,74.97,5.99,7.50,73.46,Portland,OR,97201,2024-12-16 10:19:00+00
1808,1005,2024-09-13 10:15:42+00,delivered,99.99,0.00,0.00,99.99,New York,NY,10001,2024-09-18 20:15:42+00
1809,1006,2024-03-03 16:31:44+00,delivered,453.45,0.00,0.00,453.45,Charlotte,NC,28201,2024-03-05 20:31:44+00
1810,1007,2024-03-25 04:41:00+00,delivered,235.22,0.00,0.00,235.22,Minneapolis,MN,55401,2024-03-28 14:41:00+00
1811,1007,2024-05-03 12:22:00+00,delivered,159.98,0.00,0.00,159.98,Minneapolis,MN,55401,2024-05-07 21:22:00+00
1812,1007,2024-05-26 23:44:00+00,delivered,309.97,0.00,0.00,309.97,Minneapolis,MN,55401,2024-05-29 07:44:00+00
1813,1007,2024-07-19 04:01:00+00,delivered,399.99,0.00,0.00,399.99,Minneapolis,MN,55401,2024-07-23 10:01:00+00
1814,1007,2024-09-02 11:05:00+00,delivered,79.99,0.00,0.00,79.99,Minneapolis,MN,55401,2024-09-07 17:05:00+00
1815,1007,2024-10-21 22:37:00+00,delivered,249.99,0.00,25.00,224.99,Minneapolis,MN,55401,2024-10-24 00:37:00+00
1816,1008,2024-01-28 12:45:50+00,delivered,707.47,0.00,0.00,707.47,Miami,FL,33101,2024-01-30 15:45:50+00
1817,1008,2024-02-16 13:57:50+00,delivered,354.96,0.00,0.00,354.96,Miami,FL,33101,2024-02-18 19:57:50+00
1818,1009,2024-01-12 18:12:29+00,delivered,101.47,0.00,0.00,101.47,Nashville,TN,37201,2024-01-18 23:12:29+00
1819,1009,2024-03-03 23:21:29+00,delivered,262.47,0.00,0.00,262.47,Nashville,TN,37201,2024-03-07 05:21:29+00
1820,1010,2024-02-25 23:56:45+00,delivered,74.99,5.99,0.00,80.98,San Diego,CA,92101,2024-02-28 09:56:45+00
1821,1010,2024-04-11 06:27:45+00,delivered,84.00,0.00,0.00,84.00,San Diego,CA,92101,2024-04-13 13:27:45+00
1822,1011,2024-07-13 17:38:02+00,delivered,101.99,0.00,0.00,101.99,San Antonio,TX,78201,2024-07-16 00:38:02+00
1823,1011,2024-08-14 20:55:02+00,processing,536.87,0.00,0.00,536.87,San Antonio,TX,78201,
1824,1011,2024-09-10 23:27:02+00,delivered,74.99,5.99,0.00,80.98,San Antonio,TX,78201,2024-09-15 08:27:02+00
1825,1011,2024-09-30 03:10:02+00,delivered,58.48,5.99,5.85,58.62,San Antonio,TX,78201,2024-10-06 12:10:02+00
1826,1012,2024-11-20 20:52:24+00,pending,239.97,0.00,0.00,239.97,Nashville,TN,37201,
1827,1012,2024-12-27 00:57:24+00,delivered,159.99,0.00,0.00,159.99,Nashville,TN,37201,2025-01-01 06:57:24+00
1828,1013,2024-02-22 16:53:43+00,delivered,724.97,0.00,0.00,724.97,San Diego,CA,92101,2024-02-24 19:53:43+00
1829,1013,2024-03-09 23:35:43+00,delivered,449.98,0.00,0.00,449.98,San Diego,CA,92101,2024-03-12 04:35:43+00
1830,1013,2024-04-08 08:29:43+00,delivered,126.00,0.00,0.00,126.00,San Diego,CA,92101,2024-04-10 15:29:43+00
1831,1013,2024-05-25 10:34:43+00,delivered,28.00,5.99,0.00,33.99,San Diego,CA,92101,2024-05-27 15:34:43+00
1832,1014,2024-01-16 10:06:36+00,delivered,174.74,0.00,0.00,174.74,Philadelphia,PA,19101,2024-01-21 20:06:36+00
1833,1014,2024-03-07 13:35:36+00,delivered,279.96,0.00,0.00,279.96,Philadelphia,PA,19101,2024-03-11 21:35:36+00
1834,1015,2024-05-21 06:47:07+00,delivered,24.99,5.99,0.00,30.98,San Antonio,TX,78201,2024-05-24 15:47:07+00
1835,1016,2025-07-29 09:38:26+00,delivered,579.98,0.00,0.00,579.98,Atlanta,GA,30301,2025-08-04 18:38:26+00
1836,1017,2025-05-20 05:13:47+00,delivered,69.99,5.99,0.00,75.98,Austin,TX,73301,2025-05-26 11:13:47+00
1837,1017,2025-07-06 16:58:47+00,delivered,54.99,5.99,0.00,60.98,Austin,TX,73301,2025-07-12 21:58:47+00
1838,1018,2024-11-30 20:23:52+00,delivered,499.97,0.00,0.00,499.97,Philadelphia,PA,19101,2024-12-03 00:23:52+00
1839,1019,2025-08-17 02:21:39+00,delivered,124.99,0.00,0.00,124.99,Boston,MA,02101,2025-08-23 09:21:39+00
1840,1020,2024-12-20 18:47:29+00,delivered,409.98,0.00,0.00,409.98,Denver,CO,80201,2024-12-22 19:47:29+00
1841,1020,2025-01-28 20:23:29+00,delivered,469.98,0.00,0.00,469.98,Denver,CO,80201,2025-02-02 22:23:29+00
1842,1021,2024-06-12 19:32:21+00,delivered,194.48,0.00,0.00,194.48,Phoenix,AZ,85001,2024-06-18 23:32:21+00
1843,1022,2024-11-23 20:16:58+00,shipped,99.99,0.00,10.00,89.99,Miami,FL,33101,
1844,1023,2024-04-18 12:02:44+00,delivered,22.00,5.99,0.00,27.99,Boston,MA,02101,2024-04-20 17:02:44+00
1845,1024,2025-05-14 20:48:49+00,delivered,102.89,0.00,0.00,102.89,Nashville,TN,37201,2025-05-20 06:48:49+00
1846,1025,2025-09-30 07:28:29+00,delivered,124.99,0.00,0.00,124.99,San Diego,CA,92101,2025-10-02 11:28:29+00
1847,1026,2025-04-05 14:34:20+00,cancelled,111.99,0.00,0.00,111.99,Dallas,TX,75201,
1848,1027,2025-12-11 05:57:34+00,delivered,117.98,0.00,0.00,117.98,Denver,CO,80201,2025-12-13 10:57:34+00
1849,1028,2025-02-27 18:00:34+00,processing,399.99,0.00,0.00,399.99,Austin,TX,73301,
1850,1029,2025-08-26 21:17:18+00,delivered,56.00,5.99,0.00,61.99,Houston,TX,77001,2025-08-30 22:17:18+00
1851,1030,2025-10-07 21:59:03+00,delivered,138.99,0.00,0.00,138.99,New York,NY,10001,2025-10-11 05:59:03+00
1852,1031,2024-08-19 15:33:07+00,delivered,199.99,0.00,0.00,199.99,Nashville,TN,37201,2024-08-23 21:33:07+00
1853,1032,2025-02-01 04:11:57+00,delivered,94.99,0.00,0.00,94.99,San Antonio,TX,78201,2025-02-03 10:11:57+00
1854,1032,2025-02-28 13:47:57+00,delivered,49.99,5.99,0.00,55.98,San Antonio,TX,78201,2025-03-04 20:47:57+00
1855,1032,2025-04-01 16:31:57+00,delivered,88.00,0.00,8.80,79.20,San Antonio,TX,78201,2025-04-07 18:31:57+00
1856,1033,2024-06-05 16:41:33+00,returned,69.99,5.99,0.00,75.98,Philadelphia,PA,19101,2024-06-09 16:41:33+00
1857,1033,2024-07-11 23:16:33+00,delivered,159.98,0.00,0.00,159.98,Philadelphia,PA,19101,2024-07-14 06:16:33+00
1858,1034,2024-10-25 20:56:13+00,shipped,42.00,5.99,0.00,47.99,Chicago,IL,60601,
1859,1034,2024-12-05 08:22:13+00,delivered,199.98,0.00,0.00,199.98,Chicago,IL,60601,2024-12-08 15:22:13+00
1860,1035,2025-08-15 10:44:25+00,delivered,29.99,5.99,0.00,35.98,Miami,FL,33101,2025-08-17 19:44:25+00
1861,1036,2025-09-17 14:32:15+00,delivered,249.99,0.00,0.00,249.99,Houston,TX,77001,2025-09-19 20:32:15+00
1862,1037,2025-04-26 23:34:08+00,delivered,59.98,5.99,0.00,65.97,Miami,FL,33101,2025-04-29 09:34:08+00
1863,1037,2025-06-18 10:52:08+00,delivered,292.96,0.00,0.00,292.96,Miami,FL,33101,2025-06-22 14:52:08+00
1864,1038,2024-02-28 22:35:34+00,delivered,68.00,5.99,0.00,73.99,Denver,CO,80201,2024-03-02 04:35:34+00
1865,1038,2024-03-19 23:55:34+00,processing,22.00,5.99,0.00,27.99,Denver,CO,80201,
1866,1039,2024-04-11 22:33:12+00,delivered,224.97,0.00,22.50,202.47,Phoenix,AZ,85001,2024-04-16 08:33:12+00
1867,1039,2024-05-04 08:40:12+00,delivered,70.00,5.99,0.00,75.99,Phoenix,AZ,85001,2024-05-06 16:40:12+00
1868,1040,2024-06-04 19:04:40+00,delivered,179.98,0.00,0.00,179.98,Nashville,TN,37201,2024-06-09 03:04:40+00
1869,1041,2025-01-25 23:28:30+00,pending,29.99,5.99,0.00,35.98,Atlanta,GA,30301,
1870,1041,2025-02-14 03:56:30+00,delivered,59.99,5.99,0.00,65.98,Atlanta,GA,30301,2025-02-16 06:56:30+00
1871,1042,2024-06-02 06:17:52+00,delivered,42.00,5.99,0.00,47.99,Denver,CO,80201,2024-06-08 14:17:52+00
1872,1042,2024-07-26 16:19:52+00,delivered,179.99,0.00,0.00,179.99,Denver,CO,80201,2024-07-28 17:19:52+00
1873,1042,2024-09-02 20:36:52+00,delivered,18.70,5.99,0.00,24.69,Denver,CO,80201,2024-09-06 01:36:52+00
1874,1043,2024-03-21 06:49:23+00,delivered,549.75,0.00,0.00,549.75,Phoenix,AZ,85001,2024-03-25 10:49:23+00
1875,1043,2024-05-20 08:22:23+00,delivered,384.98,0.00,0.00,384.98,Phoenix,AZ,85001,2024-05-25 14:22:23+00
1876,1044,2024-06-14 03:47:15+00,delivered,379.97,0.00,0.00,379.97,Portland,OR,97201,2024-06-19 12:47:15+00
1877,1045,2025-08-24 16:40:54+00,processing,449.98,0.00,0.00,449.98,San Jose,CA,95101,
1878,1046,2025-01-25 14:08:35+00,delivered,99.99,0.00,0.00,99.99,Portland,OR,97201,2025-01-28 15:08:35+00
1879,1047,2025-07-20 23:59:06+00,delivered,129.99,0.00,0.00,129.99,San Jose,CA,95101,2025-07-26 02:59:06+00
1880,1048,2024-04-05 07:51:14+00,delivered,344.97,0.00,0.00,344.97,Houston,TX,77001,2024-04-10 13:51:14+00
1881,1048,2024-06-01 18:14:14+00,delivered,249.98,0.00,0.00,249.98,Houston,TX,77001,2024-06-06 19:14:14+00
1882,1049,2024-10-27 22:56:01+00,delivered,198.00,0.00,0.00,198.00,Phoenix,AZ,85001,2024-11-01 23:56:01+00
1883,1050,2024-09-06 22:49:37+00,delivered,125.23,0.00,0.00,125.23,Denver,CO,80201,2024-09-12 02:49:37+00
1884,1051,2025-11-07 11:37:47+00,delivered,89.99,0.00,0.00,89.99,Denver,CO,80201,2025-11-10 20:37:47+00
1885,1051,2025-12-15 18:05:47+00,delivered,179.99,0.00,0.00,179.99,Denver,CO,80201,2025-12-19 23:05:47+00
1886,1052,2024-04-28 16:31:36+00,delivered,479.97,0.00,0.00,479.97,Phoenix,AZ,85001,2024-05-03 01:31:36+00
1887,1052,2024-05-09 18:04:36+00,delivered,152.99,0.00,0.00,152.99,Phoenix,AZ,85001,2024-05-13 20:04:36+00
1888,1053,2025-07-09 14:23:46+00,delivered,379.98,0.00,0.00,379.98,Dallas,TX,75201,2025-07-13 20:23:46+00
1889,1053,2025-08-16 00:31:46+00,delivered,25.49,5.99,0.00,31.48,Dallas,TX,75201,2025-08-21 01:31:46+00
1890,1054,2024-09-19 13:40:52+00,delivered,69.98,5.99,0.00,75.97,Los Angeles,CA,90001,2024-09-22 20:40:52+00
1891,1054,2024-10-22 15:13:52+00,delivered,339.98,0.00,0.00,339.98,Los Angeles,CA,90001,2024-10-25 21:13:52+00
1892,1054,2024-12-03 03:06:52+00,delivered,439.97,0.00,0.00,439.97,Los Angeles,CA,90001,2024-12-08 07:06:52+00
1893,1054,2025-01-09 12:57:52+00,delivered,514.97,0.00,51.50,463.47,Los Angeles,CA,90001,2025-01-14 15:57:52+00
1894,1055,2025-09-26 16:21:40+00,cancelled,677.98,0.00,0.00,677.98,Denver,CO,80201,
1895,1056,2025-08-18 03:57:58+00,delivered,80.99,0.00,0.00,80.99,Miami,FL,33101,2025-08-21 05:57:58+00
1896,1057,2025-03-04 10:00:50+00,pending,299.98,0.00,0.00,299.98,San Antonio,TX,78201,
1897,1057,2025-04-03 12:29:50+00,processing,194.97,0.00,0.00,194.97,San Antonio,TX,78201,
1898,1058,2024-05-20 16:57:09+00,delivered,151.99,0.00,0.00,151.99,Austin,TX,73301,2024-05-25 22:57:09+00
1899,1059,2024-06-06 12:21:29+00,delivered,323.72,0.00,0.00,323.72,San Antonio,TX,78201,2024-06-12 14:21:29+00
1900,1059,2024-06-29 00:31:29+00,delivered,221.99,0.00,0.00,221.99,San Antonio,TX,78201,2024-07-02 08:31:29+00
1901,1060,2024-11-29 06:17:38+00,delivered,39.95,5.99,0.00,45.94,Denver,CO,80201,2024-12-02 12:17:38+00
1902,1061,2025-02-09 19:17:29+00,delivered,251.97,0.00,0.00,251.97,Los Angeles,CA,90001,2025-02-14 00:17:29+00
1903,1061,2025-03-08 23:30:29+00,delivered,129.98,0.00,0.00,129.98,Los Angeles,CA,90001,2025-03-12 09:30:29+00
1904,1062,2024-07-17 17:20:13+00,delivered,579.97,0.00,0.00,579.97,San Diego,CA,92101,2024-07-23 23:20:13+00
1905,1063,2025-11-12 13:01:33+00,delivered,42.00,5.99,0.00,47.99,Chicago,IL,60601,2025-11-15 20:01:33+00
1906,1064,2025-01-28 18:37:33+00,delivered,659.98,0.00,0.00,659.98,Houston,TX,77001,2025-02-01 22:37:33+00
1907,1065,2024-03-15 00:51:00+00,delivered,277.98,0.00,0.00,277.98,Dallas,TX,75201,2024-03-18 09:51:00+00
1908,1066,2024-03-26 15:38:09+00,delivered,202.97,0.00,0.00,202.97,Austin,TX,73301,2024-04-01 19:38:09+00
1909,1067,2025-03-01 01:55:01+00,delivered,649.97,0.00,0.00,649.97,Denver,CO,80201,2025-03-05 03:55:01+00
1910,1067,2025-04-27 10:30:01+00,delivered,1122.43,0.00,0.00,1122.43,Denver,CO,80201,2025-04-30 13:30:01+00
1911,1068,2025-12-08 13:56:10+00,delivered,89.97,0.00,0.00,89.97,San Antonio,TX,78201,2025-12-14 22:56:10+00
1912,1069,2024-04-24 15:21:14+00,returned,99.98,0.00,0.00,99.98,San Jose,CA,95101,2024-04-27 15:21:14+00
1913,1070,2025-01-28 19:31:18+00,delivered,28.00,5.99,0.00,33.99,Chicago,IL,60601,2025-01-31 20:31:18+00
1914,1071,2025-02-09 21:05:14+00,delivered,119.99,0.00,0.00,119.99,San Diego,CA,92101,2025-02-15 00:05:14+00
1915,1071,2025-03-16 04:02:14+00,delivered,127.98,0.00,0.00,127.98,San Diego,CA,92101,2025-03-22 13:02:14+00
1916,1072,2024-10-03 06:25:20+00,delivered,89.99,0.00,0.00,89.99,Nashville,TN,37201,2024-10-06 12:25:20+00
1917,1073,2024-04-27 15:10:13+00,delivered,99.99,0.00,0.00,99.99,San Diego,CA,92101,2024-04-30 00:10:13+00
1918,1073,2024-06-22 01:21:13+00,delivered,96.00,0.00,0.00,96.00,San Diego,CA,92101,2024-06-26 08:21:13+00
1919,1073,2024-08-03 12:44:13+00,delivered,25.49,5.99,0.00,31.48,San Diego,CA,92101,2024-08-07 18:44:13+00
1920,1074,2025-04-30 04:41:01+00,delivered,708.71,0.00,0.00,708.71,Dallas,TX,75201,2025-05-03 10:41:01+00
1921,1074,2025-05-22 07:41:01+00,shipped,176.00,0.00,0.00,176.00,Dallas,TX,75201,
1922,1075,2024-07-20 22:02:50+00,delivered,249.99,0.00,0.00,249.99,Denver,CO,80201,2024-07-24 02:02:50+00
1923,1075,2024-09-11 08:20:50+00,delivered,89.99,0.00,0.00,89.99,Denver,CO,80201,2024-09-15 09:20:50+00
1924,1075,2024-10-28 09:20:50+00,shipped,231.98,0.00,0.00,231.98,Denver,CO,80201,
1925,1075,2024-11-22 19:43:50+00,delivered,159.99,0.00,16.00,143.99,Denver,CO,80201,2024-11-27 23:43:50+00
1926,1075,2024-12-28 03:13:50+00,returned,116.99,0.00,0.00,116.99,Denver,CO,80201,2024-12-31 03:13:50+00
1927,1075,2025-01-22 11:41:50+00,delivered,91.99,0.00,0.00,91.99,Denver,CO,80201,2025-01-24 16:41:50+00
1928,1075,2025-03-18 20:25:50+00,delivered,89.99,0.00,0.00,89.99,Denver,CO,80201,2025-03-22 23:25:50+00
1929,1076,2025-03-23 15:10:04+00,delivered,249.99,0.00,0.00,249.99,San Antonio,TX,78201,2025-03-29 19:10:04+00
1930,1076,2025-04-01 18:28:04+00,delivered,246.78,0.00,0.00,246.78,San Antonio,TX,78201,2025-04-07 23:28:04+00
1931,1076,2025-05-25 19:40:04+00,delivered,141.72,0.00,0.00,141.72,San Antonio,TX,78201,2025-05-27 21:40:04+00
1932,1076,2025-07-07 06:45:04+00,delivered,475.92,0.00,0.00,475.92,San Antonio,TX,78201,2025-07-09 10:45:04+00
1933,1077,2025-04-28 12:38:16+00,delivered,64.00,5.99,0.00,69.99,Boston,MA,02101,2025-05-01 17:38:16+00
1934,1078,2025-05-25 16:39:24+00,delivered,514.96,0.00,0.00,514.96,Boston,MA,02101,2025-05-30 22:39:24+00
1935,1078,2025-06-12 23:42:24+00,delivered,99.99,0.00,0.00,99.99,Boston,MA,02101,2025-06-19 05:42:24+00
1936,1079,2024-06-27 03:23:05+00,pending,659.98,0.00,0.00,659.98,New York,NY,10001,
1937,1080,2025-01-21 03:01:08+00,delivered,499.98,0.00,0.00,499.98,Minneapolis,MN,55401,2025-01-23 07:01:08+00
1938,1081,2024-02-09 01:06:01+00,cancelled,119.99,0.00,0.00,119.99,Charlotte,NC,28201,
1939,1082,2025-10-22 08:50:05+00,delivered,779.95,0.00,0.00,779.95,Portland,OR,97201,2025-10-28 12:50:05+00
1940,1082,2025-10-26 11:32:05+00,delivered,194.97,0.00,0.00,194.97,Portland,OR,97201,2025-10-30 14:32:05+00
1941,1083,2024-05-02 11:50:51+00,delivered,399.99,0.00,0.00,399.99,Phoenix,AZ,85001,2024-05-08 17:50:51+00
1942,1083,2024-07-01 21:59:51+00,delivered,79.99,0.00,0.00,79.99,Phoenix,AZ,85001,2024-07-08 02:59:51+00
1943,1084,2025-01-05 01:03:38+00,delivered,359.96,0.00,0.00,359.96,Charlotte,NC,28201,2025-01-07 03:03:38+00
1944,1084,2025-02-08 13:00:38+00,processing,89.97,0.00,9.00,80.97,Charlotte,NC,28201,
1945,1085,2025-07-24 11:20:31+00,cancelled,223.79,0.00,0.00,223.79,Boston,MA,02101,
1946,1086,2024-03-08 05:47:54+00,delivered,687.96,0.00,0.00,687.96,Chicago,IL,60601,2024-03-11 14:47:54+00
1947,1087,2025-01-22 07:21:59+00,delivered,159.99,0.00,0.00,159.99,Austin,TX,73301,2025-01-26 10:21:59+00
1948,1088,2024-11-24 17:53:08+00,returned,351.77,0.00,0.00,351.77,Portland,OR,97201,2024-11-27 17:53:08+00
1949,1089,2025-06-06 05:41:43+00,delivered,88.00,0.00,0.00,88.00,San Diego,CA,92101,2025-06-12 09:41:43+00
1950,1089,2025-07-18 08:08:43+00,cancelled,79.98,0.00,0.00,79.98,San Diego,CA,92101,
1951,1090,2024-10-19 16:31:31+00,delivered,254.93,0.00,0.00,254.93,San Diego,CA,92101,2024-10-21 19:31:31+00
1952,1091,2024-04-12 19:44:32+00,delivered,379.98,0.00,38.00,341.98,Philadelphia,PA,19101,2024-04-15 05:44:32+00
1953,1091,2024-06-10 04:17:32+00,delivered,89.99,0.00,0.00,89.99,Philadelphia,PA,19101,2024-06-16 07:17:32+00
1954,1092,2024-01-12 11:52:01+00,delivered,154.97,0.00,0.00,154.97,Austin,TX,73301,2024-01-16 13:52:01+00
1955,1093,2025-10-31 12:06:24+00,delivered,56.00,5.99,0.00,61.99,Atlanta,GA,30301,2025-11-03 21:06:24+00
1956,1094,2024-01-10 14:24:06+00,delivered,56.00,5.99,0.00,61.99,Austin,TX,73301,2024-01-15 15:24:06+00
1957,1095,2025-02-23 19:10:29+00,delivered,176.47,0.00,0.00,176.47,Miami,FL,33101,2025-03-01 20:10:29+00
1958,1095,2025-04-04 04:58:29+00,delivered,80.99,0.00,0.00,80.99,Miami,FL,33101,2025-04-08 13:58:29+00
1959,1095,2025-04-07 12:24:29+00,delivered,117.98,0.00,11.80,106.18,Miami,FL,33101,2025-04-12 13:24:29+00
1960,1096,2024-11-12 14:32:21+00,delivered,69.99,5.99,7.00,68.98,Dallas,TX,75201,2024-11-14 18:32:21+00
1961,1097,2025-06-03 13:37:21+00,delivered,434.97,0.00,0.00,434.97,Houston,TX,77001,2025-06-08 15:37:21+00
1962,1098,2025-07-09 12:23:30+00,delivered,129.99,0.00,0.00,129.99,Seattle,WA,98101,2025-07-14 16:23:30+00
1963,1099,2025-12-12 08:12:59+00,delivered,869.96,0.00,87.00,782.96,Boston,MA,02101,2025-12-17 18:12:59+00
1964,1100,2025-01-29 07:56:58+00,delivered,839.94,0.00,0.00,839.94,Boston,MA,02101,2025-02-02 08:56:58+00
1965,1100,2025-03-17 16:43:58+00,delivered,534.96,0.00,0.00,534.96,Boston,MA,02101,2025-03-23 18:43:58+00
1966,1101,2024-04-08 15:43:16+00,delivered,88.00,0.00,0.00,88.00,Phoenix,AZ,85001,2024-04-13 20:43:16+00
1967,1101,2024-05-19 02:58:16+00,delivered,311.98,0.00,0.00,311.98,Phoenix,AZ,85001,2024-05-21 04:58:16+00
1968,1101,2024-07-10 08:25:16+00,delivered,69.99,5.99,7.00,68.98,Phoenix,AZ,85001,2024-07-16 13:25:16+00
1969,1101,2024-09-04 14:41:16+00,delivered,365.47,0.00,0.00,365.47,Phoenix,AZ,85001,2024-09-09 23:41:16+00
1970,1101,2024-09-11 19:14:16+00,delivered,49.99,5.99,0.00,55.98,Phoenix,AZ,85001,2024-09-17 05:14:16+00
1971,1101,2024-10-08 01:25:16+00,delivered,156.48,0.00,0.00,156.48,Phoenix,AZ,85001,2024-10-12 02:25:16+00
1972,1102,2024-09-27 04:38:13+00,delivered,331.93,0.00,0.00,331.93,Los Angeles,CA,90001,2024-10-01 12:38:13+00
1973,1102,2024-10-02 08:01:13+00,delivered,319.98,0.00,0.00,319.98,Los Angeles,CA,90001,2024-10-07 10:01:13+00
1974,1103,2024-07-20 21:36:39+00,delivered,565.48,0.00,0.00,565.48,Chicago,IL,60601,2024-07-23 06:36:39+00
1975,1103,2024-09-01 00:53:39+00,cancelled,161.98,0.00,0.00,161.98,Chicago,IL,60601,
1976,1104,2024-07-24 16:59:10+00,shipped,709.96,0.00,0.00,709.96,Dallas,TX,75201,
1977,1105,2025-11-06 17:29:03+00,delivered,22.00,5.99,0.00,27.99,Charlotte,NC,28201,2025-11-11 21:29:03+00
1978,1106,2024-04-27 03:26:08+00,delivered,29.99,5.99,0.00,35.98,Dallas,TX,75201,2024-04-29 13:26:08+00
1979,1107,2025-05-13 07:29:12+00,delivered,139.98,0.00,0.00,139.98,Nashville,TN,37201,2025-05-19 09:29:12+00
1980,1107,2025-06-21 16:23:12+00,pending,89.99,0.00,0.00,89.99,Nashville,TN,37201,
1981,1108,2024-09-07 03:49:35+00,delivered,74.00,5.99,0.00,79.99,Boston,MA,02101,2024-09-10 13:49:35+00
1982,1108,2024-09-26 05:11:35+00,delivered,209.97,0.00,0.00,209.97,Boston,MA,02101,2024-10-01 06:11:35+00
1983,1109,2024-02-11 08:10:55+00,shipped,159.98,0.00,0.00,159.98,San Diego,CA,92101,
1984,1110,2024-08-20 11:07:55+00,delivered,83.95,0.00,0.00,83.95,San Antonio,TX,78201,2024-08-24 17:07:55+00
1985,1110,2024-08-23 00:04:55+00,returned,402.97,0.00,0.00,402.97,San Antonio,TX,78201,2024-08-26 00:04:55+00
1986,1110,2024-09-25 01:49:55+00,delivered,354.98,0.00,35.50,319.48,San Antonio,TX,78201,2024-09-29 04:49:55+00
1987,1111,2024-03-30 19:22:31+00,delivered,69.99,5.99,0.00,75.98,San Jose,CA,95101,2024-04-06 00:22:31+00
1988,1112,2024-10-18 04:29:56+00,delivered,654.91,0.00,65.49,589.42,Minneapolis,MN,55401,2024-10-22 14:29:56+00
1989,1113,2025-04-15 20:31:11+00,delivered,136.00,0.00,0.00,136.00,Phoenix,AZ,85001,2025-04-18 05:31:11+00
1990,1114,2025-03-03 02:37:17+00,delivered,39.95,5.99,0.00,45.94,Houston,TX,77001,2025-03-09 03:37:17+00
1991,1114,2025-03-07 06:41:17+00,returned,84.00,0.00,0.00,84.00,Houston,TX,77001,2025-03-12 06:41:17+00
1992,1114,2025-04-15 12:47:17+00,cancelled,1049.96,0.00,0.00,1049.96,Houston,TX,77001,
1993,1115,2024-06-04 17:17:20+00,delivered,389.97,0.00,0.00,389.97,Phoenix,AZ,85001,2024-06-08 03:17:20+00
1994,1116,2024-03-04 04:13:40+00,delivered,185.97,0.00,0.00,185.97,Houston,TX,77001,2024-03-06 07:13:40+00
1995,1116,2024-04-14 14:22:40+00,delivered,28.00,5.99,0.00,33.99,Houston,TX,77001,2024-04-18 23:22:40+00
1996,1117,2025-03-27 12:11:45+00,delivered,284.95,0.00,0.00,284.95,Phoenix,AZ,85001,2025-04-02 17:11:45+00
1997,1117,2025-05-23 23:01:45+00,delivered,110.49,0.00,11.05,99.44,Phoenix,AZ,85001,2025-05-27 04:01:45+00
1998,1117,2025-06-01 09:05:45+00,delivered,102.99,0.00,0.00,102.99,Phoenix,AZ,85001,2025-06-05 13:05:45+00
1999,1118,2025-08-11 11:39:49+00,delivered,539.97,0.00,0.00,539.97,Chicago,IL,60601,2025-08-15 15:39:49+00
2000,1118,2025-09-29 00:24:49+00,delivered,159.97,0.00,16.00,143.97,Chicago,IL,60601,2025-10-04 05:24:49+00
2001,1118,2025-11-14 08:37:49+00,delivered,119.99,0.00,12.00,107.99,Chicago,IL,60601,2025-11-17 18:37:49+00
2002,1119,2024-05-10 17:44:23+00,shipped,441.97,0.00,0.00,441.97,San Antonio,TX,78201,
2003,1119,2024-05-29 22:05:23+00,delivered,149.97,0.00,0.00,149.97,San Antonio,TX,78201,2024-06-01 03:05:23+00
2004,1120,2025-10-29 22:15:14+00,processing,261.97,0.00,0.00,261.97,Nashville,TN,37201,
2005,1121,2024-08-21 07:24:12+00,shipped,579.98,0.00,0.00,579.98,Los Angeles,CA,90001,
2006,1122,2024-01-06 13:16:49+00,delivered,159.99,0.00,0.00,159.99,San Antonio,TX,78201,2024-01-10 14:16:49+00
2007,1123,2024-11-26 17:59:46+00,delivered,35.70,5.99,0.00,41.69,Dallas,TX,75201,2024-12-02 20:59:46+00
2008,1124,2024-08-13 14:51:45+00,delivered,354.96,0.00,0.00,354.96,San Diego,CA,92101,2024-08-17 20:51:45+00
2009,1125,2024-07-30 12:46:41+00,delivered,175.48,0.00,0.00,175.48,Denver,CO,80201,2024-08-01 21:46:41+00
2010,1125,2024-09-19 16:12:41+00,delivered,79.99,0.00,0.00,79.99,Denver,CO,80201,2024-09-26 00:12:41+00
2011,1126,2025-09-19 18:41:01+00,delivered,29.99,5.99,0.00,35.98,San Antonio,TX,78201,2025-09-23 22:41:01+00
2012,1127,2025-01-18 12:03:08+00,delivered,419.96,0.00,0.00,419.96,Seattle,WA,98101,2025-01-22 14:03:08+00
2013,1128,2025-08-04 07:27:33+00,delivered,69.99,5.99,0.00,75.98,Minneapolis,MN,55401,2025-08-08 10:27:33+00
2014,1129,2024-04-28 02:58:02+00,delivered,365.98,0.00,36.60,329.38,Charlotte,NC,28201,2024-04-30 12:58:02+00
2015,1129,2024-05-07 09:08:02+00,delivered,57.99,5.99,0.00,63.98,Charlotte,NC,28201,2024-05-10 15:08:02+00
2016,1130,2025-08-08 17:06:37+00,delivered,197.99,0.00,0.00,197.99,Nashville,TN,37201,2025-08-15 03:06:37+00
2017,1130,2025-09-13 21:32:37+00,delivered,79.99,0.00,8.00,71.99,Nashville,TN,37201,2025-09-16 06:32:37+00
2018,1131,2025-09-01 13:48:59+00,delivered,139.98,0.00,0.00,139.98,Los Angeles,CA,90001,2025-09-04 21:48:59+00
2019,1131,2025-10-18 20:57:59+00,returned,234.96,0.00,0.00,234.96,Los Angeles,CA,90001,2025-10-22 20:57:59+00
2020,1132,2024-10-04 07:53:42+00,delivered,59.99,5.99,0.00,65.98,Portland,OR,97201,2024-10-07 10:53:42+00
2021,1133,2025-01-16 16:04:57+00,delivered,231.98,0.00,0.00,231.98,Philadelphia,PA,19101,2025-01-21 20:04:57+00
2022,1134,2024-02-05 05:25:19+00,delivered,149.98,0.00,0.00,149.98,Houston,TX,77001,2024-02-09 14:25:19+00
2023,1134,2024-03-29 12:18:19+00,delivered,281.98,0.00,0.00,281.98,Houston,TX,77001,2024-04-03 13:18:19+00
2024,1134,2024-04-21 00:53:19+00,shipped,22.00,5.99,0.00,27.99,Houston,TX,77001,
2025,1134,2024-06-16 09:20:19+00,delivered,69.99,5.99,7.00,68.98,Houston,TX,77001,2024-06-18 13:20:19+00
2026,1134,2024-07-22 16:18:19+00,delivered,26.99,5.99,0.00,32.98,Houston,TX,77001,2024-07-27 00:18:19+00
2027,1134,2024-08-25 19:50:19+00,delivered,110.49,0.00,0.00,110.49,Houston,TX,77001,2024-08-28 03:50:19+00
2028,1134,2024-09-07 01:19:19+00,delivered,89.99,0.00,0.00,89.99,Houston,TX,77001,2024-09-12 10:19:19+00
2029,1135,2024-01-28 10:41:31+00,delivered,644.97,0.00,0.00,644.97,New York,NY,10001,2024-01-30 16:41:31+00
2030,1136,2025-06-19 03:18:59+00,delivered,119.94,0.00,0.00,119.94,San Diego,CA,92101,2025-06-24 10:18:59+00
2031,1136,2025-06-24 10:21:59+00,delivered,154.97,0.00,0.00,154.97,San Diego,CA,92101,2025-06-27 17:21:59+00
2032,1136,2025-07-04 21:41:59+00,delivered,329.99,0.00,0.00,329.99,San Diego,CA,92101,2025-07-07 07:41:59+00
2033,1137,2025-05-04 17:30:10+00,delivered,450.95,0.00,0.00,450.95,Austin,TX,73301,2025-05-09 03:30:10+00
2034,1138,2024-09-26 18:52:44+00,delivered,612.95,0.00,0.00,612.95,Philadelphia,PA,19101,2024-09-29 22:52:44+00
2035,1138,2024-11-17 00:07:44+00,delivered,719.97,0.00,0.00,719.97,Philadelphia,PA,19101,2024-11-23 07:07:44+00
2036,1139,2024-10-04 07:23:47+00,delivered,189.98,0.00,0.00,189.98,Charlotte,NC,28201,2024-10-09 11:23:47+00
2037,1140,2024-04-25 21:32:19+00,delivered,28.00,5.99,0.00,33.99,New York,NY,10001,2024-05-02 06:32:19+00
2038,1140,2024-05-23 00:38:19+00,delivered,207.96,0.00,0.00,207.96,New York,NY,10001,2024-05-29 07:38:19+00
2039,1141,2024-12-04 18:01:15+00,processing,59.49,5.99,0.00,65.48,Chicago,IL,60601,
2040,1141,2025-01-10 05:18:15+00,delivered,49.99,5.99,0.00,55.98,Chicago,IL,60601,2025-01-16 06:18:15+00
2041,1141,2025-02-20 13:56:15+00,delivered,69.99,5.99,0.00,75.98,Chicago,IL,60601,2025-02-23 15:56:15+00
2042,1142,2025-01-30 09:56:35+00,processing,579.93,0.00,0.00,579.93,Denver,CO,80201,
2043,1143,2025-03-04 04:29:33+00,delivered,329.99,0.00,33.00,296.99,San Diego,CA,92101,2025-03-10 05:29:33+00
2044,1144,2025-07-20 02:24:39+00,delivered,94.99,0.00,0.00,94.99,Denver,CO,80201,2025-07-22 11:24:39+00
2045,1144,2025-09-09 09:09:39+00,pending,249.99,0.00,0.00,249.99,Denver,CO,80201,
2046,1145,2025-11-06 02:35:31+00,delivered,249.99,0.00,0.00,249.99,Seattle,WA,98101,2025-11-10 10:35:31+00
2047,1146,2025-11-04 09:20:32+00,delivered,179.97,0.00,0.00,179.97,Seattle,WA,98101,2025-11-07 14:20:32+00
2048,1146,2025-11-16 17:34:32+00,delivered,83.80,0.00,0.00,83.80,Seattle,WA,98101,2025-11-18 23:34:32+00
2049,1146,2025-12-04 19:22:32+00,delivered,39.95,5.99,0.00,45.94,Seattle,WA,98101,2025-12-10 03:22:32+00
2050,1146,2026-01-18 00:31:32+00,delivered,88.00,0.00,8.80,79.20,Seattle,WA,98101,2026-01-24 07:31:32+00
2051,1147,2024-02-25 22:30:41+00,delivered,122.99,0.00,0.00,122.99,San Antonio,TX,78201,2024-02-29 06:30:41+00
2052,1148,2025-07-07 10:12:35+00,delivered,287.20,0.00,0.00,287.20,Boston,MA,02101,2025-07-11 17:12:35+00
2053,1148,2025-07-12 20:10:35+00,delivered,262.98,0.00,26.30,236.68,Boston,MA,02101,2025-07-17 22:10:35+00
2054,1149,2024-07-18 23:03:05+00,delivered,369.96,0.00,0.00,369.96,Seattle,WA,98101,2024-07-21 09:03:05+00
2055,1149,2024-08-31 11:58:05+00,delivered,309.98,0.00,0.00,309.98,Seattle,WA,98101,2024-09-04 14:58:05+00
2056,1149,2024-10-24 16:01:05+00,delivered,24.99,5.99,0.00,30.98,Seattle,WA,98101,2024-10-27 19:01:05+00
2057,1150,2025-08-11 11:56:39+00,delivered,389.96,0.00,0.00,389.96,Miami,FL,33101,2025-08-15 12:56:39+00
2058,1151,2024-05-07 16:05:02+00,pending,249.97,0.00,0.00,249.97,New York,NY,10001,
2059,1151,2024-05-14 23:05:02+00,delivered,249.97,0.00,0.00,249.97,New York,NY,10001,2024-05-19 09:05:02+00
2060,1152,2025-06-23 14:07:14+00,delivered,601.17,0.00,0.00,601.17,Denver,CO,80201,2025-06-25 21:07:14+00
2061,1152,2025-07-24 23:34:14+00,cancelled,406.47,0.00,0.00,406.47,Denver,CO,80201,
2062,1152,2025-08-28 04:16:14+00,delivered,133.73,0.00,0.00,133.73,Denver,CO,80201,2025-08-30 14:16:14+00
2063,1152,2025-09-14 06:40:14+00,delivered,34.99,5.99,0.00,40.98,Denver,CO,80201,2025-09-17 08:40:14+00
2064,1153,2024-08-12 14:32:01+00,delivered,69.99,5.99,0.00,75.98,Boston,MA,02101,2024-08-14 15:32:01+00
2065,1153,2024-09-30 19:46:01+00,delivered,89.99,0.00,0.00,89.99,Boston,MA,02101,2024-10-05 02:46:01+00
2066,1153,2024-11-20 21:12:01+00,shipped,74.99,5.99,0.00,80.98,Boston,MA,02101,
2067,1153,2024-12-21 06:59:01+00,delivered,134.00,0.00,13.40,120.60,Boston,MA,02101,2024-12-25 12:59:01+00
2068,1154,2024-11-06 06:06:00+00,delivered,90.99,0.00,0.00,90.99,Charlotte,NC,28201,2024-11-12 15:06:00+00
2069,1155,2024-11-17 10:49:32+00,delivered,559.95,0.00,0.00,559.95,San Jose,CA,95101,2024-11-22 13:49:32+00
2070,1155,2025-01-08 23:43:32+00,delivered,281.97,0.00,0.00,281.97,San Jose,CA,95101,2025-01-14 09:43:32+00
2071,1155,2025-02-03 05:00:32+00,delivered,359.98,0.00,0.00,359.98,San Jose,CA,95101,2025-02-09 14:00:32+00
2072,1155,2025-02-11 12:51:32+00,pending,29.99,5.99,0.00,35.98,San Jose,CA,95101,
2073,1156,2024-03-13 02:33:25+00,delivered,68.00,5.99,0.00,73.99,Dallas,TX,75201,2024-03-17 06:33:25+00
2074,1157,2025-04-18 10:44:04+00,delivered,69.99,5.99,0.00,75.98,Houston,TX,77001,2025-04-23 17:44:04+00
2075,1157,2025-06-17 18:47:04+00,delivered,185.99,0.00,0.00,185.99,Houston,TX,77001,2025-06-21 20:47:04+00
2076,1157,2025-06-30 07:22:04+00,delivered,381.98,0.00,0.00,381.98,Houston,TX,77001,2025-07-06 10:22:04+00
2077,1158,2025-03-20 16:47:31+00,delivered,66.48,5.99,0.00,72.47,San Diego,CA,92101,2025-03-24 20:47:31+00
2078,1159,2024-01-14 09:20:17+00,delivered,159.99,0.00,16.00,143.99,Chicago,IL,60601,2024-01-20 16:20:17+00
2079,1159,2024-03-09 13:09:17+00,delivered,28.00,5.99,0.00,33.99,Chicago,IL,60601,2024-03-11 19:09:17+00
2080,1160,2025-07-01 03:40:20+00,delivered,399.99,0.00,0.00,399.99,Seattle,WA,98101,2025-07-07 10:40:20+00
2081,1160,2025-07-30 06:19:20+00,delivered,211.98,0.00,0.00,211.98,Seattle,WA,98101,2025-08-04 14:19:20+00
2082,1161,2024-05-10 11:34:56+00,delivered,228.21,0.00,0.00,228.21,Nashville,TN,37201,2024-05-15 17:34:56+00
2083,1162,2024-03-02 22:53:34+00,delivered,42.00,5.99,0.00,47.99,Phoenix,AZ,85001,2024-03-08 01:53:34+00
2084,1163,2025-02-07 07:06:22+00,shipped,327.98,0.00,0.00,327.98,Philadelphia,PA,19101,
2085,1164,2024-12-15 07:44:06+00,delivered,208.93,0.00,0.00,208.93,Seattle,WA,98101,2024-12-17 17:44:06+00
2086,1165,2025-02-01 05:09:51+00,shipped,280.49,0.00,0.00,280.49,Phoenix,AZ,85001,
2087,1166,2024-05-26 14:09:57+00,delivered,64.00,5.99,0.00,69.99,Houston,TX,77001,2024-06-01 22:09:57+00
2088,1167,2025-07-16 16:08:11+00,delivered,399.97,0.00,0.00,399.97,Chicago,IL,60601,2025-07-22 00:08:11+00
2089,1168,2025-01-22 17:32:26+00,delivered,179.98,0.00,0.00,179.98,Houston,TX,77001,2025-01-25 03:32:26+00
2090,1169,2025-10-21 20:20:40+00,shipped,199.96,0.00,20.00,179.96,Atlanta,GA,30301,
2091,1169,2025-11-03 05:31:40+00,cancelled,249.96,0.00,0.00,249.96,Atlanta,GA,30301,
2092,1169,2025-12-25 11:34:40+00,delivered,158.46,0.00,0.00,158.46,Atlanta,GA,30301,2025-12-28 15:34:40+00
2093,1170,2025-11-19 21:14:56+00,delivered,859.97,0.00,0.00,859.97,Atlanta,GA,30301,2025-11-25 07:14:56+00
2094,1171,2024-08-22 04:39:22+00,delivered,79.99,0.00,0.00,79.99,Phoenix,AZ,85001,2024-08-25 14:39:22+00
2095,1171,2024-08-28 15:22:22+00,delivered,579.98,0.00,0.00,579.98,Phoenix,AZ,85001,2024-09-04 01:22:22+00
2096,1172,2024-10-12 13:59:30+00,shipped,659.98,0.00,0.00,659.98,Atlanta,GA,30301,
2097,1173,2024-11-18 01:52:19+00,delivered,230.98,0.00,0.00,230.98,Houston,TX,77001,2024-11-20 08:52:19+00
2098,1173,2024-12-21 14:35:19+00,delivered,170.99,0.00,0.00,170.99,Houston,TX,77001,2024-12-25 22:35:19+00
2099,1174,2025-07-07 02:16:00+00,delivered,127.99,0.00,0.00,127.99,Charlotte,NC,28201,2025-07-12 05:16:00+00
2100,1175,2024-04-28 11:12:25+00,delivered,24.99,5.99,0.00,30.98,Phoenix,AZ,85001,2024-04-30 12:12:25+00
2101,1176,2024-10-12 13:52:48+00,delivered,229.98,0.00,0.00,229.98,Los Angeles,CA,90001,2024-10-15 17:52:48+00
2102,1177,2024-05-29 05:33:48+00,cancelled,597.97,0.00,0.00,597.97,Dallas,TX,75201,
2103,1177,2024-07-09 13:48:48+00,delivered,106.59,0.00,0.00,106.59,Dallas,TX,75201,2024-07-13 16:48:48+00
2104,1178,2025-02-18 05:01:11+00,delivered,23.80,5.99,0.00,29.79,Atlanta,GA,30301,2025-02-20 13:01:11+00
2105,1178,2025-04-07 14:03:11+00,returned,239.98,0.00,0.00,239.98,Atlanta,GA,30301,2025-04-11 14:03:11+00
2106,1179,2024-10-09 18:34:52+00,delivered,209.97,0.00,0.00,209.97,Austin,TX,73301,2024-10-14 19:34:52+00
2107,1180,2025-03-21 14:37:37+00,delivered,619.95,0.00,0.00,619.95,Seattle,WA,98101,2025-03-23 21:37:37+00
2108,1180,2025-04-20 23:36:37+00,delivered,32.00,5.99,0.00,37.99,Seattle,WA,98101,2025-04-26 08:36:37+00
2109,1180,2025-05-27 07:36:37+00,delivered,59.98,5.99,0.00,65.97,Seattle,WA,98101,2025-05-31 11:36:37+00
2110,1181,2025-10-14 03:55:25+00,shipped,99.99,0.00,0.00,99.99,San Jose,CA,95101,
2111,1181,2025-11-16 11:12:25+00,delivered,259.98,0.00,0.00,259.98,San Jose,CA,95101,2025-11-20 13:12:25+00
2112,1182,2025-06-20 01:04:04+00,delivered,234.98,0.00,0.00,234.98,San Jose,CA,95101,2025-06-24 06:04:04+00
2113,1182,2025-07-16 03:02:04+00,delivered,272.48,0.00,0.00,272.48,San Jose,CA,95101,2025-07-22 13:02:04+00
2114,1183,2024-06-26 12:48:25+00,delivered,124.99,0.00,0.00,124.99,Minneapolis,MN,55401,2024-06-28 13:48:25+00
2115,1183,2024-07-24 16:08:25+00,delivered,84.98,0.00,0.00,84.98,Minneapolis,MN,55401,2024-07-30 23:08:25+00
2116,1184,2024-06-12 05:15:43+00,delivered,97.48,0.00,0.00,97.48,San Antonio,TX,78201,2024-06-17 06:15:43+00
2117,1184,2024-06-27 17:40:43+00,delivered,299.97,0.00,0.00,299.97,San Antonio,TX,78201,2024-07-03 02:40:43+00
2118,1184,2024-07-27 06:25:43+00,delivered,189.98,0.00,0.00,189.98,San Antonio,TX,78201,2024-08-01 13:25:43+00
2119,1184,2024-09-24 12:09:43+00,delivered,225.99,0.00,0.00,225.99,San Antonio,TX,78201,2024-09-30 20:09:43+00
2120,1185,2024-04-19 15:19:18+00,delivered,49.99,5.99,0.00,55.98,Nashville,TN,37201,2024-04-23 23:19:18+00
2121,1186,2025-08-28 22:27:46+00,delivered,57.80,5.99,0.00,63.79,Portland,OR,97201,2025-08-31 23:27:46+00
2122,1187,2025-03-06 06:55:00+00,processing,69.99,5.99,0.00,75.98,Portland,OR,97201,
2123,1188,2024-04-04 07:21:48+00,processing,29.99,5.99,0.00,35.98,Chicago,IL,60601,
2124,1189,2025-02-09 09:49:19+00,delivered,49.98,5.99,0.00,55.97,Houston,TX,77001,2025-02-12 15:49:19+00
2125,1190,2024-06-15 15:26:25+00,shipped,479.95,0.00,0.00,479.95,Portland,OR,97201,
2126,1190,2024-07-18 19:23:25+00,delivered,85.47,0.00,0.00,85.47,Portland,OR,97201,2024-07-21 00:23:25+00
2127,1191,2025-09-03 01:24:28+00,delivered,98.78,0.00,0.00,98.78,New York,NY,10001,2025-09-05 08:24:28+00
2128,1191,2025-09-19 12:32:28+00,delivered,399.98,0.00,0.00,399.98,New York,NY,10001,2025-09-24 20:32:28+00
2129,1191,2025-09-27 00:25:28+00,delivered,67.49,5.99,0.00,73.48,New York,NY,10001,2025-10-03 07:25:28+00
2130,1192,2024-01-08 17:44:08+00,delivered,674.97,0.00,0.00,674.97,Boston,MA,02101,2024-01-14 23:44:08+00
2131,1193,2024-05-22 23:36:11+00,shipped,169.99,0.00,0.00,169.99,Charlotte,NC,28201,
2132,1194,2025-04-06 15:56:19+00,delivered,249.99,0.00,0.00,249.99,Los Angeles,CA,90001,2025-04-09 19:56:19+00
2133,1195,2024-03-19 02:23:01+00,shipped,369.97,0.00,0.00,369.97,Philadelphia,PA,19101,
2134,1196,2024-05-15 22:14:57+00,delivered,1039.96,0.00,0.00,1039.96,Dallas,TX,75201,2024-05-21 01:14:57+00
2135,1196,2024-07-10 09:45:57+00,delivered,179.99,0.00,0.00,179.99,Dallas,TX,75201,2024-07-13 10:45:57+00
2136,1197,2025-05-01 21:33:44+00,delivered,362.47,0.00,0.00,362.47,Minneapolis,MN,55401,2025-05-07 04:33:44+00
2137,1197,2025-05-22 03:46:44+00,delivered,449.96,0.00,0.00,449.96,Minneapolis,MN,55401,2025-05-26 09:46:44+00
2138,1197,2025-06-15 09:16:44+00,delivered,249.97,0.00,25.00,224.97,Minneapolis,MN,55401,2025-06-19 16:16:44+00
2139,1198,2025-08-31 15:21:24+00,delivered,152.99,0.00,15.30,137.69,Atlanta,GA,30301,2025-09-03 22:21:24+00
2140,1199,2025-09-23 17:28:09+00,delivered,29.99,5.99,0.00,35.98,San Diego,CA,92101,2025-09-26 20:28:09+00
2141,1200,2024-04-04 17:29:48+00,delivered,68.00,5.99,0.00,73.99,Minneapolis,MN,55401,2024-04-07 01:29:48+00
