order_item_id,order_id,product_id,quantity,unit_price,cost_price,item_discount
1,1,32,2,42.00,12.00,0.00
2,2,29,1,54.99,18.00,0.00
3,2,11,1,69.99,28.00,0.00
4,2,12,2,88.00,30.00,8.80
5,3,35,1,29.99,9.00,0.00
6,3,2,1,399.99,210.00,0.00
7,4,32,1,42.00,12.00,0.00
8,4,28,1,329.99,140.00,0.00
9,5,18,2,59.99,20.00,0.00
10,6,17,1,159.99,55.00,0.00
11,6,38,3,199.99,78.00,0.00
12,6,27,1,32.00,11.00,3.20
13,6,19,1,169.99,62.00,0.00
14,7,37,2,29.99,8.50,0.00
15,8,27,2,32.00,11.00,0.00
16,8,28,1,329.99,140.00,0.00
17,8,21,1,129.99,45.00,0.00
18,9,19,1,169.99,62.00,0.00
19,9,9,1,34.99,12.00,0.00
20,9,26,1,24.99,6.50,0.00
21,10,30,2,28.00,7.00,0.00
22,10,32,1,42.00,12.00,0.00
23,11,4,1,69.99,22.00,0.00
24,11,17,1,159.99,55.00,0.00
25,11,3,1,119.99,48.00,0.00
26,12,37,1,29.99,8.50,0.00
27,13,16,1,74.99,26.00,7.50
28,13,14,1,68.00,24.00,3.40
29,14,10,1,79.99,32.00,8.00
30,14,33,1,289.99,115.00,0.00
31,15,7,1,249.99,110.00,0.00
32,16,18,1,59.99,20.00,6.00
33,17,4,2,69.99,22.00,0.00
34,18,19,1,169.99,62.00,0.00
35,18,1,1,179.99,75.00,0.00
36,19,28,1,329.99,140.00,0.00
37,19,22,2,99.99,38.00,0.00
38,20,2,1,399.99,210.00,0.00
39,21,17,1,159.99,55.00,0.00
40,21,24,1,69.99,25.00,0.00
41,22,27,2,32.00,11.00,0.00
42,23,29,1,54.99,18.00,0.00
43,23,34,1,64.99,22.00,0.00
44,24,30,1,28.00,7.00,0.00
45,25,3,1,119.99,48.00,0.00
46,26,6,1,49.99,18.50,7.50
47,27,17,2,159.99,55.00,0.00
48,28,36,1,94.99,34.00,0.00
49,29,23,1,89.99,32.00,0.00
50,30,35,2,29.99,9.00,0.00
51,31,22,1,99.99,38.00,0.00
52,31,4,1,69.99,22.00,0.00
53,32,1,1,179.99,75.00,0.00
54,32,32,1,42.00,12.00,0.00
55,33,35,2,29.99,9.00,0.00
56,33,17,1,159.99,55.00,0.00
57,33,29,1,54.99,18.00,0.00
58,34,32,1,42.00,12.00,0.00
59,34,24,1,69.99,25.00,0.00
60,34,18,1,59.99,20.00,0.00
61,34,26,1,24.99,6.50,0.00
62,35,30,1,28.00,7.00,0.00
63,36,37,1,29.99,8.50,0.00
64,37,31,1,22.00,5.50,0.00
65,38,26,1,24.99,6.50,0.00
66,38,5,1,49.99,16.00,2.50
67,39,4,1,69.99,22.00,0.00
68,39,17,1,159.99,55.00,0.00
69,39,8,1,89.99,38.00,4.50
70,40,11,1,69.99,28.00,0.00
71,41,34,1,64.99,22.00,0.00
72,42,25,2,39.95,14.00,0.00
73,43,37,1,29.99,8.50,0.00
74,44,3,1,119.99,48.00,0.00
75,44,22,2,99.99,38.00,5.00
76,45,3,3,119.99,48.00,0.00
77,45,23,1,89.99,32.00,0.00
78,46,20,2,99.99,35.00,0.00
79,47,29,1,54.99,18.00,0.00
80,48,5,1,49.99,16.00,0.00
81,48,4,1,69.99,22.00,0.00
82,49,20,2,99.99,35.00,0.00
83,50,32,1,42.00,12.00,0.00
84,50,18,2,59.99,20.00,0.00
85,51,38,1,199.99,78.00,0.00
86,52,15,1,28.00,8.50,0.00
87,53,4,1,69.99,22.00,0.00
88,53,7,1,249.99,110.00,0.00
89,53,36,2,94.99,34.00,0.00
90,54,18,2,59.99,20.00,0.00
91,54,6,1,49.99,18.50,5.00
92,54,16,1,74.99,26.00,0.00
93,55,29,1,54.99,18.00,0.00
94,55,30,3,28.00,7.00,0.00
95,55,2,2,399.99,210.00,0.00
96,56,17,2,159.99,55.00,0.00
97,57,29,1,54.99,18.00,0.00
98,57,38,1,199.99,78.00,0.00
99,58,37,1,29.99,8.50,0.00
100,59,19,1,169.99,62.00,0.00
101,60,14,2,68.00,24.00,10.20
102,60,25,1,39.95,14.00,0.00
103,61,34,1,64.99,22.00,0.00
104,61,4,1,69.99,22.00,0.00
105,62,8,1,89.99,38.00,0.00
106,63,27,1,32.00,11.00,0.00
107,64,12,2,88.00,30.00,4.40
108,65,34,2,64.99,22.00,0.00
109,66,7,3,249.99,110.00,37.50
110,67,9,1,34.99,12.00,0.00
111,67,12,2,88.00,30.00,0.00
112,68,7,1,249.99,110.00,0.00
113,69,3,1,119.99,48.00,0.00
114,69,14,1,68.00,24.00,0.00
115,69,28,1,329.99,140.00,0.00
116,69,34,1,64.99,22.00,0.00
117,70,35,2,29.99,9.00,1.50
118,70,13,1,124.99,42.00,0.00
119,70,1,1,179.99,75.00,0.00
120,70,32,1,42.00,12.00,0.00
121,71,8,2,89.99,38.00,0.00
122,71,23,1,89.99,32.00,4.50
123,72,34,1,64.99,22.00,0.00
124,73,6,3,49.99,18.50,0.00
125,74,12,2,88.00,30.00,0.00
126,75,19,1,169.99,62.00,0.00
127,76,16,1,74.99,26.00,0.00
128,77,17,2,159.99,55.00,0.00
129,78,8,2,89.99,38.00,0.00
130,79,24,1,69.99,25.00,0.00
131,80,16,1,74.99,26.00,11.25
132,80,1,1,179.99,75.00,0.00
133,81,33,1,289.99,115.00,0.00
134,82,20,1,99.99,35.00,10.00
135,82,21,1,129.99,45.00,19.50
136,82,28,1,329.99,140.00,0.00
137,83,26,1,24.99,6.50,0.00
138,83,24,1,69.99,25.00,0.00
139,83,35,1,29.99,9.00,0.00
140,83,7,1,249.99,110.00,0.00
141,84,32,1,42.00,12.00,0.00
142,85,31,1,22.00,5.50,0.00
143,86,28,1,329.99,140.00,0.00
144,87,19,1,169.99,62.00,0.00
145,88,24,1,69.99,25.00,0.00
146,88,34,2,64.99,22.00,0.00
147,88,17,2,159.99,55.00,24.00
148,88,31,1,22.00,5.50,0.00
149,89,7,1,249.99,110.00,0.00
150,90,20,1,99.99,35.00,0.00
151,90,24,1,69.99,25.00,0.00
152,91,38,3,199.99,78.00,0.00
153,91,18,1,59.99,20.00,0.00
154,92,33,2,289.99,115.00,0.00
155,93,34,1,64.99,22.00,9.75
156,94,17,1,159.99,55.00,0.00
157,95,13,1,124.99,42.00,0.00
158,95,25,1,39.95,14.00,0.00
159,95,24,1,69.99,25.00,7.00
160,96,3,1,119.99,48.00,0.00
161,96,18,3,59.99,20.00,0.00
162,97,31,1,22.00,5.50,0.00
163,98,8,1,89.99,38.00,0.00
164,99,38,1,199.99,78.00,0.00
165,99,24,1,69.99,25.00,0.00
166,99,34,1,64.99,22.00,0.00
167,100,23,1,89.99,32.00,0.00
168,101,2,2,399.99,210.00,0.00
169,102,27,2,32.00,11.00,0.00
170,102,15,1,28.00,8.50,0.00
171,103,38,1,199.99,78.00,0.00
172,104,18,1,59.99,20.00,0.00
173,104,6,1,49.99,18.50,0.00
174,105,21,2,129.99,45.00,13.00
175,105,7,1,249.99,110.00,0.00
176,105,23,2,89.99,32.00,0.00
177,106,16,1,74.99,26.00,0.00
178,107,11,1,69.99,28.00,0.00
179,107,33,1,289.99,115.00,0.00
180,108,20,1,99.99,35.00,0.00
181,108,10,1,79.99,32.00,0.00
182,108,23,1,89.99,32.00,0.00
183,108,30,1,28.00,7.00,0.00
184,109,26,1,24.99,6.50,0.00
185,110,19,1,169.99,62.00,0.00
186,110,28,1,329.99,140.00,0.00
187,111,26,1,24.99,6.50,1.25
188,111,5,1,49.99,16.00,0.00
189,112,6,1,49.99,18.50,0.00
190,113,26,1,24.99,6.50,2.50
191,114,8,2,89.99,38.00,0.00
192,114,12,1,88.00,30.00,13.20
193,114,28,1,329.99,140.00,0.00
194,114,35,2,29.99,9.00,0.00
195,115,2,1,399.99,210.00,0.00
196,115,35,1,29.99,9.00,0.00
197,116,18,1,59.99,20.00,0.00
198,117,10,1,79.99,32.00,0.00
199,118,28,1,329.99,140.00,0.00
200,118,26,1,24.99,6.50,0.00
201,119,35,1,29.99,9.00,4.50
202,119,16,1,74.99,26.00,0.00
203,120,18,1,59.99,20.00,6.00
204,120,1,1,179.99,75.00,0.00
205,121,30,1,28.00,7.00,0.00
206,122,32,1,42.00,12.00,0.00
207,123,34,1,64.99,22.00,0.00
208,124,9,1,34.99,12.00,0.00
209,124,25,3,39.95,14.00,0.00
210,124,8,1,89.99,38.00,0.00
211,125,24,1,69.99,25.00,0.00
212,126,19,1,169.99,62.00,0.00
213,126,29,1,54.99,18.00,5.50
214,127,2,1,399.99,210.00,60.00
215,128,24,1,69.99,25.00,0.00
216,128,2,1,399.99,210.00,0.00
217,129,30,1,28.00,7.00,0.00
218,130,27,3,32.00,11.00,0.00
219,130,34,1,64.99,22.00,0.00
220,131,29,2,54.99,18.00,5.50
221,131,28,2,329.99,140.00,0.00
222,132,5,1,49.99,16.00,0.00
223,133,15,2,28.00,8.50,0.00
224,134,9,1,34.99,12.00,0.00
225,134,10,1,79.99,32.00,0.00
226,135,24,1,69.99,25.00,0.00
227,136,20,1,99.99,35.00,0.00
228,137,34,1,64.99,22.00,9.75
229,137,15,1,28.00,8.50,0.00
230,137,13,1,124.99,42.00,0.00
231,138,12,1,88.00,30.00,0.00
232,139,5,1,49.99,16.00,2.50
233,139,9,1,34.99,12.00,0.00
234,140,6,1,49.99,18.50,7.50
235,141,13,2,124.99,42.00,0.00
236,141,38,1,199.99,78.00,20.00
237,142,35,1,29.99,9.00,0.00
238,143,32,1,42.00,12.00,4.20
239,144,7,2,249.99,110.00,0.00
240,145,10,1,79.99,32.00,0.00
241,146,27,1,32.00,11.00,0.00
242,146,18,2,59.99,20.00,0.00
243,147,27,1,32.00,11.00,0.00
244,148,14,1,68.00,24.00,0.00
245,148,33,1,289.99,115.00,0.00
246,149,38,1,199.99,78.00,30.00
247,150,27,1,32.00,11.00,0.00
248,150,10,1,79.99,32.00,0.00
249,150,38,1,199.99,78.00,0.00
250,150,20,1,99.99,35.00,0.00
251,151,14,1,68.00,24.00,0.00
252,151,12,1,88.00,30.00,0.00
253,152,4,1,69.99,22.00,0.00
254,152,34,1,64.99,22.00,0.00
255,153,36,1,94.99,34.00,0.00
256,153,8,2,89.99,38.00,9.00
257,154,37,1,29.99,8.50,0.00
258,155,15,1,28.00,8.50,0.00
259,156,37,2,29.99,8.50,0.00
260,156,10,1,79.99,32.00,12.00
261,156,13,2,124.99,42.00,6.25
262,157,2,2,399.99,210.00,0.00
263,157,9,1,34.99,12.00,0.00
264,158,25,1,39.95,14.00,2.00
265,159,23,1,89.99,32.00,0.00
266,159,21,1,129.99,45.00,0.00
267,160,20,2,99.99,35.00,0.00
268,161,16,1,74.99,26.00,11.25
269,162,11,1,69.99,28.00,0.00
270,162,27,3,32.00,11.00,0.00
271,163,17,2,159.99,55.00,0.00
272,163,21,2,129.99,45.00,6.50
273,163,2,2,399.99,210.00,40.00
274,164,9,2,34.99,12.00,0.00
275,165,7,1,249.99,110.00,0.00
276,165,31,1,22.00,5.50,0.00
277,165,32,1,42.00,12.00,2.10
278,165,37,1,29.99,8.50,0.00
279,166,10,1,79.99,32.00,0.00
280,167,21,1,129.99,45.00,0.00
281,168,35,1,29.99,9.00,0.00
282,168,29,2,54.99,18.00,0.00
283,169,17,2,159.99,55.00,0.00
284,169,5,1,49.99,16.00,0.00
285,170,28,1,329.99,140.00,0.00
286,171,23,1,89.99,32.00,0.00
287,172,10,1,79.99,32.00,0.00
288,173,31,1,22.00,5.50,0.00
289,173,30,1,28.00,7.00,0.00
290,173,21,1,129.99,45.00,0.00
291,173,9,1,34.99,12.00,0.00
292,174,16,1,74.99,26.00,0.00
293,174,26,2,24.99,6.50,2.50
294,174,11,1,69.99,28.00,0.00
295,174,27,1,32.00,11.00,0.00
296,175,31,1,22.00,5.50,0.00
297,176,3,1,119.99,48.00,0.00
298,176,25,1,39.95,14.00,0.00
299,176,17,1,159.99,55.00,0.00
300,177,32,2,42.00,12.00,0.00
301,178,17,3,159.99,55.00,8.00
302,179,37,1,29.99,8.50,0.00
303,179,25,1,39.95,14.00,2.00
304,180,38,1,199.99,78.00,0.00
305,181,28,1,329.99,140.00,33.00
306,181,2,1,399.99,210.00,0.00
307,181,14,2,68.00,24.00,0.00
308,182,17,1,159.99,55.00,0.00
309,182,11,1,69.99,28.00,0.00
310,183,20,1,99.99,35.00,0.00
311,184,29,2,54.99,18.00,0.00
312,185,26,2,24.99,6.50,2.50
313,186,29,1,54.99,18.00,0.00
314,186,3,1,119.99,48.00,0.00
315,186,16,1,74.99,26.00,0.00
316,186,36,2,94.99,34.00,0.00
317,187,37,1,29.99,8.50,0.00
318,187,25,3,39.95,14.00,0.00
319,188,16,1,74.99,26.00,0.00
320,188,35,2,29.99,9.00,0.00
321,188,38,1,199.99,78.00,0.00
322,189,15,1,28.00,8.50,0.00
323,189,30,1,28.00,7.00,0.00
324,190,10,1,79.99,32.00,0.00
325,191,20,1,99.99,35.00,0.00
326,192,27,1,32.00,11.00,0.00
327,193,7,2,249.99,110.00,0.00
328,194,17,1,159.99,55.00,0.00
329,194,32,1,42.00,12.00,0.00
330,195,4,1,69.99,22.00,0.00
331,195,24,1,69.99,25.00,0.00
332,195,7,1,249.99,110.00,0.00
333,195,11,1,69.99,28.00,0.00
334,196,12,2,88.00,30.00,0.00
335,197,11,1,69.99,28.00,0.00
336,197,7,3,249.99,110.00,0.00
337,198,10,1,79.99,32.00,0.00
338,199,38,2,199.99,78.00,30.00
339,199,7,1,249.99,110.00,0.00
340,200,13,1,124.99,42.00,0.00
341,201,19,1,169.99,62.00,25.50
342,201,4,1,69.99,22.00,0.00
343,201,34,1,64.99,22.00,0.00
344,201,3,1,119.99,48.00,12.00
345,202,3,2,119.99,48.00,6.00
346,203,16,1,74.99,26.00,0.00
347,204,10,1,79.99,32.00,0.00
348,205,18,1,59.99,20.00,6.00
349,206,29,1,54.99,18.00,0.00
350,206,9,1,34.99,12.00,3.50
351,207,13,1,124.99,42.00,0.00
352,207,6,1,49.99,18.50,0.00
353,208,13,1,124.99,42.00,6.25
354,208,14,2,68.00,24.00,0.00
355,209,15,1,28.00,8.50,0.00
356,210,21,1,129.99,45.00,0.00
357,211,1,1,179.99,75.00,0.00
358,212,16,1,74.99,26.00,0.00
359,213,12,3,88.00,30.00,0.00
360,214,26,1,24.99,6.50,0.00
361,214,9,2,34.99,12.00,0.00
362,214,23,1,89.99,32.00,0.00
363,215,24,2,69.99,25.00,0.00
364,216,27,1,32.00,11.00,0.00
365,216,4,1,69.99,22.00,0.00
366,216,13,1,124.99,42.00,0.00
367,217,13,1,124.99,42.00,0.00
368,217,10,2,79.99,32.00,8.00
369,218,1,2,179.99,75.00,0.00
370,219,21,2,129.99,45.00,0.00
371,219,38,1,199.99,78.00,0.00
372,220,10,1,79.99,32.00,0.00
373,220,29,1,54.99,18.00,0.00
374,220,7,1,249.99,110.00,0.00
375,220,3,2,119.99,48.00,0.00
376,221,9,1,34.99,12.00,0.00
377,222,32,1,42.00,12.00,0.00
378,222,2,3,399.99,210.00,0.00
379,223,20,1,99.99,35.00,0.00
380,223,17,1,159.99,55.00,0.00
381,224,3,1,119.99,48.00,0.00
382,225,36,1,94.99,34.00,0.00
383,225,13,2,124.99,42.00,0.00
384,226,5,1,49.99,16.00,0.00
385,226,1,1,179.99,75.00,0.00
386,227,9,1,34.99,12.00,0.00
387,228,34,1,64.99,22.00,0.00
388,229,12,1,88.00,30.00,4.40
389,230,21,2,129.99,45.00,0.00
390,231,11,1,69.99,28.00,7.00
391,232,24,1,69.99,25.00,0.00
392,232,5,1,49.99,16.00,0.00
393,233,26,1,24.99,6.50,0.00
394,233,30,1,28.00,7.00,0.00
395,233,29,2,54.99,18.00,0.00
396,234,2,1,399.99,210.00,0.00
397,235,7,1,249.99,110.00,0.00
398,236,20,1,99.99,35.00,0.00
399,237,21,1,129.99,45.00,0.00
400,238,21,1,129.99,45.00,0.00
401,238,37,2,29.99,8.50,0.00
402,238,15,1,28.00,8.50,0.00
403,239,25,2,39.95,14.00,0.00
404,240,10,2,79.99,32.00,0.00
405,241,8,1,89.99,38.00,0.00
406,241,19,1,169.99,62.00,0.00
407,242,27,1,32.00,11.00,0.00
408,243,30,1,28.00,7.00,0.00
409,243,18,1,59.99,20.00,3.00
410,243,13,1,124.99,42.00,0.00
411,244,37,1,29.99,8.50,0.00
412,245,23,1,89.99,32.00,0.00
413,245,22,1,99.99,38.00,0.00
414,246,29,1,54.99,18.00,0.00
415,246,11,1,69.99,28.00,0.00
416,247,15,2,28.00,8.50,0.00
417,248,27,1,32.00,11.00,4.80
418,249,35,1,29.99,9.00,0.00
419,250,17,1,159.99,55.00,0.00
420,251,14,2,68.00,24.00,0.00
421,251,13,1,124.99,42.00,0.00
422,252,22,1,99.99,38.00,0.00
423,252,14,1,68.00,24.00,0.00
424,253,7,2,249.99,110.00,0.00
425,254,24,1,69.99,25.00,0.00
426,255,2,1,399.99,210.00,20.00
427,255,31,1,22.00,5.50,0.00
428,255,12,1,88.00,30.00,0.00
429,256,1,1,179.99,75.00,9.00
430,257,13,3,124.99,42.00,18.75
431,257,16,2,74.99,26.00,0.00
432,257,29,3,54.99,18.00,0.00
433,257,1,1,179.99,75.00,0.00
434,258,21,1,129.99,45.00,0.00
435,259,28,1,329.99,140.00,0.00
436,260,10,1,79.99,32.00,0.00
437,261,33,1,289.99,115.00,0.00
438,261,35,1,29.99,9.00,0.00
439,261,3,2,119.99,48.00,0.00
440,262,26,1,24.99,6.50,0.00
441,263,26,1,24.99,6.50,0.00
442,264,23,1,89.99,32.00,13.50
443,265,23,1,89.99,32.00,0.00
444,266,25,1,39.95,14.00,0.00
445,266,3,1,119.99,48.00,0.00
446,266,32,1,42.00,12.00,0.00
447,266,6,1,49.99,18.50,0.00
448,267,33,1,289.99,115.00,0.00
449,268,19,1,169.99,62.00,0.00
450,268,11,1,69.99,28.00,0.00
451,268,3,2,119.99,48.00,0.00
452,269,15,1,28.00,8.50,0.00
453,270,29,1,54.99,18.00,0.00
454,270,32,1,42.00,12.00,0.00
455,271,16,2,74.99,26.00,0.00
456,272,12,1,88.00,30.00,4.40
457,273,9,1,34.99,12.00,0.00
458,274,9,2,34.99,12.00,1.75
459,275,24,1,69.99,25.00,0.00
460,276,5,1,49.99,16.00,0.00
461,277,25,2,39.95,14.00,0.00
462,278,35,1,29.99,9.00,0.00
463,278,34,2,64.99,22.00,0.00
464,278,5,1,49.99,16.00,0.00
465,278,17,1,159.99,55.00,0.00
466,279,19,1,169.99,62.00,0.00
467,279,13,1,124.99,42.00,0.00
468,280,31,1,22.00,5.50,0.00
469,281,36,1,94.99,34.00,0.00
470,282,4,2,69.99,22.00,0.00
471,282,3,1,119.99,48.00,0.00
472,283,18,1,59.99,20.00,0.00
473,283,19,1,169.99,62.00,0.00
474,283,28,1,329.99,140.00,0.00
475,283,16,1,74.99,26.00,0.00
476,284,18,1,59.99,20.00,0.00
477,284,32,1,42.00,12.00,0.00
478,285,25,1,39.95,14.00,2.00
479,285,29,1,54.99,18.00,0.00
480,286,32,1,42.00,12.00,6.30
481,286,28,1,329.99,140.00,0.00
482,286,34,1,64.99,22.00,0.00
483,287,19,2,169.99,62.00,0.00
484,288,24,1,69.99,25.00,0.00
485,288,25,1,39.95,14.00,0.00
486,289,24,1,69.99,25.00,0.00
487,289,4,1,69.99,22.00,0.00
488,289,15,1,28.00,8.50,0.00
489,289,6,1,49.99,18.50,2.50
490,290,12,1,88.00,30.00,0.00
491,291,12,1,88.00,30.00,0.00
492,291,10,2,79.99,32.00,0.00
493,292,9,1,34.99,12.00,0.00
494,293,25,1,39.95,14.00,0.00
495,294,37,2,29.99,8.50,0.00
496,294,26,1,24.99,6.50,0.00
497,295,13,2,124.99,42.00,0.00
498,296,2,2,399.99,210.00,0.00
499,297,7,1,249.99,110.00,0.00
500,297,19,1,169.99,62.00,0.00
501,297,24,1,69.99,25.00,0.00
502,298,11,1,69.99,28.00,0.00
503,298,1,1,179.99,75.00,9.00
504,298,7,1,249.99,110.00,0.00
505,299,29,1,54.99,18.00,0.00
506,299,32,1,42.00,12.00,0.00
507,300,13,1,124.99,42.00,0.00
508,301,5,1,49.99,16.00,7.50
509,302,24,3,69.99,25.00,0.00
510,302,31,1,22.00,5.50,0.00
511,303,16,2,74.99,26.00,0.00
512,303,15,1,28.00,8.50,0.00
513,304,36,2,94.99,34.00,0.00
514,304,15,3,28.00,8.50,0.00
515,305,16,1,74.99,26.00,0.00
516,306,16,1,74.99,26.00,0.00
517,307,21,1,129.99,45.00,0.00
518,308,1,1,179.99,75.00,0.00
519,308,31,1,22.00,5.50,0.00
520,308,12,2,88.00,30.00,0.00
521,308,3,1,119.99,48.00,12.00
522,309,38,1,199.99,78.00,0.00
523,310,3,2,119.99,48.00,0.00
524,310,26,1,24.99,6.50,0.00
525,311,38,2,199.99,78.00,20.00
526,312,14,2,68.00,24.00,0.00
527,313,21,1,129.99,45.00,0.00
528,314,32,2,42.00,12.00,0.00
529,315,1,1,179.99,75.00,0.00
530,316,18,1,59.99,20.00,0.00
531,316,34,1,64.99,22.00,0.00
532,317,30,1,28.00,7.00,0.00
533,317,3,3,119.99,48.00,12.00
534,317,19,2,169.99,62.00,0.00
535,317,22,1,99.99,38.00,0.00
536,318,17,1,159.99,55.00,0.00
537,319,32,1,42.00,12.00,0.00
538,319,38,1,199.99,78.00,10.00
539,320,16,2,74.99,26.00,3.75
540,321,36,2,94.99,34.00,4.75
541,321,5,1,49.99,16.00,0.00
542,321,10,2,79.99,32.00,0.00
543,321,8,1,89.99,38.00,0.00
544,322,6,1,49.99,18.50,0.00
545,323,35,1,29.99,9.00,0.00
546,324,31,2,22.00,5.50,0.00
547,325,13,1,124.99,42.00,0.00
548,326,7,1,249.99,110.00,0.00
549,327,21,1,129.99,45.00,0.00
550,327,16,1,74.99,26.00,0.00
551,328,24,1,69.99,25.00,0.00
552,328,5,1,49.99,16.00,0.00
553,328,32,1,42.00,12.00,2.10
554,328,20,2,99.99,35.00,0.00
555,329,36,2,94.99,34.00,0.00
556,330,3,1,119.99,48.00,0.00
557,330,20,1,99.99,35.00,5.00
558,330,27,2,32.00,11.00,0.00
559,331,16,1,74.99,26.00,0.00
560,331,6,1,49.99,18.50,0.00
561,331,22,1,99.99,38.00,5.00
562,332,18,2,59.99,20.00,0.00
563,332,37,1,29.99,8.50,0.00
564,333,19,1,169.99,62.00,0.00
565,333,18,1,59.99,20.00,0.00
566,333,16,1,74.99,26.00,3.75
567,334,14,1,68.00,24.00,3.40
568,335,8,2,89.99,38.00,0.00
569,336,16,1,74.99,26.00,0.00
570,336,32,1,42.00,12.00,0.00
571,336,18,2,59.99,20.00,0.00
572,337,23,1,89.99,32.00,0.00
573,337,20,1,99.99,35.00,0.00
574,338,10,1,79.99,32.00,0.00
575,339,7,1,249.99,110.00,0.00
576,340,32,1,42.00,12.00,6.30
577,340,34,2,64.99,22.00,0.00
578,340,1,1,179.99,75.00,0.00
579,341,26,1,24.99,6.50,0.00
580,342,16,1,74.99,26.00,0.00
581,343,27,1,32.00,11.00,0.00
582,344,38,1,199.99,78.00,0.00
583,345,35,1,29.99,9.00,0.00
584,345,16,1,74.99,26.00,0.00
585,346,37,1,29.99,8.50,0.00
586,346,18,2,59.99,20.00,0.00
587,347,15,1,28.00,8.50,0.00
588,347,3,1,119.99,48.00,12.00
589,348,20,2,99.99,35.00,0.00
590,349,27,1,32.00,11.00,0.00
591,349,7,1,249.99,110.00,0.00
592,350,14,2,68.00,24.00,0.00
593,351,26,1,24.99,6.50,0.00
594,351,38,1,199.99,78.00,0.00
595,352,12,1,88.00,30.00,0.00
596,353,35,1,29.99,9.00,0.00
597,354,11,2,69.99,28.00,0.00
598,355,8,2,89.99,38.00,0.00
599,356,3,1,119.99,48.00,12.00
600,356,21,1,129.99,45.00,6.50
601,357,18,1,59.99,20.00,0.00
602,358,36,1,94.99,34.00,0.00
603,359,8,1,89.99,38.00,0.00
604,359,26,2,24.99,6.50,0.00
605,360,16,1,74.99,26.00,0.00
606,360,34,1,64.99,22.00,6.50
607,360,13,1,124.99,42.00,0.00
608,361,2,1,399.99,210.00,0.00
609,362,3,2,119.99,48.00,0.00
610,363,15,1,28.00,8.50,0.00
611,364,18,2,59.99,20.00,0.00
612,365,18,1,59.99,20.00,0.00
613,366,34,1,64.99,22.00,0.00
614,367,8,1,89.99,38.00,0.00
615,368,3,2,119.99,48.00,0.00
616,368,5,1,49.99,16.00,0.00
617,368,6,1,49.99,18.50,0.00
618,369,2,1,399.99,210.00,0.00
619,369,38,1,199.99,78.00,30.00
620,370,8,2,89.99,38.00,0.00
621,370,27,1,32.00,11.00,0.00
622,371,35,1,29.99,9.00,0.00
623,372,29,1,54.99,18.00,0.00
624,373,3,1,119.99,48.00,18.00
625,374,30,1,28.00,7.00,0.00
626,375,37,1,29.99,8.50,0.00
627,376,36,1,94.99,34.00,0.00
628,377,4,1,69.99,22.00,0.00
629,377,7,1,249.99,110.00,0.00
630,378,29,2,54.99,18.00,0.00
631,378,17,1,159.99,55.00,0.00
632,378,38,2,199.99,78.00,0.00
633,379,30,2,28.00,7.00,0.00
634,379,6,1,49.99,18.50,0.00
635,380,7,1,249.99,110.00,25.00
636,380,12,1,88.00,30.00,0.00
637,380,15,2,28.00,8.50,0.00
638,381,14,1,68.00,24.00,0.00
639,382,8,1,89.99,38.00,0.00
640,382,10,1,79.99,32.00,0.00
641,382,37,1,29.99,8.50,0.00
642,383,14,1,68.00,24.00,0.00
643,383,1,1,179.99,75.00,0.00
644,384,26,1,24.99,6.50,0.00
645,384,35,2,29.99,9.00,0.00
646,385,33,1,289.99,115.00,0.00
647,385,28,1,329.99,140.00,0.00
648,386,2,2,399.99,210.00,0.00
649,386,4,1,69.99,22.00,0.00
650,387,27,1,32.00,11.00,0.00
651,387,10,1,79.99,32.00,8.00
652,387,4,1,69.99,22.00,0.00
653,388,23,1,89.99,32.00,9.00
654,388,2,1,399.99,210.00,0.00
655,389,34,1,64.99,22.00,0.00
656,390,26,1,24.99,6.50,0.00
657,391,8,1,89.99,38.00,0.00
658,392,4,1,69.99,22.00,0.00
659,393,17,2,159.99,55.00,0.00
660,394,11,1,69.99,28.00,0.00
661,395,22,2,99.99,38.00,0.00
662,395,32,1,42.00,12.00,0.00
663,396,15,1,28.00,8.50,0.00
664,397,4,1,69.99,22.00,0.00
665,398,11,1,69.99,28.00,0.00
666,399,17,1,159.99,55.00,24.00
667,399,26,2,24.99,6.50,0.00
668,399,37,3,29.99,8.50,4.50
669,400,35,1,29.99,9.00,0.00
670,401,17,1,159.99,55.00,0.00
671,402,12,1,88.00,30.00,0.00
672,403,25,2,39.95,14.00,0.00
673,404,33,2,289.99,115.00,43.50
674,404,32,1,42.00,12.00,0.00
675,404,10,1,79.99,32.00,0.00
676,405,25,1,39.95,14.00,0.00
677,406,22,1,99.99,38.00,0.00
678,406,24,1,69.99,25.00,0.00
679,407,18,2,59.99,20.00,0.00
680,407,26,2,24.99,6.50,0.00
681,408,22,1,99.99,38.00,0.00
682,409,33,1,289.99,115.00,0.00
683,410,19,1,169.99,62.00,0.00
684,410,17,1,159.99,55.00,24.00
685,411,24,1,69.99,25.00,0.00
686,412,28,1,329.99,140.00,0.00
687,413,6,1,49.99,18.50,0.00
688,413,3,2,119.99,48.00,18.00
689,413,23,1,89.99,32.00,0.00
690,413,12,1,88.00,30.00,0.00
691,414,11,2,69.99,28.00,0.00
692,415,27,1,32.00,11.00,0.00
693,415,29,2,54.99,18.00,8.25
694,416,24,2,69.99,25.00,0.00
695,417,3,1,119.99,48.00,0.00
696,418,5,1,49.99,16.00,0.00
697,418,14,1,68.00,24.00,0.00
698,418,1,1,179.99,75.00,0.00
699,419,29,1,54.99,18.00,0.00
700,420,13,1,124.99,42.00,0.00
701,420,5,2,49.99,16.00,0.00
702,421,31,1,22.00,5.50,0.00
703,422,21,1,129.99,45.00,0.00
704,422,10,1,79.99,32.00,0.00
705,422,6,2,49.99,18.50,0.00
706,423,12,1,88.00,30.00,0.00
707,423,5,1,49.99,16.00,0.00
708,424,14,1,68.00,24.00,0.00
709,424,27,1,32.00,11.00,0.00
710,424,11,1,69.99,28.00,0.00
711,424,7,1,249.99,110.00,0.00
712,425,36,2,94.99,34.00,0.00
713,426,26,1,24.99,6.50,0.00
714,427,8,1,89.99,38.00,0.00
715,428,30,2,28.00,7.00,0.00
716,429,9,1,34.99,12.00,0.00
717,430,3,2,119.99,48.00,0.00
718,431,14,1,68.00,24.00,0.00
719,432,20,1,99.99,35.00,0.00
720,433,14,2,68.00,24.00,0.00
721,434,6,1,49.99,18.50,0.00
722,434,20,2,99.99,35.00,0.00
723,435,8,1,89.99,38.00,4.50
724,436,12,1,88.00,30.00,0.00
725,437,14,1,68.00,24.00,0.00
726,438,2,2,399.99,210.00,0.00
727,439,24,1,69.99,25.00,0.00
728,439,23,1,89.99,32.00,0.00
729,440,35,1,29.99,9.00,0.00
730,441,18,1,59.99,20.00,0.00
731,441,4,1,69.99,22.00,0.00
732,442,7,1,249.99,110.00,0.00
733,442,22,1,99.99,38.00,0.00
734,443,26,1,24.99,6.50,0.00
735,443,32,1,42.00,12.00,0.00
736,444,12,2,88.00,30.00,0.00
737,445,8,1,89.99,38.00,0.00
738,445,33,2,289.99,115.00,0.00
739,446,7,2,249.99,110.00,0.00
740,447,22,3,99.99,38.00,0.00
741,447,6,1,49.99,18.50,0.00
742,448,29,1,54.99,18.00,0.00
743,448,28,1,329.99,140.00,0.00
744,449,26,1,24.99,6.50,0.00
745,449,28,1,329.99,140.00,0.00
746,449,10,1,79.99,32.00,0.00
747,450,38,1,199.99,78.00,0.00
748,451,37,2,29.99,8.50,0.00
749,452,33,2,289.99,115.00,0.00
750,452,3,2,119.99,48.00,0.00
751,453,27,1,32.00,11.00,0.00
752,453,25,1,39.95,14.00,0.00
753,454,21,1,129.99,45.00,0.00
754,454,28,1,329.99,140.00,0.00
755,454,12,1,88.00,30.00,0.00
756,455,28,2,329.99,140.00,0.00
757,456,27,1,32.00,11.00,0.00
758,457,35,1,29.99,9.00,0.00
759,457,6,1,49.99,18.50,0.00
760,457,16,1,74.99,26.00,0.00
761,458,35,2,29.99,9.00,0.00
762,458,33,2,289.99,115.00,0.00
763,458,38,3,199.99,78.00,0.00
764,458,19,2,169.99,62.00,0.00
765,459,33,1,289.99,115.00,14.50
766,459,24,1,69.99,25.00,7.00
767,459,29,1,54.99,18.00,0.00
768,459,1,2,179.99,75.00,0.00
769,460,33,1,289.99,115.00,0.00
770,460,10,1,79.99,32.00,0.00
771,461,6,1,49.99,18.50,0.00
772,461,38,1,199.99,78.00,0.00
773,461,28,1,329.99,140.00,0.00
774,462,26,1,24.99,6.50,3.75
775,462,12,2,88.00,30.00,0.00
776,463,5,1,49.99,16.00,0.00
777,464,15,1,28.00,8.50,0.00
778,464,18,1,59.99,20.00,0.00
779,464,35,1,29.99,9.00,0.00
780,464,26,1,24.99,6.50,0.00
781,465,16,1,74.99,26.00,0.00
782,465,23,1,89.99,32.00,0.00
783,466,16,1,74.99,26.00,0.00
784,467,18,2,59.99,20.00,0.00
785,468,37,1,29.99,8.50,0.00
786,469,35,1,29.99,9.00,0.00
787,469,3,1,119.99,48.00,0.00
788,470,17,1,159.99,55.00,0.00
789,470,35,1,29.99,9.00,0.00
790,471,20,1,99.99,35.00,0.00
791,472,12,2,88.00,30.00,0.00
792,472,4,3,69.99,22.00,0.00
793,473,21,1,129.99,45.00,0.00
794,474,37,1,29.99,8.50,4.50
795,475,1,2,179.99,75.00,0.00
796,476,20,3,99.99,35.00,0.00
797,476,21,1,129.99,45.00,0.00
798,477,22,1,99.99,38.00,0.00
799,477,19,1,169.99,62.00,0.00
800,478,10,1,79.99,32.00,0.00
801,479,25,1,39.95,14.00,0.00
802,479,2,1,399.99,210.00,40.00
803,480,35,1,29.99,9.00,0.00
804,481,23,1,89.99,32.00,0.00
805,482,8,2,89.99,38.00,13.50
806,483,36,1,94.99,34.00,0.00
807,484,17,1,159.99,55.00,0.00
808,485,13,1,124.99,42.00,0.00
809,485,5,1,49.99,16.00,0.00
810,486,26,2,24.99,6.50,0.00
811,487,11,2,69.99,28.00,0.00
812,488,13,1,124.99,42.00,0.00
813,489,20,2,99.99,35.00,0.00
814,489,1,2,179.99,75.00,0.00
815,489,3,1,119.99,48.00,0.00
816,490,17,1,159.99,55.00,0.00
817,490,28,1,329.99,140.00,49.50
818,490,4,1,69.99,22.00,0.00
819,490,35,2,29.99,9.00,4.50
820,491,33,1,289.99,115.00,0.00
821,492,21,1,129.99,45.00,0.00
822,493,35,1,29.99,9.00,1.50
823,493,25,2,39.95,14.00,0.00
824,493,17,1,159.99,55.00,0.00
825,494,4,2,69.99,22.00,0.00
826,494,37,1,29.99,8.50,0.00
827,494,36,1,94.99,34.00,0.00
828,495,2,1,399.99,210.00,0.00
829,496,13,1,124.99,42.00,6.25
830,496,24,2,69.99,25.00,0.00
831,497,36,1,94.99,34.00,0.00
832,498,2,2,399.99,210.00,0.00
833,498,30,1,28.00,7.00,0.00
834,499,25,1,39.95,14.00,2.00
835,500,29,1,54.99,18.00,8.25
836,501,35,1,29.99,9.00,0.00
837,502,37,1,29.99,8.50,0.00
838,503,5,1,49.99,16.00,0.00
839,504,1,1,179.99,75.00,9.00
840,505,33,1,289.99,115.00,0.00
841,506,5,1,49.99,16.00,0.00
842,507,38,1,199.99,78.00,30.00
843,508,19,1,169.99,62.00,0.00
844,509,24,1,69.99,25.00,10.50
845,510,4,1,69.99,22.00,0.00
846,511,32,1,42.00,12.00,0.00
847,512,35,2,29.99,9.00,0.00
848,513,24,3,69.99,25.00,0.00
849,514,29,1,54.99,18.00,5.50
850,514,4,1,69.99,22.00,0.00
851,514,37,1,29.99,8.50,3.00
852,515,15,2,28.00,8.50,0.00
853,515,10,1,79.99,32.00,0.00
854,516,33,3,289.99,115.00,0.00
855,516,10,1,79.99,32.00,0.00
856,517,12,1,88.00,30.00,0.00
857,518,10,1,79.99,32.00,8.00
858,519,33,1,289.99,115.00,0.00
859,519,13,2,124.99,42.00,0.00
860,519,36,3,94.99,34.00,0.00
861,520,4,1,69.99,22.00,0.00
862,520,26,1,24.99,6.50,0.00
863,520,24,1,69.99,25.00,0.00
864,521,7,2,249.99,110.00,0.00
865,521,6,1,49.99,18.50,0.00
866,521,30,1,28.00,7.00,0.00
867,522,15,1,28.00,8.50,0.00
868,523,4,1,69.99,22.00,0.00
869,524,22,1,99.99,38.00,10.00
870,524,3,1,119.99,48.00,0.00
871,525,5,3,49.99,16.00,0.00
872,525,4,1,69.99,22.00,0.00
873,525,1,1,179.99,75.00,0.00
874,526,20,1,99.99,35.00,0.00
875,527,24,1,69.99,25.00,7.00
876,528,36,1,94.99,34.00,0.00
877,528,4,1,69.99,22.00,10.50
878,528,5,2,49.99,16.00,0.00
879,529,24,1,69.99,25.00,0.00
880,529,15,1,28.00,8.50,0.00
881,530,30,1,28.00,7.00,0.00
882,531,3,1,119.99,48.00,0.00
883,532,25,1,39.95,14.00,0.00
884,533,37,1,29.99,8.50,0.00
885,534,3,1,119.99,48.00,0.00
886,535,9,1,34.99,12.00,0.00
887,535,1,2,179.99,75.00,0.00
888,535,29,2,54.99,18.00,2.75
889,536,24,1,69.99,25.00,3.50
890,536,37,1,29.99,8.50,0.00
891,537,31,1,22.00,5.50,0.00
892,537,35,1,29.99,9.00,0.00
893,537,14,2,68.00,24.00,0.00
894,538,12,1,88.00,30.00,0.00
895,539,18,1,59.99,20.00,0.00
896,540,1,1,179.99,75.00,0.00
897,540,9,1,34.99,12.00,0.00
898,541,22,2,99.99,38.00,0.00
899,542,30,1,28.00,7.00,0.00
900,543,5,1,49.99,16.00,0.00
901,544,35,2,29.99,9.00,3.00
902,545,27,1,32.00,11.00,0.00
903,545,26,2,24.99,6.50,3.75
904,545,30,2,28.00,7.00,0.00
905,545,3,1,119.99,48.00,0.00
906,546,13,1,124.99,42.00,0.00
907,546,15,1,28.00,8.50,0.00
908,547,27,1,32.00,11.00,0.00
909,548,32,2,42.00,12.00,0.00
910,549,25,1,39.95,14.00,0.00
911,549,17,2,159.99,55.00,0.00
912,550,16,1,74.99,26.00,0.00
913,550,5,2,49.99,16.00,0.00
914,551,18,1,59.99,20.00,0.00
915,551,32,1,42.00,12.00,0.00
916,552,16,1,74.99,26.00,0.00
917,553,18,1,59.99,20.00,0.00
918,554,22,1,99.99,38.00,0.00
919,555,18,1,59.99,20.00,0.00
920,556,20,2,99.99,35.00,0.00
921,556,21,2,129.99,45.00,0.00
922,557,34,2,64.99,22.00,0.00
923,558,21,1,129.99,45.00,0.00
924,558,11,1,69.99,28.00,0.00
925,559,13,1,124.99,42.00,0.00
926,560,21,1,129.99,45.00,0.00
927,561,34,1,64.99,22.00,3.25
928,562,13,1,124.99,42.00,0.00
929,562,8,1,89.99,38.00,0.00
930,563,10,1,79.99,32.00,0.00
931,564,23,1,89.99,32.00,0.00
932,564,14,2,68.00,24.00,0.00
933,564,16,1,74.99,26.00,0.00
934,564,10,1,79.99,32.00,0.00
935,565,6,1,49.99,18.50,0.00
936,566,1,1,179.99,75.00,0.00
937,567,32,2,42.00,12.00,0.00
938,567,28,1,329.99,140.00,0.00
939,567,17,2,159.99,55.00,8.00
940,567,35,3,29.99,9.00,0.00
941,568,37,1,29.99,8.50,0.00
942,568,10,1,79.99,32.00,0.00
943,569,22,2,99.99,38.00,0.00
944,569,14,2,68.00,24.00,0.00
945,569,24,1,69.99,25.00,0.00
946,569,4,1,69.99,22.00,0.00
947,570,21,1,129.99,45.00,0.00
948,571,4,1,69.99,22.00,0.00
949,572,17,1,159.99,55.00,0.00
950,573,18,1,59.99,20.00,0.00
951,574,1,2,179.99,75.00,9.00
952,575,35,1,29.99,9.00,0.00
953,576,12,1,88.00,30.00,8.80
954,576,9,1,34.99,12.00,0.00
955,576,29,1,54.99,18.00,0.00
956,576,25,1,39.95,14.00,0.00
957,577,25,1,39.95,14.00,0.00
958,578,38,1,199.99,78.00,0.00
959,579,4,1,69.99,22.00,0.00
960,580,29,1,54.99,18.00,0.00
961,581,3,1,119.99,48.00,0.00
962,581,2,1,399.99,210.00,0.00
963,581,27,1,32.00,11.00,0.00
964,582,24,1,69.99,25.00,0.00
965,583,36,2,94.99,34.00,0.00
966,583,37,1,29.99,8.50,0.00
967,584,15,2,28.00,8.50,0.00
968,584,20,1,99.99,35.00,15.00
969,584,17,2,159.99,55.00,0.00
970,585,18,1,59.99,20.00,0.00
971,585,27,1,32.00,11.00,0.00
972,586,18,1,59.99,20.00,3.00
973,586,7,3,249.99,110.00,0.00
974,587,38,1,199.99,78.00,0.00
975,588,23,2,89.99,32.00,0.00
976,588,7,2,249.99,110.00,0.00
977,588,9,1,34.99,12.00,0.00
978,589,24,1,69.99,25.00,0.00
979,590,9,1,34.99,12.00,0.00
980,591,29,1,54.99,18.00,0.00
981,592,10,2,79.99,32.00,0.00
982,592,37,1,29.99,8.50,4.50
983,593,21,1,129.99,45.00,0.00
984,594,12,1,88.00,30.00,0.00
985,595,7,1,249.99,110.00,12.50
986,595,14,1,68.00,24.00,0.00
987,596,28,1,329.99,140.00,0.00
988,597,12,2,88.00,30.00,0.00
989,598,3,1,119.99,48.00,0.00
990,598,9,2,34.99,12.00,0.00
991,599,24,1,69.99,25.00,0.00
992,600,27,1,32.00,11.00,0.00
993,600,7,2,249.99,110.00,0.00
994,601,31,1,22.00,5.50,0.00
995,602,22,1,99.99,38.00,0.00
996,602,25,1,39.95,14.00,0.00
997,603,6,1,49.99,18.50,7.50
998,604,32,2,42.00,12.00,0.00
999,604,19,1,169.99,62.00,0.00
1000,604,3,1,119.99,48.00,0.00
1001,605,25,1,39.95,14.00,0.00
1002,605,17,1,159.99,55.00,0.00
1003,605,16,1,74.99,26.00,7.50
1004,606,1,2,179.99,75.00,0.00
1005,606,35,1,29.99,9.00,0.00
1006,607,25,1,39.95,14.00,4.00
1007,607,33,1,289.99,115.00,0.00
1008,608,27,1,32.00,11.00,0.00
1009,608,15,1,28.00,8.50,0.00
1010,609,6,1,49.99,18.50,0.00
1011,610,27,1,32.00,11.00,0.00
1012,611,19,1,169.99,62.00,0.00
1013,612,37,1,29.99,8.50,0.00
1014,613,5,1,49.99,16.00,0.00
1015,614,1,1,179.99,75.00,0.00
1016,615,25,1,39.95,14.00,0.00
1017,616,19,1,169.99,62.00,0.00
1018,616,26,1,24.99,6.50,0.00
1019,617,17,1,159.99,55.00,0.00
1020,618,27,1,32.00,11.00,0.00
1021,619,15,2,28.00,8.50,0.00
1022,620,1,1,179.99,75.00,0.00
1023,620,21,1,129.99,45.00,0.00
1024,620,3,1,119.99,48.00,0.00
1025,621,11,2,69.99,28.00,0.00
1026,621,30,2,28.00,7.00,0.00
1027,622,27,1,32.00,11.00,0.00
1028,622,6,2,49.99,18.50,0.00
1029,623,5,1,49.99,16.00,0.00
1030,624,2,3,399.99,210.00,0.00
1031,624,26,1,24.99,6.50,0.00
1032,625,18,1,59.99,20.00,3.00
1033,626,35,1,29.99,9.00,0.00
1034,626,16,1,74.99,26.00,0.00
1035,627,11,1,69.99,28.00,0.00
1036,628,21,1,129.99,45.00,0.00
1037,629,31,1,22.00,5.50,0.00
1038,630,32,1,42.00,12.00,0.00
1039,630,17,2,159.99,55.00,0.00
1040,631,7,1,249.99,110.00,0.00
1041,631,25,1,39.95,14.00,0.00
1042,632,3,1,119.99,48.00,0.00
1043,632,11,1,69.99,28.00,0.00
1044,632,26,1,24.99,6.50,3.75
1045,633,35,1,29.99,9.00,0.00
1046,634,1,1,179.99,75.00,18.00
1047,634,4,1,69.99,22.00,0.00
1048,635,36,1,94.99,34.00,0.00
1049,636,2,1,399.99,210.00,0.00
1050,636,8,2,89.99,38.00,0.00
1051,637,3,1,119.99,48.00,0.00
1052,638,9,1,34.99,12.00,0.00
1053,639,22,1,99.99,38.00,0.00
1054,639,16,1,74.99,26.00,0.00
1055,640,28,1,329.99,140.00,0.00
1056,640,21,2,129.99,45.00,0.00
1057,641,12,2,88.00,30.00,0.00
1058,642,28,2,329.99,140.00,0.00
1059,643,20,1,99.99,35.00,0.00
1060,644,4,1,69.99,22.00,0.00
1061,645,30,1,28.00,7.00,0.00
1062,646,2,1,399.99,210.00,20.00
1063,647,12,1,88.00,30.00,0.00
1064,648,14,2,68.00,24.00,0.00
1065,649,25,1,39.95,14.00,0.00
1066,650,28,3,329.99,140.00,0.00
1067,650,17,1,159.99,55.00,0.00
1068,651,34,2,64.99,22.00,0.00
1069,651,19,1,169.99,62.00,0.00
1070,652,37,2,29.99,8.50,4.50
1071,652,23,1,89.99,32.00,0.00
1072,653,35,1,29.99,9.00,0.00
1073,654,18,1,59.99,20.00,0.00
1074,654,14,1,68.00,24.00,0.00
1075,655,32,2,42.00,12.00,4.20
1076,656,38,2,199.99,78.00,0.00
1077,656,14,1,68.00,24.00,0.00
1078,656,15,1,28.00,8.50,0.00
1079,657,8,1,89.99,38.00,0.00
1080,657,37,1,29.99,8.50,0.00
1081,658,34,2,64.99,22.00,0.00
1082,658,21,2,129.99,45.00,0.00
1083,659,25,2,39.95,14.00,4.00
1084,660,22,1,99.99,38.00,0.00
1085,660,35,2,29.99,9.00,0.00
1086,661,8,1,89.99,38.00,0.00
1087,662,25,2,39.95,14.00,0.00
1088,662,27,1,32.00,11.00,0.00
1089,662,1,1,179.99,75.00,27.00
1090,662,22,1,99.99,38.00,5.00
1091,663,3,3,119.99,48.00,18.00
1092,663,24,1,69.99,25.00,7.00
1093,664,15,1,28.00,8.50,0.00
1094,664,38,1,199.99,78.00,0.00
1095,665,33,1,289.99,115.00,0.00
1096,666,16,2,74.99,26.00,0.00
1097,667,8,2,89.99,38.00,0.00
1098,667,7,1,249.99,110.00,0.00
1099,667,25,1,39.95,14.00,0.00
1100,667,18,1,59.99,20.00,6.00
1101,668,29,2,54.99,18.00,8.25
1102,668,1,1,179.99,75.00,9.00
1103,669,11,3,69.99,28.00,0.00
1104,670,1,1,179.99,75.00,0.00
1105,671,16,2,74.99,26.00,0.00
1106,672,2,1,399.99,210.00,0.00
1107,672,38,1,199.99,78.00,0.00
1108,672,36,1,94.99,34.00,0.00
1109,672,31,1,22.00,5.50,0.00
1110,673,7,1,249.99,110.00,0.00
1111,674,3,2,119.99,48.00,0.00
1112,674,22,2,99.99,38.00,0.00
1113,675,21,1,129.99,45.00,6.50
1114,676,3,1,119.99,48.00,6.00
1115,676,29,1,54.99,18.00,0.00
1116,677,18,3,59.99,20.00,3.00
1117,677,27,1,32.00,11.00,0.00
1118,677,8,1,89.99,38.00,0.00
1119,678,6,1,49.99,18.50,5.00
1120,679,25,1,39.95,14.00,0.00
1121,679,2,1,399.99,210.00,0.00
1122,679,14,1,68.00,24.00,6.80
1123,680,18,2,59.99,20.00,0.00
1124,680,23,1,89.99,32.00,4.50
1125,681,28,1,329.99,140.00,0.00
1126,682,33,1,289.99,115.00,29.00
1127,683,8,1,89.99,38.00,0.00
1128,683,37,1,29.99,8.50,0.00
1129,683,3,1,119.99,48.00,0.00
1130,683,32,1,42.00,12.00,0.00
1131,684,13,3,124.99,42.00,0.00
1132,684,21,1,129.99,45.00,0.00
1133,685,1,1,179.99,75.00,0.00
1134,686,14,2,68.00,24.00,3.40
1135,687,8,1,89.99,38.00,13.50
1136,688,10,2,79.99,32.00,8.00
1137,689,35,2,29.99,9.00,0.00
1138,690,38,1,199.99,78.00,0.00
1139,690,33,1,289.99,115.00,0.00
1140,691,36,1,94.99,34.00,0.00
1141,692,17,2,159.99,55.00,0.00
1142,693,17,2,159.99,55.00,0.00
1143,693,19,1,169.99,62.00,0.00
1144,693,38,1,199.99,78.00,30.00
1145,694,15,1,28.00,8.50,0.00
1146,694,33,3,289.99,115.00,29.00
1147,694,29,1,54.99,18.00,0.00
1148,695,11,3,69.99,28.00,0.00
1149,696,36,1,94.99,34.00,0.00
1150,696,22,1,99.99,38.00,0.00
1151,696,7,3,249.99,110.00,0.00
1152,696,8,1,89.99,38.00,0.00
1153,697,4,1,69.99,22.00,0.00
1154,698,24,1,69.99,25.00,0.00
1155,698,1,1,179.99,75.00,0.00
1156,698,32,2,42.00,12.00,0.00
1157,699,15,2,28.00,8.50,0.00
1158,700,10,1,79.99,32.00,0.00
1159,701,9,1,34.99,12.00,0.00
1160,701,30,1,28.00,7.00,2.80
1161,702,5,3,49.99,16.00,0.00
1162,703,19,1,169.99,62.00,8.50
1163,703,31,1,22.00,5.50,0.00
1164,704,9,2,34.99,12.00,0.00
1165,704,16,1,74.99,26.00,0.00
1166,704,21,1,129.99,45.00,0.00
1167,704,18,1,59.99,20.00,3.00
1168,705,26,1,24.99,6.50,0.00
1169,706,34,1,64.99,22.00,9.75
1170,706,10,1,79.99,32.00,0.00
1171,707,2,1,399.99,210.00,20.00
1172,708,34,1,64.99,22.00,0.00
1173,708,28,1,329.99,140.00,49.50
1174,709,4,1,69.99,22.00,0.00
1175,709,6,2,49.99,18.50,0.00
1176,710,36,1,94.99,34.00,0.00
1177,710,27,2,32.00,11.00,0.00
1178,711,7,1,249.99,110.00,0.00
1179,712,29,1,54.99,18.00,0.00
1180,713,1,1,179.99,75.00,0.00
1181,714,31,3,22.00,5.50,0.00
1182,715,22,2,99.99,38.00,10.00
1183,716,30,1,28.00,7.00,0.00
1184,716,33,1,289.99,115.00,0.00
1185,717,30,1,28.00,7.00,0.00
1186,718,24,1,69.99,25.00,3.50
1187,718,10,2,79.99,32.00,0.00
1188,719,8,2,89.99,38.00,0.00
1189,719,35,1,29.99,9.00,0.00
1190,720,24,2,69.99,25.00,0.00
1191,721,15,1,28.00,8.50,1.40
1192,721,20,2,99.99,35.00,0.00
1193,721,36,1,94.99,34.00,0.00
1194,722,36,1,94.99,34.00,0.00
1195,723,24,2,69.99,25.00,0.00
1196,724,28,2,329.99,140.00,0.00
1197,724,24,1,69.99,25.00,7.00
1198,725,31,3,22.00,5.50,0.00
1199,725,35,1,29.99,9.00,0.00
1200,726,25,1,39.95,14.00,0.00
1201,726,4,1,69.99,22.00,0.00
1202,727,10,2,79.99,32.00,0.00
1203,727,31,1,22.00,5.50,0.00
1204,728,33,2,289.99,115.00,0.00
1205,729,2,1,399.99,210.00,0.00
1206,730,4,1,69.99,22.00,0.00
1207,731,10,2,79.99,32.00,0.00
1208,732,10,1,79.99,32.00,4.00
1209,733,11,1,69.99,28.00,0.00
1210,733,35,2,29.99,9.00,0.00
1211,734,37,3,29.99,8.50,0.00
1212,734,36,1,94.99,34.00,0.00
1213,734,1,1,179.99,75.00,18.00
1214,734,7,1,249.99,110.00,0.00
1215,735,3,2,119.99,48.00,0.00
1216,736,18,1,59.99,20.00,0.00
1217,737,21,1,129.99,45.00,0.00
1218,737,17,1,159.99,55.00,0.00
1219,738,32,1,42.00,12.00,0.00
1220,738,12,2,88.00,30.00,0.00
1221,738,35,1,29.99,9.00,0.00
1222,738,6,2,49.99,18.50,0.00
1223,739,23,1,89.99,32.00,0.00
1224,739,14,1,68.00,24.00,0.00
1225,740,2,1,399.99,210.00,0.00
1226,740,11,2,69.99,28.00,0.00
1227,740,3,2,119.99,48.00,0.00
1228,741,11,1,69.99,28.00,0.00
1229,742,3,1,119.99,48.00,0.00
1230,743,19,2,169.99,62.00,0.00
1231,743,16,1,74.99,26.00,0.00
1232,743,26,1,24.99,6.50,0.00
1233,744,22,2,99.99,38.00,0.00
1234,745,31,1,22.00,5.50,0.00
1235,746,26,1,24.99,6.50,0.00
1236,747,7,2,249.99,110.00,12.50
1237,748,9,1,34.99,12.00,0.00
1238,749,9,1,34.99,12.00,0.00
1239,750,33,1,289.99,115.00,0.00
1240,750,35,1,29.99,9.00,0.00
1241,750,16,1,74.99,26.00,0.00
1242,750,17,2,159.99,55.00,24.00
1243,751,38,1,199.99,78.00,30.00
1244,751,36,2,94.99,34.00,0.00
1245,752,33,2,289.99,115.00,0.00
1246,753,12,1,88.00,30.00,0.00
1247,754,21,2,129.99,45.00,0.00
1248,754,24,1,69.99,25.00,0.00
1249,754,6,2,49.99,18.50,2.50
1250,755,27,1,32.00,11.00,0.00
1251,756,27,1,32.00,11.00,0.00
1252,756,26,1,24.99,6.50,0.00
1253,757,19,1,169.99,62.00,8.50
1254,758,9,1,34.99,12.00,0.00
1255,758,11,1,69.99,28.00,0.00
1256,759,27,3,32.00,11.00,0.00
1257,759,4,1,69.99,22.00,0.00
1258,759,31,1,22.00,5.50,0.00
1259,760,13,1,124.99,42.00,0.00
1260,760,27,1,32.00,11.00,0.00
1261,760,8,3,89.99,38.00,0.00
1262,760,1,2,179.99,75.00,0.00
1263,761,25,1,39.95,14.00,0.00
1264,761,34,2,64.99,22.00,0.00
1265,762,5,2,49.99,16.00,7.50
1266,762,31,1,22.00,5.50,0.00
1267,762,21,2,129.99,45.00,0.00
1268,763,23,1,89.99,32.00,0.00
1269,764,15,1,28.00,8.50,0.00
1270,765,18,1,59.99,20.00,0.00
1271,766,28,1,329.99,140.00,0.00
1272,767,17,1,159.99,55.00,0.00
1273,767,27,2,32.00,11.00,0.00
1274,767,30,2,28.00,7.00,0.00
1275,768,1,1,179.99,75.00,0.00
1276,768,34,1,64.99,22.00,0.00
1277,768,20,1,99.99,35.00,0.00
1278,769,28,1,329.99,140.00,0.00
1279,770,12,2,88.00,30.00,0.00
1280,770,27,2,32.00,11.00,0.00
1281,770,31,2,22.00,5.50,0.00
1282,771,33,3,289.99,115.00,29.00
1283,771,31,2,22.00,5.50,0.00
1284,772,4,1,69.99,22.00,0.00
1285,772,17,2,159.99,55.00,0.00
1286,773,11,1,69.99,28.00,0.00
1287,774,32,1,42.00,12.00,0.00
1288,774,8,3,89.99,38.00,0.00
1289,774,36,2,94.99,34.00,0.00
1290,775,11,1,69.99,28.00,0.00
1291,775,26,1,24.99,6.50,0.00
1292,776,2,1,399.99,210.00,0.00
1293,776,8,1,89.99,38.00,0.00
1294,777,18,1,59.99,20.00,0.00
1295,778,35,1,29.99,9.00,0.00
1296,779,4,1,69.99,22.00,0.00
1297,779,7,2,249.99,110.00,0.00
1298,780,4,2,69.99,22.00,0.00
1299,781,5,1,49.99,16.00,0.00
1300,782,2,1,399.99,210.00,20.00
1301,783,35,1,29.99,9.00,0.00
1302,784,36,1,94.99,34.00,4.75
1303,785,12,1,88.00,30.00,0.00
1304,786,24,1,69.99,25.00,0.00
1305,787,29,1,54.99,18.00,0.00
1306,787,1,1,179.99,75.00,0.00
1307,788,18,3,59.99,20.00,0.00
1308,788,2,2,399.99,210.00,0.00
1309,789,10,3,79.99,32.00,0.00
1310,790,5,1,49.99,16.00,0.00
1311,791,34,1,64.99,22.00,0.00
1312,792,38,2,199.99,78.00,0.00
1313,793,36,1,94.99,34.00,0.00
1314,794,17,1,159.99,55.00,16.00
1315,795,30,2,28.00,7.00,4.20
1316,796,37,1,29.99,8.50,4.50
1317,796,5,2,49.99,16.00,0.00
1318,796,14,1,68.00,24.00,0.00
1319,797,9,1,34.99,12.00,5.25
1320,798,36,2,94.99,34.00,0.00
1321,798,26,3,24.99,6.50,0.00
1322,798,9,2,34.99,12.00,0.00
1323,799,1,1,179.99,75.00,0.00
1324,799,29,2,54.99,18.00,0.00
1325,800,20,1,99.99,35.00,5.00
1326,801,32,1,42.00,12.00,0.00
1327,802,22,2,99.99,38.00,0.00
1328,803,20,2,99.99,35.00,0.00
1329,803,18,1,59.99,20.00,0.00
1330,804,31,1,22.00,5.50,0.00
1331,804,27,1,32.00,11.00,0.00
1332,805,6,1,49.99,18.50,0.00
1333,805,18,1,59.99,20.00,0.00
1334,806,29,1,54.99,18.00,0.00
1335,806,17,1,159.99,55.00,0.00
1336,806,18,1,59.99,20.00,0.00
1337,807,20,1,99.99,35.00,0.00
1338,808,38,1,199.99,78.00,0.00
1339,808,25,2,39.95,14.00,0.00
1340,809,2,1,399.99,210.00,40.00
1341,809,29,1,54.99,18.00,0.00
1342,810,22,1,99.99,38.00,5.00
1343,810,27,1,32.00,11.00,0.00
1344,811,36,1,94.99,34.00,0.00
1345,812,13,1,124.99,42.00,0.00
1346,813,30,2,28.00,7.00,0.00
1347,814,9,1,34.99,12.00,0.00
1348,814,13,1,124.99,42.00,0.00
1349,815,25,3,39.95,14.00,4.00
1350,816,5,1,49.99,16.00,5.00
1351,816,35,2,29.99,9.00,0.00
1352,817,26,1,24.99,6.50,0.00
1353,818,8,1,89.99,38.00,0.00
1354,819,37,1,29.99,8.50,0.00
1355,819,30,2,28.00,7.00,0.00
1356,820,3,3,119.99,48.00,0.00
1357,820,21,1,129.99,45.00,0.00
1358,820,19,1,169.99,62.00,8.50
1359,820,36,1,94.99,34.00,14.25
1360,821,22,1,99.99,38.00,0.00
1361,822,27,1,32.00,11.00,0.00
1362,823,10,2,79.99,32.00,0.00
1363,824,15,1,28.00,8.50,0.00
1364,825,21,1,129.99,45.00,0.00
1365,826,34,1,64.99,22.00,0.00
1366,826,37,1,29.99,8.50,0.00
1367,827,36,1,94.99,34.00,0.00
1368,828,11,1,69.99,28.00,0.00
1369,828,2,1,399.99,210.00,0.00
1370,829,26,1,24.99,6.50,0.00
1371,829,19,1,169.99,62.00,0.00
1372,829,17,1,159.99,55.00,0.00
1373,829,3,2,119.99,48.00,0.00
1374,830,22,1,99.99,38.00,0.00
1375,830,10,1,79.99,32.00,0.00
1376,831,1,2,179.99,75.00,0.00
1377,832,36,3,94.99,34.00,4.75
1378,833,30,1,28.00,7.00,0.00
1379,834,2,1,399.99,210.00,0.00
1380,834,29,1,54.99,18.00,0.00
1381,835,20,1,99.99,35.00,0.00
1382,835,4,1,69.99,22.00,0.00
1383,836,1,1,179.99,75.00,0.00
1384,836,3,1,119.99,48.00,0.00
1385,836,16,1,74.99,26.00,0.00
1386,837,38,1,199.99,78.00,0.00
1387,837,14,3,68.00,24.00,0.00
1388,838,5,1,49.99,16.00,0.00
1389,838,17,1,159.99,55.00,0.00
1390,839,28,1,329.99,140.00,16.50
1391,839,19,3,169.99,62.00,0.00
1392,840,5,1,49.99,16.00,0.00
1393,841,11,1,69.99,28.00,0.00
1394,842,34,1,64.99,22.00,0.00
1395,843,18,1,59.99,20.00,0.00
1396,844,1,2,179.99,75.00,0.00
1397,845,25,1,39.95,14.00,4.00
1398,846,34,2,64.99,22.00,0.00
1399,847,25,1,39.95,14.00,0.00
1400,848,7,1,249.99,110.00,0.00
1401,849,35,3,29.99,9.00,1.50
1402,850,20,2,99.99,35.00,0.00
1403,851,15,3,28.00,8.50,0.00
1404,851,2,1,399.99,210.00,40.00
1405,852,18,1,59.99,20.00,0.00
1406,853,25,2,39.95,14.00,0.00
1407,854,3,1,119.99,48.00,0.00
1408,854,9,1,34.99,12.00,0.00
1409,855,9,1,34.99,12.00,0.00
1410,855,22,1,99.99,38.00,0.00
1411,855,34,1,64.99,22.00,3.25
1412,856,28,1,329.99,140.00,0.00
1413,857,11,1,69.99,28.00,0.00
1414,857,16,3,74.99,26.00,0.00
1415,858,19,1,169.99,62.00,0.00
1416,858,34,1,64.99,22.00,6.50
1417,858,14,1,68.00,24.00,0.00
1418,859,30,1,28.00,7.00,0.00
1419,859,35,1,29.99,9.00,0.00
1420,860,10,1,79.99,32.00,12.00
1421,860,16,1,74.99,26.00,0.00
1422,860,9,1,34.99,12.00,0.00
1423,861,35,1,29.99,9.00,0.00
1424,861,29,1,54.99,18.00,0.00
1425,862,30,1,28.00,7.00,0.00
1426,862,33,1,289.99,115.00,0.00
1427,863,17,1,159.99,55.00,0.00
1428,864,22,1,99.99,38.00,0.00
1429,864,6,1,49.99,18.50,0.00
1430,865,26,1,24.99,6.50,0.00
1431,866,15,1,28.00,8.50,0.00
1432,866,18,1,59.99,20.00,0.00
1433,866,33,1,289.99,115.00,43.50
1434,867,7,2,249.99,110.00,0.00
1435,868,15,1,28.00,8.50,0.00
1436,868,34,1,64.99,22.00,0.00
1437,869,13,3,124.99,42.00,18.75
1438,869,26,2,24.99,6.50,0.00
1439,869,35,2,29.99,9.00,0.00
1440,870,20,1,99.99,35.00,0.00
1441,870,18,1,59.99,20.00,0.00
1442,871,2,2,399.99,210.00,0.00
1443,871,5,1,49.99,16.00,0.00
1444,871,28,1,329.99,140.00,0.00
1445,871,14,1,68.00,24.00,0.00
1446,872,29,1,54.99,18.00,0.00
1447,872,15,1,28.00,8.50,0.00
1448,873,11,1,69.99,28.00,0.00
1449,873,15,1,28.00,8.50,0.00
1450,874,2,2,399.99,210.00,0.00
1451,874,30,2,28.00,7.00,0.00
1452,875,32,1,42.00,12.00,0.00
1453,875,18,1,59.99,20.00,0.00
1454,876,19,2,169.99,62.00,17.00
1455,877,29,1,54.99,18.00,0.00
1456,877,19,1,169.99,62.00,0.00
1457,878,28,3,329.99,140.00,0.00
1458,878,23,1,89.99,32.00,0.00
1459,879,27,1,32.00,11.00,0.00
1460,879,28,1,329.99,140.00,0.00
1461,879,5,1,49.99,16.00,0.00
1462,879,1,1,179.99,75.00,0.00
1463,880,14,1,68.00,24.00,0.00
1464,880,29,1,54.99,18.00,0.00
1465,880,28,1,329.99,140.00,0.00
1466,881,20,2,99.99,35.00,0.00
1467,882,5,1,49.99,16.00,0.00
1468,883,25,2,39.95,14.00,0.00
1469,883,17,1,159.99,55.00,0.00
1470,884,14,2,68.00,24.00,0.00
1471,885,20,2,99.99,35.00,0.00
1472,885,31,1,22.00,5.50,0.00
1473,886,8,1,89.99,38.00,0.00
1474,887,21,1,129.99,45.00,0.00
1475,888,16,1,74.99,26.00,0.00
1476,889,3,1,119.99,48.00,0.00
1477,890,13,2,124.99,42.00,0.00
1478,890,16,1,74.99,26.00,0.00
1479,891,22,2,99.99,38.00,10.00
1480,891,2,1,399.99,210.00,20.00
1481,891,21,1,129.99,45.00,0.00
1482,892,9,1,34.99,12.00,1.75
1483,893,9,1,34.99,12.00,5.25
1484,894,13,1,124.99,42.00,0.00
1485,894,15,1,28.00,8.50,0.00
1486,895,20,1,99.99,35.00,10.00
1487,895,29,1,54.99,18.00,0.00
1488,896,31,2,22.00,5.50,0.00
1489,897,25,3,39.95,14.00,0.00
1490,898,29,2,54.99,18.00,0.00
1491,899,37,1,29.99,8.50,0.00
1492,900,6,1,49.99,18.50,0.00
1493,901,14,2,68.00,24.00,0.00
1494,902,31,1,22.00,5.50,0.00
1495,903,26,2,24.99,6.50,0.00
1496,904,28,2,329.99,140.00,0.00
1497,905,13,1,124.99,42.00,0.00
1498,906,13,1,124.99,42.00,0.00
1499,907,6,3,49.99,18.50,7.50
1500,908,36,1,94.99,34.00,0.00
1501,909,16,1,74.99,26.00,0.00
1502,910,14,1,68.00,24.00,3.40
1503,910,18,2,59.99,20.00,0.00
1504,911,17,2,159.99,55.00,16.00
1505,912,11,1,69.99,28.00,0.00
1506,912,3,1,119.99,48.00,0.00
1507,912,10,1,79.99,32.00,0.00
1508,913,10,1,79.99,32.00,0.00
1509,913,4,1,69.99,22.00,0.00
1510,914,6,1,49.99,18.50,0.00
1511,915,20,3,99.99,35.00,0.00
1512,915,2,1,399.99,210.00,0.00
1513,916,20,1,99.99,35.00,0.00
1514,917,25,1,39.95,14.00,0.00
1515,918,25,1,39.95,14.00,0.00
1516,918,8,1,89.99,38.00,0.00
1517,918,37,1,29.99,8.50,0.00
1518,918,19,1,169.99,62.00,0.00
1519,919,22,3,99.99,38.00,0.00
1520,919,11,1,69.99,28.00,0.00
1521,920,18,1,59.99,20.00,0.00
1522,920,34,1,64.99,22.00,0.00
1523,921,28,1,329.99,140.00,0.00
1524,921,29,1,54.99,18.00,0.00
1525,922,26,1,24.99,6.50,0.00
1526,923,18,1,59.99,20.00,0.00
1527,923,8,1,89.99,38.00,0.00
1528,923,15,1,28.00,8.50,0.00
1529,924,4,1,69.99,22.00,0.00
1530,925,36,1,94.99,34.00,0.00
1531,926,36,1,94.99,34.00,0.00
1532,927,29,2,54.99,18.00,0.00
1533,928,3,1,119.99,48.00,18.00
1534,928,30,1,28.00,7.00,2.80
1535,929,7,1,249.99,110.00,0.00
1536,929,17,2,159.99,55.00,0.00
1537,930,2,1,399.99,210.00,0.00
1538,930,15,1,28.00,8.50,1.40
1539,931,1,2,179.99,75.00,0.00
1540,931,21,3,129.99,45.00,0.00
1541,932,28,1,329.99,140.00,0.00
1542,932,37,1,29.99,8.50,0.00
1543,933,29,2,54.99,18.00,0.00
1544,934,2,1,399.99,210.00,0.00
1545,935,1,1,179.99,75.00,0.00
1546,936,9,1,34.99,12.00,0.00
1547,937,32,1,42.00,12.00,0.00
1548,938,19,1,169.99,62.00,0.00
1549,938,23,1,89.99,32.00,0.00
1550,939,29,1,54.99,18.00,0.00
1551,939,11,1,69.99,28.00,3.50
1552,940,25,2,39.95,14.00,0.00
1553,940,14,1,68.00,24.00,0.00
1554,940,31,2,22.00,5.50,0.00
1555,941,38,1,199.99,78.00,0.00
1556,942,2,1,399.99,210.00,0.00
1557,943,29,1,54.99,18.00,0.00
1558,944,19,1,169.99,62.00,0.00
1559,944,22,1,99.99,38.00,0.00
1560,945,32,3,42.00,12.00,0.00
1561,945,28,1,329.99,140.00,0.00
1562,946,27,1,32.00,11.00,0.00
1563,947,32,1,42.00,12.00,0.00
1564,948,32,1,42.00,12.00,0.00
1565,949,5,1,49.99,16.00,0.00
1566,949,14,1,68.00,24.00,0.00
1567,949,10,1,79.99,32.00,0.00
1568,950,5,2,49.99,16.00,0.00
1569,951,28,1,329.99,140.00,0.00
1570,952,26,1,24.99,6.50,0.00
1571,953,24,2,69.99,25.00,7.00
1572,954,4,2,69.99,22.00,0.00
1573,955,14,1,68.00,24.00,0.00
1574,956,13,1,124.99,42.00,0.00
1575,957,37,1,29.99,8.50,0.00
1576,957,30,1,28.00,7.00,1.40
1577,957,9,1,34.99,12.00,0.00
1578,957,24,1,69.99,25.00,7.00
1579,958,18,1,59.99,20.00,0.00
1580,958,21,1,129.99,45.00,0.00
1581,958,5,1,49.99,16.00,0.00
1582,959,10,1,79.99,32.00,0.00
1583,959,2,1,399.99,210.00,0.00
1584,959,4,2,69.99,22.00,0.00
1585,959,34,1,64.99,22.00,0.00
1586,960,6,1,49.99,18.50,0.00
1587,961,13,1,124.99,42.00,0.00
1588,962,22,1,99.99,38.00,10.00
1589,963,33,1,289.99,115.00,29.00
1590,963,37,1,29.99,8.50,0.00
1591,963,3,1,119.99,48.00,0.00
1592,963,19,1,169.99,62.00,8.50
1593,964,23,1,89.99,32.00,0.00
1594,965,29,1,54.99,18.00,0.00
1595,965,36,1,94.99,34.00,0.00
1596,965,17,1,159.99,55.00,0.00
1597,966,24,1,69.99,25.00,0.00
1598,967,38,1,199.99,78.00,0.00
1599,968,35,1,29.99,9.00,0.00
1600,968,14,1,68.00,24.00,0.00
1601,968,24,1,69.99,25.00,0.00
1602,968,13,1,124.99,42.00,0.00
1603,969,7,2,249.99,110.00,0.00
1604,969,30,1,28.00,7.00,4.20
1605,970,13,1,124.99,42.00,0.00
1606,970,1,1,179.99,75.00,0.00
1607,971,4,1,69.99,22.00,0.00
1608,971,11,1,69.99,28.00,0.00
1609,972,1,1,179.99,75.00,0.00
1610,973,33,1,289.99,115.00,0.00
1611,973,19,1,169.99,62.00,0.00
1612,973,9,1,34.99,12.00,5.25
1613,974,31,2,22.00,5.50,0.00
1614,975,31,1,22.00,5.50,0.00
1615,975,7,1,249.99,110.00,0.00
1616,976,19,2,169.99,62.00,0.00
1617,977,2,1,399.99,210.00,0.00
1618,978,22,1,99.99,38.00,0.00
1619,978,3,2,119.99,48.00,0.00
1620,978,7,1,249.99,110.00,0.00
1621,979,30,1,28.00,7.00,0.00
1622,979,36,1,94.99,34.00,0.00
1623,979,14,1,68.00,24.00,3.40
1624,980,25,1,39.95,14.00,0.00
1625,980,19,2,169.99,62.00,0.00
1626,980,16,1,74.99,26.00,0.00
1627,980,10,1,79.99,32.00,0.00
1628,981,3,2,119.99,48.00,0.00
1629,982,18,2,59.99,20.00,0.00
1630,982,14,1,68.00,24.00,0.00
1631,983,13,2,124.99,42.00,6.25
1632,984,12,1,88.00,30.00,0.00
1633,984,34,1,64.99,22.00,0.00
1634,984,15,1,28.00,8.50,0.00
1635,984,22,1,99.99,38.00,0.00
1636,985,27,1,32.00,11.00,0.00
1637,986,37,2,29.99,8.50,0.00
1638,986,20,2,99.99,35.00,0.00
1639,986,30,2,28.00,7.00,0.00
1640,987,16,2,74.99,26.00,0.00
1641,987,1,2,179.99,75.00,0.00
1642,988,27,1,32.00,11.00,0.00
1643,989,26,2,24.99,6.50,3.75
1644,990,26,2,24.99,6.50,0.00
1645,991,6,3,49.99,18.50,0.00
1646,991,26,1,24.99,6.50,0.00
1647,992,9,1,34.99,12.00,0.00
1648,993,21,1,129.99,45.00,19.50
1649,994,9,3,34.99,12.00,0.00
1650,994,38,2,199.99,78.00,0.00
1651,995,18,1,59.99,20.00,0.00
1652,996,2,1,399.99,210.00,0.00
1653,996,8,1,89.99,38.00,13.50
1654,997,8,1,89.99,38.00,0.00
1655,997,36,1,94.99,34.00,0.00
1656,998,37,1,29.99,8.50,0.00
1657,999,27,1,32.00,11.00,0.00
1658,1000,22,1,99.99,38.00,0.00
1659,1001,18,1,59.99,20.00,0.00
1660,1002,32,3,42.00,12.00,0.00
1661,1002,14,1,68.00,24.00,0.00
1662,1002,28,1,329.99,140.00,0.00
1663,1003,17,1,159.99,55.00,0.00
1664,1003,20,1,99.99,35.00,0.00
1665,1004,3,1,119.99,48.00,0.00
1666,1004,12,2,88.00,30.00,4.40
1667,1004,35,1,29.99,9.00,0.00
1668,1004,18,2,59.99,20.00,0.00
1669,1005,38,1,199.99,78.00,0.00
1670,1005,21,1,129.99,45.00,0.00
1671,1005,18,1,59.99,20.00,0.00
1672,1006,1,3,179.99,75.00,9.00
1673,1006,20,3,99.99,35.00,5.00
1674,1007,23,1,89.99,32.00,0.00
1675,1008,34,1,64.99,22.00,0.00
1676,1008,24,1,69.99,25.00,0.00
1677,1009,23,1,89.99,32.00,0.00
1678,1010,16,1,74.99,26.00,0.00
1679,1011,28,1,329.99,140.00,33.00
1680,1012,4,1,69.99,22.00,0.00
1681,1013,38,1,199.99,78.00,0.00
1682,1013,35,2,29.99,9.00,0.00
1683,1014,3,1,119.99,48.00,0.00
1684,1015,3,2,119.99,48.00,6.00
1685,1016,2,1,399.99,210.00,0.00
1686,1017,6,2,49.99,18.50,0.00
1687,1018,8,1,89.99,38.00,0.00
1688,1018,30,2,28.00,7.00,0.00
1689,1019,32,2,42.00,12.00,0.00
1690,1019,15,1,28.00,8.50,0.00
1691,1020,37,1,29.99,8.50,0.00
1692,1021,25,1,39.95,14.00,0.00
1693,1022,33,1,289.99,115.00,0.00
1694,1022,26,1,24.99,6.50,0.00
1695,1023,35,1,29.99,9.00,0.00
1696,1023,10,1,79.99,32.00,4.00
1697,1024,35,1,29.99,9.00,1.50
1698,1025,1,1,179.99,75.00,0.00
1699,1026,38,1,199.99,78.00,0.00
1700,1026,20,1,99.99,35.00,10.00
1701,1027,2,2,399.99,210.00,0.00
1702,1027,35,1,29.99,9.00,0.00
1703,1028,25,2,39.95,14.00,0.00
1704,1029,26,1,24.99,6.50,0.00
1705,1029,7,2,249.99,110.00,0.00
1706,1030,14,1,68.00,24.00,0.00
1707,1030,19,1,169.99,62.00,0.00
1708,1031,20,1,99.99,35.00,5.00
1709,1031,12,1,88.00,30.00,0.00
1710,1032,35,3,29.99,9.00,0.00
1711,1033,6,1,49.99,18.50,0.00
1712,1033,23,3,89.99,32.00,0.00
1713,1034,10,1,79.99,32.00,8.00
1714,1035,29,1,54.99,18.00,0.00
1715,1036,31,1,22.00,5.50,0.00
1716,1036,19,1,169.99,62.00,0.00
1717,1036,38,2,199.99,78.00,10.00
1718,1037,7,3,249.99,110.00,0.00
1719,1038,12,1,88.00,30.00,0.00
1720,1039,38,1,199.99,78.00,0.00
1721,1040,28,3,329.99,140.00,0.00
1722,1041,16,1,74.99,26.00,0.00
1723,1041,5,1,49.99,16.00,2.50
1724,1041,31,1,22.00,5.50,0.00
1725,1042,36,1,94.99,34.00,0.00
1726,1042,8,1,89.99,38.00,0.00
1727,1042,10,1,79.99,32.00,0.00
1728,1043,12,1,88.00,30.00,13.20
1729,1043,7,1,249.99,110.00,0.00
1730,1043,13,1,124.99,42.00,0.00
1731,1044,31,1,22.00,5.50,0.00
1732,1045,18,2,59.99,20.00,9.00
1733,1046,6,1,49.99,18.50,2.50
1734,1046,27,1,32.00,11.00,0.00
1735,1047,34,2,64.99,22.00,0.00
1736,1048,1,1,179.99,75.00,0.00
1737,1049,24,1,69.99,25.00,0.00
1738,1049,1,1,179.99,75.00,0.00
1739,1050,18,1,59.99,20.00,0.00
1740,1051,20,2,99.99,35.00,10.00
1741,1052,5,1,49.99,16.00,0.00
1742,1052,2,1,399.99,210.00,0.00
1743,1053,28,2,329.99,140.00,0.00
1744,1053,12,1,88.00,30.00,0.00
1745,1054,20,1,99.99,35.00,0.00
1746,1054,9,1,34.99,12.00,3.50
1747,1055,34,1,64.99,22.00,0.00
1748,1056,9,1,34.99,12.00,0.00
1749,1057,24,2,69.99,25.00,0.00
1750,1057,18,2,59.99,20.00,0.00
1751,1058,31,1,22.00,5.50,2.20
1752,1059,26,1,24.99,6.50,0.00
1753,1059,25,1,39.95,14.00,0.00
1754,1060,28,1,329.99,140.00,0.00
1755,1060,38,1,199.99,78.00,10.00
1756,1060,4,3,69.99,22.00,0.00
1757,1061,21,1,129.99,45.00,0.00
1758,1062,12,1,88.00,30.00,0.00
1759,1062,14,3,68.00,24.00,0.00
1760,1063,27,2,32.00,11.00,0.00
1761,1063,37,1,29.99,8.50,4.50
1762,1064,22,1,99.99,38.00,0.00
1763,1064,4,3,69.99,22.00,0.00
1764,1064,16,1,74.99,26.00,0.00
1765,1065,27,2,32.00,11.00,0.00
1766,1065,36,1,94.99,34.00,0.00
1767,1066,1,1,179.99,75.00,0.00
1768,1066,19,1,169.99,62.00,0.00
1769,1067,13,1,124.99,42.00,0.00
1770,1068,5,1,49.99,16.00,0.00
1771,1069,20,1,99.99,35.00,0.00
1772,1069,18,1,59.99,20.00,0.00
1773,1069,23,1,89.99,32.00,0.00
1774,1070,32,1,42.00,12.00,0.00
1775,1071,22,1,99.99,38.00,0.00
1776,1071,9,1,34.99,12.00,0.00
1777,1071,38,2,199.99,78.00,0.00
1778,1072,31,1,22.00,5.50,0.00
1779,1072,27,1,32.00,11.00,0.00
1780,1072,30,1,28.00,7.00,0.00
1781,1072,23,2,89.99,32.00,0.00
1782,1073,19,1,169.99,62.00,0.00
1783,1074,1,1,179.99,75.00,27.00
1784,1074,3,1,119.99,48.00,18.00
1785,1075,33,1,289.99,115.00,0.00
1786,1076,29,2,54.99,18.00,0.00
1787,1077,27,1,32.00,11.00,0.00
1788,1077,26,2,24.99,6.50,0.00
1789,1078,34,1,64.99,22.00,9.75
1790,1079,28,2,329.99,140.00,16.50
1791,1079,12,1,88.00,30.00,0.00
1792,1080,30,1,28.00,7.00,0.00
1793,1081,11,2,69.99,28.00,0.00
1794,1081,15,1,28.00,8.50,0.00
1795,1082,31,1,22.00,5.50,0.00
1796,1082,20,2,99.99,35.00,15.00
1797,1082,7,1,249.99,110.00,37.50
1798,1083,34,1,64.99,22.00,0.00
1799,1083,35,1,29.99,9.00,0.00
1800,1083,24,1,69.99,25.00,0.00
1801,1083,11,2,69.99,28.00,0.00
1802,1084,23,2,89.99,32.00,0.00
1803,1085,17,2,159.99,55.00,0.00
1804,1086,16,3,74.99,26.00,0.00
1805,1087,23,1,89.99,32.00,0.00
1806,1088,27,1,32.00,11.00,0.00
1807,1088,24,1,69.99,25.00,0.00
1808,1088,36,1,94.99,34.00,0.00
1809,1088,20,2,99.99,35.00,0.00
1810,1089,10,1,79.99,32.00,0.00
1811,1090,25,1,39.95,14.00,0.00
1812,1090,6,2,49.99,18.50,0.00
1813,1090,2,1,399.99,210.00,60.00
1814,1091,10,1,79.99,32.00,0.00
1815,1091,6,1,49.99,18.50,0.00
1816,1091,32,2,42.00,12.00,0.00
1817,1092,1,1,179.99,75.00,27.00
1818,1092,23,1,89.99,32.00,0.00
1819,1093,3,3,119.99,48.00,0.00
1820,1094,23,1,89.99,32.00,0.00
1821,1095,25,1,39.95,14.00,0.00
1822,1096,3,2,119.99,48.00,0.00
1823,1096,38,3,199.99,78.00,0.00
1824,1096,2,1,399.99,210.00,0.00
1825,1096,17,1,159.99,55.00,0.00
1826,1097,33,1,289.99,115.00,0.00
1827,1098,9,1,34.99,12.00,1.75
1828,1098,38,2,199.99,78.00,0.00
1829,1099,17,2,159.99,55.00,0.00
1830,1100,37,1,29.99,8.50,0.00
1831,1101,4,2,69.99,22.00,0.00
1832,1102,34,2,64.99,22.00,0.00
1833,1102,27,1,32.00,11.00,1.60
1834,1103,1,1,179.99,75.00,0.00
1835,1103,8,1,89.99,38.00,13.50
1836,1104,27,1,32.00,11.00,0.00
1837,1105,10,1,79.99,32.00,0.00
1838,1106,18,3,59.99,20.00,9.00
1839,1106,6,1,49.99,18.50,0.00
1840,1107,21,1,129.99,45.00,0.00
1841,1108,33,2,289.99,115.00,14.50
1842,1109,10,1,79.99,32.00,0.00
1843,1109,9,1,34.99,12.00,0.00
1844,1109,34,1,64.99,22.00,0.00
1845,1110,33,1,289.99,115.00,0.00
1846,1110,3,1,119.99,48.00,0.00
1847,1111,27,2,32.00,11.00,0.00
1848,1112,20,1,99.99,35.00,15.00
1849,1113,3,1,119.99,48.00,12.00
1850,1114,21,1,129.99,45.00,6.50
1851,1115,6,1,49.99,18.50,5.00
1852,1115,37,1,29.99,8.50,4.50
1853,1115,7,1,249.99,110.00,0.00
1854,1116,12,2,88.00,30.00,0.00
1855,1116,34,1,64.99,22.00,0.00
1856,1117,24,1,69.99,25.00,0.00
1857,1118,1,1,179.99,75.00,0.00
1858,1118,38,1,199.99,78.00,0.00
1859,1118,18,1,59.99,20.00,0.00
1860,1118,4,1,69.99,22.00,0.00
1861,1119,5,2,49.99,16.00,0.00
1862,1120,32,1,42.00,12.00,0.00
1863,1121,24,1,69.99,25.00,10.50
1864,1122,7,1,249.99,110.00,0.00
1865,1122,27,2,32.00,11.00,0.00
1866,1122,26,1,24.99,6.50,0.00
1867,1123,38,3,199.99,78.00,0.00
1868,1124,23,1,89.99,32.00,0.00
1869,1125,30,1,28.00,7.00,0.00
1870,1126,21,2,129.99,45.00,0.00
1871,1126,7,1,249.99,110.00,0.00
1872,1126,26,2,24.99,6.50,0.00
1873,1127,16,1,74.99,26.00,0.00
1874,1128,14,2,68.00,24.00,0.00
1875,1128,15,2,28.00,8.50,0.00
1876,1129,15,1,28.00,8.50,0.00
1877,1130,1,2,179.99,75.00,0.00
1878,1130,4,1,69.99,22.00,0.00
1879,1131,27,1,32.00,11.00,0.00
1880,1132,7,1,249.99,110.00,0.00
1881,1132,6,2,49.99,18.50,0.00
1882,1132,9,1,34.99,12.00,0.00
1883,1133,10,2,79.99,32.00,0.00
1884,1133,22,1,99.99,38.00,0.00
1885,1134,5,1,49.99,16.00,7.50
1886,1135,10,1,79.99,32.00,0.00
1887,1135,4,1,69.99,22.00,10.50
1888,1136,17,1,159.99,55.00,0.00
1889,1136,25,1,39.95,14.00,0.00
1890,1136,9,1,34.99,12.00,0.00
1891,1137,3,3,119.99,48.00,0.00
1892,1137,37,1,29.99,8.50,4.50
1893,1137,1,1,179.99,75.00,0.00
1894,1138,4,1,69.99,22.00,7.00
1895,1139,6,1,49.99,18.50,0.00
1896,1139,26,1,24.99,6.50,0.00
1897,1140,32,1,42.00,12.00,6.30
1898,1140,1,3,179.99,75.00,0.00
1899,1141,35,1,29.99,9.00,0.00
1900,1142,1,1,179.99,75.00,27.00
1901,1143,15,1,28.00,8.50,0.00
1902,1144,21,2,129.99,45.00,0.00
1903,1145,6,1,49.99,18.50,0.00
1904,1146,22,1,99.99,38.00,0.00
1905,1146,30,2,28.00,7.00,0.00
1906,1146,7,1,249.99,110.00,0.00
1907,1147,22,1,99.99,38.00,0.00
1908,1148,36,1,94.99,34.00,0.00
1909,1149,38,2,199.99,78.00,0.00
1910,1149,30,1,28.00,7.00,0.00
1911,1149,15,1,28.00,8.50,0.00
1912,1150,1,1,179.99,75.00,0.00
1913,1151,8,1,89.99,38.00,0.00
1914,1151,35,1,29.99,9.00,0.00
1915,1152,20,1,99.99,35.00,5.00
1916,1152,31,1,22.00,5.50,0.00
1917,1153,30,1,28.00,7.00,0.00
1918,1154,28,1,329.99,140.00,0.00
1919,1155,31,1,22.00,5.50,0.00
1920,1155,3,2,119.99,48.00,0.00
1921,1156,29,1,54.99,18.00,5.50
1922,1156,5,2,49.99,16.00,0.00
1923,1157,11,1,69.99,28.00,0.00
1924,1158,37,1,29.99,8.50,4.50
1925,1158,17,1,159.99,55.00,16.00
1926,1158,15,1,28.00,8.50,0.00
1927,1159,17,2,159.99,55.00,0.00
1928,1159,34,1,64.99,22.00,0.00
1929,1160,20,1,99.99,35.00,0.00
1930,1160,9,1,34.99,12.00,0.00
1931,1161,38,3,199.99,78.00,0.00
1932,1162,36,2,94.99,34.00,0.00
1933,1162,26,2,24.99,6.50,0.00
1934,1162,27,1,32.00,11.00,0.00
1935,1163,27,1,32.00,11.00,4.80
1936,1163,12,1,88.00,30.00,0.00
1937,1164,6,1,49.99,18.50,7.50
1938,1165,34,1,64.99,22.00,9.75
1939,1166,11,2,69.99,28.00,0.00
1940,1167,24,1,69.99,25.00,0.00
1941,1168,35,1,29.99,9.00,0.00
1942,1169,37,1,29.99,8.50,4.50
1943,1170,13,1,124.99,42.00,0.00
1944,1170,31,1,22.00,5.50,3.30
1945,1171,29,1,54.99,18.00,0.00
1946,1171,6,1,49.99,18.50,0.00
1947,1172,20,2,99.99,35.00,0.00
1948,1172,36,1,94.99,34.00,14.25
1949,1172,30,1,28.00,7.00,0.00
1950,1173,17,1,159.99,55.00,0.00
1951,1174,8,1,89.99,38.00,0.00
1952,1175,15,2,28.00,8.50,0.00
1953,1175,18,1,59.99,20.00,6.00
1954,1176,27,1,32.00,11.00,0.00
1955,1177,15,1,28.00,8.50,2.80
1956,1177,27,2,32.00,11.00,0.00
1957,1177,4,1,69.99,22.00,7.00
1958,1178,22,1,99.99,38.00,0.00
1959,1179,16,1,74.99,26.00,0.00
1960,1179,21,2,129.99,45.00,0.00
1961,1180,11,1,69.99,28.00,0.00
1962,1180,20,1,99.99,35.00,15.00
1963,1181,10,1,79.99,32.00,0.00
1964,1182,19,1,169.99,62.00,25.50
1965,1182,12,1,88.00,30.00,13.20
1966,1183,37,1,29.99,8.50,0.00
1967,1183,26,1,24.99,6.50,0.00
1968,1183,38,2,199.99,78.00,0.00
1969,1183,2,1,399.99,210.00,0.00
1970,1184,15,1,28.00,8.50,1.40
1971,1185,15,1,28.00,8.50,0.00
1972,1186,38,3,199.99,78.00,0.00
1973,1187,5,1,49.99,16.00,0.00
1974,1188,15,1,28.00,8.50,0.00
1975,1189,8,2,89.99,38.00,0.00
1976,1190,27,1,32.00,11.00,0.00
1977,1191,5,1,49.99,16.00,0.00
1978,1192,5,1,49.99,16.00,0.00
1979,1193,19,2,169.99,62.00,0.00
1980,1194,27,3,32.00,11.00,0.00
1981,1195,25,3,39.95,14.00,0.00
1982,1195,22,1,99.99,38.00,0.00
1983,1196,13,1,124.99,42.00,0.00
1984,1197,17,1,159.99,55.00,0.00
1985,1198,27,1,32.00,11.00,4.80
1986,1199,6,2,49.99,18.50,0.00
1987,1199,33,1,289.99,115.00,0.00
1988,1199,4,1,69.99,22.00,7.00
1989,1200,2,1,399.99,210.00,0.00
1990,1200,13,1,124.99,42.00,6.25
1991,1201,21,1,129.99,45.00,13.00
1992,1202,32,1,42.00,12.00,0.00
1993,1202,26,1,24.99,6.50,2.50
1994,1203,15,1,28.00,8.50,0.00
1995,1203,2,1,399.99,210.00,0.00
1996,1204,34,1,64.99,22.00,0.00
1997,1205,15,2,28.00,8.50,0.00
1998,1206,3,1,119.99,48.00,0.00
1999,1206,17,1,159.99,55.00,0.00
2000,1207,18,1,59.99,20.00,9.00
2001,1207,32,1,42.00,12.00,0.00
2002,1208,1,1,179.99,75.00,0.00
2003,1209,5,2,49.99,16.00,0.00
2004,1210,17,1,159.99,55.00,0.00
2005,1211,25,1,39.95,14.00,0.00
2006,1211,10,1,79.99,32.00,0.00
2007,1211,20,1,99.99,35.00,0.00
2008,1212,8,1,89.99,38.00,0.00
2009,1213,5,1,49.99,16.00,5.00
2010,1214,2,1,399.99,210.00,0.00
2011,1214,15,1,28.00,8.50,0.00
2012,1215,7,1,249.99,110.00,0.00
2013,1216,25,1,39.95,14.00,0.00
2014,1217,26,1,24.99,6.50,1.25
2015,1217,16,3,74.99,26.00,0.00
2016,1217,6,1,49.99,18.50,0.00
2017,1218,20,2,99.99,35.00,0.00
2018,1219,2,2,399.99,210.00,0.00
2019,1219,4,1,69.99,22.00,0.00
2020,1220,13,1,124.99,42.00,6.25
2021,1220,3,1,119.99,48.00,0.00
2022,1221,19,1,169.99,62.00,0.00
2023,1222,37,1,29.99,8.50,0.00
2024,1223,4,1,69.99,22.00,0.00
2025,1223,20,1,99.99,35.00,0.00
2026,1223,38,1,199.99,78.00,0.00
2027,1224,20,1,99.99,35.00,0.00
2028,1224,28,1,329.99,140.00,0.00
2029,1224,10,2,79.99,32.00,0.00
2030,1224,18,2,59.99,20.00,0.00
2031,1225,25,1,39.95,14.00,5.99
2032,1225,36,1,94.99,34.00,0.00
2033,1226,3,1,119.99,48.00,0.00
2034,1227,2,1,399.99,210.00,0.00
2035,1228,29,1,54.99,18.00,0.00
2036,1229,26,1,24.99,6.50,0.00
2037,1229,38,2,199.99,78.00,10.00
2038,1229,10,1,79.99,32.00,0.00
2039,1229,24,3,69.99,25.00,10.50
2040,1230,38,1,199.99,78.00,0.00
2041,1231,36,1,94.99,34.00,0.00
2042,1232,13,1,124.99,42.00,0.00
2043,1233,27,1,32.00,11.00,0.00
2044,1233,5,1,49.99,16.00,0.00
2045,1233,9,1,34.99,12.00,0.00
2046,1233,34,1,64.99,22.00,0.00
2047,1234,28,1,329.99,140.00,0.00
2048,1234,16,2,74.99,26.00,0.00
2049,1235,15,3,28.00,8.50,4.20
2050,1235,12,1,88.00,30.00,0.00
2051,1236,37,1,29.99,8.50,0.00
2052,1237,16,2,74.99,26.00,0.00
2053,1237,28,1,329.99,140.00,16.50
2054,1238,21,2,129.99,45.00,0.00
2055,1238,23,1,89.99,32.00,0.00
2056,1238,4,1,69.99,22.00,0.00
2057,1239,8,1,89.99,38.00,0.00
2058,1240,32,2,42.00,12.00,0.00
2059,1240,30,3,28.00,7.00,0.00
2060,1241,10,1,79.99,32.00,8.00
2061,1241,17,1,159.99,55.00,0.00
2062,1241,29,3,54.99,18.00,0.00
2063,1241,18,1,59.99,20.00,0.00
2064,1242,11,1,69.99,28.00,0.00
2065,1242,14,1,68.00,24.00,0.00
2066,1243,15,3,28.00,8.50,0.00
2067,1244,15,3,28.00,8.50,0.00
2068,1244,28,1,329.99,140.00,0.00
2069,1245,28,2,329.99,140.00,0.00
2070,1246,6,1,49.99,18.50,0.00
2071,1246,3,2,119.99,48.00,0.00
2072,1246,33,1,289.99,115.00,0.00
2073,1246,8,1,89.99,38.00,4.50
2074,1247,18,1,59.99,20.00,0.00
2075,1247,13,1,124.99,42.00,0.00
2076,1247,30,1,28.00,7.00,0.00
2077,1248,20,1,99.99,35.00,0.00
2078,1248,1,1,179.99,75.00,0.00
2079,1249,19,1,169.99,62.00,25.50
2080,1249,22,1,99.99,38.00,0.00
2081,1250,23,1,89.99,32.00,0.00
2082,1251,11,1,69.99,28.00,0.00
2083,1252,20,2,99.99,35.00,0.00
2084,1252,32,1,42.00,12.00,0.00
2085,1252,26,1,24.99,6.50,1.25
2086,1252,12,2,88.00,30.00,0.00
2087,1253,15,1,28.00,8.50,0.00
2088,1254,28,2,329.99,140.00,49.50
2089,1254,5,3,49.99,16.00,0.00
2090,1254,20,3,99.99,35.00,0.00
2091,1255,21,1,129.99,45.00,0.00
2092,1256,10,1,79.99,32.00,0.00
2093,1257,14,1,68.00,24.00,0.00
2094,1258,32,1,42.00,12.00,0.00
2095,1259,7,1,249.99,110.00,0.00
2096,1260,10,1,79.99,32.00,0.00
2097,1260,33,2,289.99,115.00,0.00
2098,1261,31,1,22.00,5.50,0.00
2099,1261,16,1,74.99,26.00,0.00
2100,1262,3,1,119.99,48.00,0.00
2101,1263,38,1,199.99,78.00,0.00
2102,1264,24,1,69.99,25.00,0.00
2103,1264,33,1,289.99,115.00,0.00
2104,1264,21,1,129.99,45.00,0.00
2105,1264,29,1,54.99,18.00,0.00
2106,1265,4,1,69.99,22.00,10.50
2107,1265,29,2,54.99,18.00,0.00
2108,1266,14,1,68.00,24.00,0.00
2109,1267,38,1,199.99,78.00,30.00
2110,1268,26,1,24.99,6.50,0.00
2111,1268,21,1,129.99,45.00,0.00
2112,1268,13,2,124.99,42.00,0.00
2113,1269,32,1,42.00,12.00,0.00
2114,1270,27,1,32.00,11.00,0.00
2115,1271,10,1,79.99,32.00,0.00
2116,1272,19,1,169.99,62.00,0.00
2117,1273,35,1,29.99,9.00,0.00
2118,1274,27,1,32.00,11.00,0.00
2119,1274,3,1,119.99,48.00,0.00
2120,1275,29,1,54.99,18.00,0.00
2121,1276,5,3,49.99,16.00,0.00
2122,1277,11,1,69.99,28.00,0.00
2123,1277,8,1,89.99,38.00,0.00
2124,1278,31,1,22.00,5.50,0.00
2125,1279,12,2,88.00,30.00,0.00
2126,1279,30,1,28.00,7.00,0.00
2127,1280,34,2,64.99,22.00,0.00
2128,1281,27,1,32.00,11.00,0.00
2129,1282,17,1,159.99,55.00,0.00
2130,1282,29,2,54.99,18.00,0.00
2131,1282,10,1,79.99,32.00,0.00
2132,1283,31,1,22.00,5.50,0.00
2133,1284,5,1,49.99,16.00,5.00
2134,1284,25,1,39.95,14.00,0.00
2135,1284,17,1,159.99,55.00,0.00
2136,1285,31,3,22.00,5.50,0.00
2137,1286,24,3,69.99,25.00,0.00
2138,1286,16,1,74.99,26.00,0.00
2139,1287,8,1,89.99,38.00,0.00
2140,1287,31,1,22.00,5.50,0.00
2141,1287,1,2,179.99,75.00,0.00
2142,1288,29,1,54.99,18.00,0.00
2143,1288,25,2,39.95,14.00,0.00
2144,1289,32,1,42.00,12.00,2.10
2145,1289,36,1,94.99,34.00,9.50
2146,1290,31,1,22.00,5.50,0.00
2147,1290,18,2,59.99,20.00,0.00
2148,1290,30,1,28.00,7.00,0.00
2149,1291,10,1,79.99,32.00,0.00
2150,1292,23,2,89.99,32.00,0.00
2151,1293,16,2,74.99,26.00,0.00
2152,1293,30,1,28.00,7.00,0.00
2153,1293,15,2,28.00,8.50,0.00
2154,1293,29,1,54.99,18.00,8.25
2155,1294,3,2,119.99,48.00,0.00
2156,1295,11,1,69.99,28.00,7.00
2157,1296,4,2,69.99,22.00,0.00
2158,1297,11,1,69.99,28.00,0.00
2159,1297,5,1,49.99,16.00,0.00
2160,1298,3,2,119.99,48.00,12.00
2161,1299,11,2,69.99,28.00,0.00
2162,1300,19,1,169.99,62.00,0.00
2163,1300,31,1,22.00,5.50,0.00
2164,1300,17,1,159.99,55.00,0.00
2165,1301,6,1,49.99,18.50,0.00
2166,1302,30,1,28.00,7.00,0.00
2167,1303,5,1,49.99,16.00,7.50
2168,1303,16,2,74.99,26.00,11.25
2169,1304,30,1,28.00,7.00,0.00
2170,1305,23,1,89.99,32.00,0.00
2171,1306,30,1,28.00,7.00,0.00
2172,1306,2,2,399.99,210.00,0.00
2173,1306,27,1,32.00,11.00,4.80
2174,1306,22,1,99.99,38.00,0.00
2175,1307,23,1,89.99,32.00,0.00
2176,1308,35,1,29.99,9.00,0.00
2177,1308,4,2,69.99,22.00,0.00
2178,1308,26,2,24.99,6.50,0.00
2179,1309,36,1,94.99,34.00,0.00
2180,1310,21,1,129.99,45.00,0.00
2181,1310,18,1,59.99,20.00,0.00
2182,1310,25,1,39.95,14.00,0.00
2183,1311,11,2,69.99,28.00,0.00
2184,1311,35,2,29.99,9.00,0.00
2185,1311,36,1,94.99,34.00,0.00
2186,1312,28,2,329.99,140.00,0.00
2187,1313,29,1,54.99,18.00,0.00
2188,1313,6,1,49.99,18.50,0.00
2189,1313,1,1,179.99,75.00,0.00
2190,1314,9,2,34.99,12.00,0.00
2191,1315,38,1,199.99,78.00,10.00
2192,1316,11,2,69.99,28.00,10.50
2193,1317,36,1,94.99,34.00,0.00
2194,1318,34,1,64.99,22.00,0.00
2195,1319,28,1,329.99,140.00,0.00
2196,1320,29,1,54.99,18.00,0.00
2197,1321,18,1,59.99,20.00,6.00
2198,1321,11,1,69.99,28.00,0.00
2199,1322,8,1,89.99,38.00,0.00
2200,1323,36,1,94.99,34.00,4.75
2201,1323,5,1,49.99,16.00,0.00
2202,1323,3,1,119.99,48.00,0.00
2203,1324,24,1,69.99,25.00,0.00
2204,1324,30,2,28.00,7.00,0.00
2205,1325,16,1,74.99,26.00,0.00
2206,1326,19,1,169.99,62.00,0.00
2207,1326,5,1,49.99,16.00,7.50
2208,1326,36,2,94.99,34.00,4.75
2209,1326,15,2,28.00,8.50,0.00
2210,1327,12,1,88.00,30.00,0.00
2211,1327,6,1,49.99,18.50,0.00
2212,1328,13,1,124.99,42.00,6.25
2213,1328,24,1,69.99,25.00,0.00
2214,1328,16,3,74.99,26.00,11.25
2215,1328,12,1,88.00,30.00,0.00
2216,1329,24,1,69.99,25.00,0.00
2217,1329,11,1,69.99,28.00,0.00
2218,1329,23,1,89.99,32.00,0.00
2219,1330,8,1,89.99,38.00,0.00
2220,1330,14,1,68.00,24.00,3.40
2221,1330,20,1,99.99,35.00,0.00
2222,1330,15,1,28.00,8.50,0.00
2223,1331,15,1,28.00,8.50,0.00
2224,1332,38,1,199.99,78.00,10.00
2225,1332,3,1,119.99,48.00,0.00
2226,1333,6,1,49.99,18.50,0.00
2227,1333,1,1,179.99,75.00,27.00
2228,1333,14,2,68.00,24.00,0.00
2229,1334,32,1,42.00,12.00,0.00
2230,1335,14,1,68.00,24.00,0.00
2231,1335,8,1,89.99,38.00,0.00
2232,1336,37,1,29.99,8.50,0.00
2233,1336,25,1,39.95,14.00,0.00
2234,1336,14,1,68.00,24.00,0.00
2235,1336,4,1,69.99,22.00,0.00
2236,1337,2,1,399.99,210.00,0.00
2237,1337,38,1,199.99,78.00,20.00
2238,1338,36,1,94.99,34.00,0.00
2239,1338,13,1,124.99,42.00,0.00
2240,1339,22,1,99.99,38.00,0.00
2241,1339,18,1,59.99,20.00,0.00
2242,1340,16,1,74.99,26.00,0.00
2243,1340,28,1,329.99,140.00,0.00
2244,1341,27,1,32.00,11.00,0.00
2245,1341,17,1,159.99,55.00,0.00
2246,1342,26,1,24.99,6.50,0.00
2247,1343,7,1,249.99,110.00,0.00
2248,1344,35,1,29.99,9.00,3.00
2249,1345,18,1,59.99,20.00,0.00
2250,1346,15,1,28.00,8.50,0.00
2251,1346,32,2,42.00,12.00,0.00
2252,1347,27,2,32.00,11.00,1.60
2253,1348,10,3,79.99,32.00,0.00
2254,1349,29,1,54.99,18.00,0.00
2255,1349,14,2,68.00,24.00,10.20
2256,1349,25,1,39.95,14.00,0.00
2257,1349,34,1,64.99,22.00,0.00
2258,1350,8,1,89.99,38.00,0.00
2259,1351,31,2,22.00,5.50,3.30
2260,1352,23,1,89.99,32.00,0.00
2261,1352,17,1,159.99,55.00,0.00
2262,1353,9,1,34.99,12.00,1.75
2263,1353,31,1,22.00,5.50,0.00
2264,1353,22,1,99.99,38.00,0.00
2265,1354,21,1,129.99,45.00,0.00
2266,1354,38,1,199.99,78.00,0.00
2267,1355,7,1,249.99,110.00,0.00
2268,1355,9,1,34.99,12.00,0.00
2269,1356,19,1,169.99,62.00,0.00
2270,1357,14,1,68.00,24.00,0.00
2271,1358,4,1,69.99,22.00,0.00
2272,1358,9,1,34.99,12.00,0.00
2273,1359,30,2,28.00,7.00,0.00
2274,1359,3,2,119.99,48.00,0.00
2275,1359,34,1,64.99,22.00,0.00
2276,1360,20,2,99.99,35.00,0.00
2277,1361,31,3,22.00,5.50,0.00
2278,1362,12,1,88.00,30.00,4.40
2279,1363,38,1,199.99,78.00,0.00
2280,1363,4,1,69.99,22.00,10.50
2281,1364,20,1,99.99,35.00,0.00
2282,1365,38,1,199.99,78.00,0.00
2283,1365,2,1,399.99,210.00,60.00
2284,1365,29,1,54.99,18.00,0.00
2285,1366,33,1,289.99,115.00,0.00
2286,1366,16,1,74.99,26.00,0.00
2287,1367,19,1,169.99,62.00,0.00
2288,1367,18,1,59.99,20.00,0.00
2289,1367,22,1,99.99,38.00,15.00
2290,1368,3,1,119.99,48.00,6.00
2291,1368,13,1,124.99,42.00,0.00
2292,1368,20,1,99.99,35.00,0.00
2293,1369,30,1,28.00,7.00,4.20
2294,1369,17,1,159.99,55.00,0.00
2295,1369,3,1,119.99,48.00,0.00
2296,1369,25,1,39.95,14.00,4.00
2297,1370,27,1,32.00,11.00,0.00
2298,1370,14,1,68.00,24.00,0.00
2299,1371,30,1,28.00,7.00,0.00
2300,1372,4,1,69.99,22.00,0.00
2301,1372,1,1,179.99,75.00,0.00
2302,1373,8,1,89.99,38.00,0.00
2303,1374,32,2,42.00,12.00,0.00
2304,1375,37,1,29.99,8.50,0.00
2305,1375,25,1,39.95,14.00,0.00
2306,1375,35,2,29.99,9.00,0.00
2307,1376,29,1,54.99,18.00,0.00
2308,1376,13,1,124.99,42.00,0.00
2309,1377,30,2,28.00,7.00,0.00
2310,1377,34,1,64.99,22.00,0.00
2311,1378,6,1,49.99,18.50,5.00
2312,1378,2,1,399.99,210.00,0.00
2313,1379,6,2,49.99,18.50,0.00
2314,1380,7,1,249.99,110.00,0.00
2315,1381,19,1,169.99,62.00,0.00
2316,1382,10,1,79.99,32.00,0.00
2317,1383,12,2,88.00,30.00,0.00
2318,1383,11,2,69.99,28.00,0.00
2319,1384,2,1,399.99,210.00,0.00
2320,1385,18,1,59.99,20.00,0.00
2321,1385,6,1,49.99,18.50,0.00
2322,1386,24,1,69.99,25.00,0.00
2323,1386,36,2,94.99,34.00,0.00
2324,1387,15,1,28.00,8.50,0.00
2325,1387,35,1,29.99,9.00,0.00
2326,1388,6,1,49.99,18.50,0.00
2327,1389,16,3,74.99,26.00,0.00
2328,1390,11,1,69.99,28.00,3.50
2329,1391,20,1,99.99,35.00,0.00
2330,1391,15,1,28.00,8.50,0.00
2331,1391,23,1,89.99,32.00,9.00
2332,1392,27,1,32.00,11.00,0.00
2333,1392,19,1,169.99,62.00,17.00
2334,1392,25,1,39.95,14.00,0.00
2335,1393,22,1,99.99,38.00,0.00
2336,1394,3,1,119.99,48.00,0.00
2337,1394,20,1,99.99,35.00,0.00
2338,1395,2,1,399.99,210.00,0.00
2339,1395,11,1,69.99,28.00,0.00
2340,1396,35,1,29.99,9.00,0.00
2341,1397,24,1,69.99,25.00,0.00
2342,1397,3,1,119.99,48.00,0.00
2343,1397,23,1,89.99,32.00,0.00
2344,1398,11,1,69.99,28.00,0.00
2345,1398,36,1,94.99,34.00,0.00
2346,1398,24,1,69.99,25.00,0.00
2347,1399,5,1,49.99,16.00,0.00
2348,1399,31,1,22.00,5.50,0.00
2349,1399,32,1,42.00,12.00,4.20
2350,1400,38,1,199.99,78.00,0.00
2351,1400,24,1,69.99,25.00,7.00
2352,1400,5,1,49.99,16.00,0.00
2353,1400,28,1,329.99,140.00,0.00
2354,1401,12,1,88.00,30.00,0.00
2355,1402,19,2,169.99,62.00,0.00
2356,1403,37,2,29.99,8.50,3.00
2357,1403,26,1,24.99,6.50,0.00
2358,1404,17,2,159.99,55.00,0.00
2359,1404,27,1,32.00,11.00,0.00
2360,1405,22,2,99.99,38.00,0.00
2361,1406,35,2,29.99,9.00,0.00
2362,1407,13,1,124.99,42.00,0.00
2363,1408,34,3,64.99,22.00,0.00
2364,1409,29,1,54.99,18.00,0.00
2365,1409,25,1,39.95,14.00,0.00
2366,1410,27,1,32.00,11.00,3.20
2367,1410,31,1,22.00,5.50,0.00
2368,1411,18,1,59.99,20.00,0.00
2369,1412,20,1,99.99,35.00,5.00
2370,1412,25,1,39.95,14.00,0.00
2371,1412,5,1,49.99,16.00,0.00
2372,1413,15,1,28.00,8.50,1.40
2373,1414,2,2,399.99,210.00,0.00
2374,1415,28,1,329.99,140.00,0.00
2375,1415,34,1,64.99,22.00,0.00
2376,1415,10,1,79.99,32.00,0.00
2377,1416,30,1,28.00,7.00,0.00
2378,1417,20,1,99.99,35.00,0.00
2379,1418,13,1,124.99,42.00,0.00
2380,1418,21,3,129.99,45.00,0.00
2381,1419,17,1,159.99,55.00,0.00
2382,1420,31,1,22.00,5.50,1.10
2383,1421,19,1,169.99,62.00,0.00
2384,1422,23,1,89.99,32.00,0.00
2385,1422,30,1,28.00,7.00,0.00
2386,1422,20,2,99.99,35.00,5.00
2387,1423,20,1,99.99,35.00,0.00
2388,1423,15,1,28.00,8.50,0.00
2389,1424,31,1,22.00,5.50,3.30
2390,1425,19,1,169.99,62.00,8.50
2391,1426,34,1,64.99,22.00,0.00
2392,1426,14,1,68.00,24.00,0.00
2393,1426,26,1,24.99,6.50,0.00
2394,1427,9,1,34.99,12.00,0.00
2395,1427,11,2,69.99,28.00,0.00
2396,1427,36,1,94.99,34.00,0.00
2397,1427,10,2,79.99,32.00,0.00
2398,1428,14,1,68.00,24.00,0.00
2399,1429,26,1,24.99,6.50,0.00
2400,1429,3,1,119.99,48.00,0.00
2401,1429,18,1,59.99,20.00,0.00
2402,1430,28,1,329.99,140.00,0.00
2403,1430,23,1,89.99,32.00,9.00
2404,1431,34,1,64.99,22.00,0.00
2405,1432,11,1,69.99,28.00,0.00
2406,1432,5,2,49.99,16.00,0.00
2407,1432,16,2,74.99,26.00,0.00
2408,1433,37,1,29.99,8.50,0.00
2409,1434,36,1,94.99,34.00,0.00
2410,1435,2,1,399.99,210.00,20.00
2411,1436,5,3,49.99,16.00,0.00
2412,1436,17,1,159.99,55.00,0.00
2413,1437,37,3,29.99,8.50,0.00
2414,1438,3,1,119.99,48.00,0.00
2415,1439,31,1,22.00,5.50,0.00
2416,1439,7,1,249.99,110.00,0.00
2417,1439,24,2,69.99,25.00,0.00
2418,1440,38,1,199.99,78.00,0.00
2419,1441,34,1,64.99,22.00,0.00
2420,1441,22,1,99.99,38.00,0.00
2421,1441,31,2,22.00,5.50,0.00
2422,1442,28,2,329.99,140.00,0.00
2423,1442,23,1,89.99,32.00,0.00
2424,1442,26,1,24.99,6.50,0.00
2425,1443,17,1,159.99,55.00,8.00
2426,1443,21,2,129.99,45.00,0.00
2427,1443,3,1,119.99,48.00,0.00
2428,1444,2,1,399.99,210.00,0.00
2429,1445,35,1,29.99,9.00,0.00
2430,1446,4,3,69.99,22.00,0.00
2431,1447,3,2,119.99,48.00,0.00
2432,1448,30,1,28.00,7.00,0.00
2433,1448,18,2,59.99,20.00,0.00
2434,1448,28,2,329.99,140.00,0.00
2435,1449,31,1,22.00,5.50,0.00
2436,1449,17,2,159.99,55.00,0.00
2437,1450,32,1,42.00,12.00,0.00
2438,1451,30,1,28.00,7.00,0.00
2439,1452,29,1,54.99,18.00,0.00
2440,1452,24,1,69.99,25.00,0.00
2441,1452,18,1,59.99,20.00,0.00
2442,1453,28,2,329.99,140.00,16.50
2443,1454,37,1,29.99,8.50,0.00
2444,1454,8,1,89.99,38.00,0.00
2445,1454,9,1,34.99,12.00,0.00
2446,1455,33,2,289.99,115.00,43.50
2447,1456,32,1,42.00,12.00,0.00
2448,1457,34,2,64.99,22.00,0.00
2449,1458,29,1,54.99,18.00,0.00
2450,1459,34,1,64.99,22.00,0.00
2451,1460,13,3,124.99,42.00,0.00
2452,1461,4,1,69.99,22.00,0.00
2453,1461,8,2,89.99,38.00,0.00
2454,1462,11,1,69.99,28.00,0.00
2455,1462,16,1,74.99,26.00,0.00
2456,1463,14,1,68.00,24.00,10.20
2457,1463,11,1,69.99,28.00,0.00
2458,1464,9,1,34.99,12.00,5.25
2459,1464,4,1,69.99,22.00,0.00
2460,1464,20,3,99.99,35.00,0.00
2461,1465,14,1,68.00,24.00,0.00
2462,1466,35,1,29.99,9.00,0.00
2463,1466,11,2,69.99,28.00,0.00
2464,1466,32,1,42.00,12.00,0.00
2465,1467,6,2,49.99,18.50,0.00
2466,1467,22,1,99.99,38.00,0.00
2467,1468,22,1,99.99,38.00,0.00
2468,1469,17,1,159.99,55.00,0.00
2469,1469,19,1,169.99,62.00,0.00
2470,1470,33,1,289.99,115.00,0.00
2471,1470,5,1,49.99,16.00,0.00
2472,1470,4,2,69.99,22.00,0.00
2473,1471,33,1,289.99,115.00,0.00
2474,1472,37,2,29.99,8.50,0.00
2475,1472,27,2,32.00,11.00,3.20
2476,1472,30,1,28.00,7.00,0.00
2477,1473,11,1,69.99,28.00,0.00
2478,1473,29,2,54.99,18.00,0.00
2479,1473,28,1,329.99,140.00,0.00
2480,1474,4,3,69.99,22.00,0.00
2481,1474,22,1,99.99,38.00,0.00
2482,1474,19,1,169.99,62.00,0.00
2483,1475,24,2,69.99,25.00,0.00
2484,1476,1,1,179.99,75.00,0.00
2485,1477,36,2,94.99,34.00,14.25
2486,1477,21,1,129.99,45.00,0.00
2487,1478,27,1,32.00,11.00,0.00
2488,1478,3,1,119.99,48.00,0.00
2489,1478,34,1,64.99,22.00,0.00
2490,1479,11,1,69.99,28.00,10.50
2491,1480,1,1,179.99,75.00,0.00
2492,1481,29,1,54.99,18.00,0.00
2493,1482,1,1,179.99,75.00,0.00
2494,1483,27,1,32.00,11.00,0.00
2495,1484,36,1,94.99,34.00,0.00
2496,1485,21,1,129.99,45.00,0.00
2497,1486,37,2,29.99,8.50,0.00
2498,1486,25,1,39.95,14.00,0.00
2499,1486,18,2,59.99,20.00,3.00
2500,1487,32,1,42.00,12.00,0.00
2501,1488,14,1,68.00,24.00,0.00
2502,1488,33,1,289.99,115.00,0.00
2503,1489,21,1,129.99,45.00,0.00
2504,1489,29,1,54.99,18.00,0.00
2505,1490,31,1,22.00,5.50,0.00
2506,1490,28,1,329.99,140.00,0.00
2507,1490,17,2,159.99,55.00,0.00
2508,1491,30,1,28.00,7.00,0.00
2509,1492,35,1,29.99,9.00,0.00
2510,1493,14,1,68.00,24.00,3.40
2511,1494,34,1,64.99,22.00,0.00
2512,1494,18,1,59.99,20.00,0.00
2513,1495,12,1,88.00,30.00,0.00
2514,1496,28,1,329.99,140.00,0.00
2515,1497,19,1,169.99,62.00,0.00
2516,1498,13,1,124.99,42.00,0.00
2517,1499,30,2,28.00,7.00,0.00
2518,1500,23,1,89.99,32.00,0.00
2519,1500,28,1,329.99,140.00,0.00
2520,1500,36,1,94.99,34.00,4.75
2521,1501,13,1,124.99,42.00,0.00
2522,1502,27,2,32.00,11.00,0.00
2523,1502,22,1,99.99,38.00,0.00
2524,1502,31,2,22.00,5.50,0.00
2525,1503,20,1,99.99,35.00,10.00
2526,1504,24,1,69.99,25.00,0.00
2527,1504,20,1,99.99,35.00,0.00
2528,1505,1,1,179.99,75.00,9.00
2529,1505,18,1,59.99,20.00,0.00
2530,1506,35,1,29.99,9.00,0.00
2531,1507,5,3,49.99,16.00,0.00
2532,1508,5,1,49.99,16.00,0.00
2533,1508,32,1,42.00,12.00,0.00
2534,1509,22,1,99.99,38.00,0.00
2535,1509,37,1,29.99,8.50,0.00
2536,1510,21,1,129.99,45.00,0.00
2537,1511,5,1,49.99,16.00,0.00
2538,1511,8,2,89.99,38.00,0.00
2539,1512,37,1,29.99,8.50,0.00
2540,1513,34,2,64.99,22.00,0.00
2541,1513,30,1,28.00,7.00,0.00
2542,1513,32,1,42.00,12.00,0.00
2543,1514,37,1,29.99,8.50,0.00
2544,1515,30,2,28.00,7.00,0.00
2545,1515,19,1,169.99,62.00,17.00
2546,1515,34,1,64.99,22.00,0.00
2547,1516,8,1,89.99,38.00,0.00
2548,1517,24,1,69.99,25.00,0.00
2549,1518,17,1,159.99,55.00,16.00
2550,1518,28,2,329.99,140.00,16.50
2551,1519,31,1,22.00,5.50,0.00
2552,1519,36,1,94.99,34.00,14.25
2553,1520,33,1,289.99,115.00,0.00
2554,1521,11,1,69.99,28.00,0.00
2555,1521,9,1,34.99,12.00,0.00
2556,1522,37,1,29.99,8.50,0.00
2557,1522,6,2,49.99,18.50,0.00
2558,1523,30,1,28.00,7.00,0.00
2559,1523,11,1,69.99,28.00,0.00
2560,1523,4,1,69.99,22.00,0.00
2561,1524,25,2,39.95,14.00,0.00
2562,1525,7,1,249.99,110.00,0.00
2563,1526,1,1,179.99,75.00,0.00
2564,1527,14,2,68.00,24.00,0.00
2565,1527,10,1,79.99,32.00,0.00
2566,1528,13,1,124.99,42.00,0.00
2567,1529,25,1,39.95,14.00,0.00
2568,1529,12,2,88.00,30.00,0.00
2569,1530,11,1,69.99,28.00,0.00
2570,1530,10,1,79.99,32.00,0.00
2571,1531,17,1,159.99,55.00,8.00
2572,1531,31,2,22.00,5.50,0.00
2573,1531,4,1,69.99,22.00,0.00
2574,1532,1,1,179.99,75.00,0.00
2575,1532,11,1,69.99,28.00,0.00
2576,1533,14,1,68.00,24.00,0.00
2577,1534,31,1,22.00,5.50,2.20
2578,1534,36,1,94.99,34.00,0.00
2579,1535,18,1,59.99,20.00,3.00
2580,1535,33,2,289.99,115.00,0.00
2581,1536,1,2,179.99,75.00,0.00
2582,1537,28,1,329.99,140.00,0.00
2583,1537,33,1,289.99,115.00,0.00
2584,1538,20,1,99.99,35.00,0.00
2585,1538,18,1,59.99,20.00,0.00
2586,1538,37,1,29.99,8.50,0.00
2587,1539,17,2,159.99,55.00,0.00
2588,1540,6,1,49.99,18.50,0.00
2589,1541,29,1,54.99,18.00,0.00
2590,1541,31,1,22.00,5.50,0.00
2591,1542,20,1,99.99,35.00,0.00
2592,1542,4,1,69.99,22.00,0.00
2593,1542,35,1,29.99,9.00,0.00
2594,1543,24,1,69.99,25.00,0.00
2595,1543,5,2,49.99,16.00,0.00
2596,1544,12,1,88.00,30.00,0.00
2597,1545,21,1,129.99,45.00,0.00
2598,1545,12,2,88.00,30.00,0.00
2599,1546,34,1,64.99,22.00,0.00
2600,1546,2,2,399.99,210.00,0.00
2601,1547,16,1,74.99,26.00,7.50
2602,1548,31,3,22.00,5.50,0.00
2603,1549,16,2,74.99,26.00,0.00
2604,1549,35,2,29.99,9.00,0.00
2605,1550,7,1,249.99,110.00,0.00
2606,1551,32,1,42.00,12.00,0.00
2607,1551,20,3,99.99,35.00,0.00
2608,1552,10,1,79.99,32.00,0.00
2609,1553,13,2,124.99,42.00,0.00
2610,1554,37,2,29.99,8.50,0.00
2611,1554,15,1,28.00,8.50,0.00
2612,1554,23,1,89.99,32.00,0.00
2613,1555,32,2,42.00,12.00,0.00
2614,1556,16,1,74.99,26.00,0.00
2615,1557,2,1,399.99,210.00,0.00
2616,1558,34,1,64.99,22.00,0.00
2617,1559,31,1,22.00,5.50,1.10
2618,1559,1,1,179.99,75.00,0.00
2619,1560,3,2,119.99,48.00,0.00
2620,1561,4,1,69.99,22.00,0.00
2621,1562,5,2,49.99,16.00,0.00
2622,1562,34,2,64.99,22.00,0.00
2623,1563,14,1,68.00,24.00,3.40
2624,1563,33,1,289.99,115.00,43.50
2625,1563,31,1,22.00,5.50,0.00
2626,1564,6,1,49.99,18.50,0.00
2627,1564,30,2,28.00,7.00,4.20
2628,1564,15,1,28.00,8.50,0.00
2629,1565,37,1,29.99,8.50,0.00
2630,1566,13,1,124.99,42.00,0.00
2631,1566,16,1,74.99,26.00,0.00
2632,1567,5,1,49.99,16.00,0.00
2633,1567,23,1,89.99,32.00,9.00
2634,1568,34,1,64.99,22.00,0.00
2635,1568,38,1,199.99,78.00,0.00
2636,1569,3,2,119.99,48.00,0.00
2637,1569,30,1,28.00,7.00,0.00
2638,1570,35,2,29.99,9.00,0.00
2639,1570,1,2,179.99,75.00,27.00
2640,1571,9,1,34.99,12.00,0.00
2641,1571,19,1,169.99,62.00,0.00
2642,1571,20,1,99.99,35.00,5.00
2643,1571,32,1,42.00,12.00,0.00
2644,1572,34,3,64.99,22.00,0.00
2645,1572,37,1,29.99,8.50,0.00
2646,1573,30,1,28.00,7.00,0.00
2647,1573,29,2,54.99,18.00,0.00
2648,1573,33,1,289.99,115.00,0.00
2649,1573,38,1,199.99,78.00,30.00
2650,1574,7,2,249.99,110.00,0.00
2651,1574,33,1,289.99,115.00,29.00
2652,1575,21,1,129.99,45.00,0.00
2653,1576,2,1,399.99,210.00,60.00
2654,1576,25,1,39.95,14.00,0.00
2655,1577,29,1,54.99,18.00,0.00
2656,1577,16,1,74.99,26.00,0.00
2657,1578,6,1,49.99,18.50,0.00
2658,1578,35,1,29.99,9.00,0.00
2659,1579,18,2,59.99,20.00,0.00
2660,1580,11,1,69.99,28.00,7.00
2661,1580,33,1,289.99,115.00,0.00
2662,1580,34,1,64.99,22.00,0.00
2663,1581,18,1,59.99,20.00,0.00
2664,1582,4,1,69.99,22.00,10.50
2665,1583,19,1,169.99,62.00,0.00
2666,1584,28,1,329.99,140.00,0.00
2667,1585,8,1,89.99,38.00,0.00
2668,1586,34,1,64.99,22.00,0.00
2669,1587,37,1,29.99,8.50,0.00
2670,1587,27,1,32.00,11.00,0.00
2671,1587,17,1,159.99,55.00,0.00
2672,1588,19,1,169.99,62.00,8.50
2673,1588,10,1,79.99,32.00,12.00
2674,1589,25,1,39.95,14.00,0.00
2675,1590,19,1,169.99,62.00,0.00
2676,1591,18,1,59.99,20.00,0.00
2677,1592,14,1,68.00,24.00,0.00
2678,1593,11,1,69.99,28.00,0.00
2679,1594,5,1,49.99,16.00,2.50
2680,1594,24,1,69.99,25.00,10.50
2681,1594,23,1,89.99,32.00,9.00
2682,1595,15,1,28.00,8.50,2.80
2683,1596,30,1,28.00,7.00,0.00
2684,1596,24,1,69.99,25.00,0.00
2685,1597,18,1,59.99,20.00,0.00
2686,1597,23,1,89.99,32.00,0.00
2687,1598,29,2,54.99,18.00,2.75
2688,1599,30,1,28.00,7.00,0.00
2689,1599,22,1,99.99,38.00,0.00
2690,1599,1,2,179.99,75.00,27.00
2691,1600,1,1,179.99,75.00,18.00
2692,1600,38,1,199.99,78.00,0.00
2693,1600,22,2,99.99,38.00,0.00
2694,1601,15,1,28.00,8.50,0.00
2695,1602,17,1,159.99,55.00,0.00
2696,1602,13,1,124.99,42.00,0.00
2697,1602,19,1,169.99,62.00,0.00
2698,1603,24,1,69.99,25.00,0.00
2699,1603,35,1,29.99,9.00,0.00
2700,1604,6,1,49.99,18.50,0.00
2701,1605,8,1,89.99,38.00,0.00
2702,1605,28,1,329.99,140.00,0.00
2703,1606,38,1,199.99,78.00,0.00
2704,1607,9,1,34.99,12.00,0.00
2705,1607,4,1,69.99,22.00,0.00
2706,1607,15,3,28.00,8.50,0.00
2707,1608,37,2,29.99,8.50,1.50
2708,1608,23,1,89.99,32.00,0.00
2709,1609,14,1,68.00,24.00,0.00
2710,1609,2,1,399.99,210.00,0.00
2711,1610,29,1,54.99,18.00,0.00
2712,1610,2,1,399.99,210.00,40.00
2713,1611,4,2,69.99,22.00,0.00
2714,1612,36,1,94.99,34.00,0.00
2715,1613,32,1,42.00,12.00,0.00
2716,1613,20,1,99.99,35.00,0.00
2717,1613,1,1,179.99,75.00,0.00
2718,1614,33,1,289.99,115.00,0.00
2719,1615,34,1,64.99,22.00,0.00
2720,1615,11,1,69.99,28.00,0.00
2721,1615,8,1,89.99,38.00,0.00
2722,1616,30,1,28.00,7.00,0.00
2723,1616,25,1,39.95,14.00,0.00
2724,1617,17,1,159.99,55.00,0.00
2725,1618,21,2,129.99,45.00,13.00
2726,1619,30,1,28.00,7.00,1.40
2727,1619,24,1,69.99,25.00,0.00
2728,1619,20,1,99.99,35.00,0.00
2729,1619,18,1,59.99,20.00,0.00
2730,1620,16,2,74.99,26.00,3.75
2731,1620,11,1,69.99,28.00,10.50
2732,1621,33,1,289.99,115.00,0.00
2733,1621,17,1,159.99,55.00,0.00
2734,1622,18,1,59.99,20.00,0.00
2735,1623,33,1,289.99,115.00,0.00
2736,1624,14,2,68.00,24.00,0.00
2737,1625,21,1,129.99,45.00,0.00
2738,1625,25,1,39.95,14.00,0.00
2739,1625,3,2,119.99,48.00,0.00
2740,1626,35,1,29.99,9.00,0.00
2741,1627,4,1,69.99,22.00,0.00
2742,1627,6,2,49.99,18.50,0.00
2743,1627,1,1,179.99,75.00,0.00
2744,1628,24,1,69.99,25.00,0.00
2745,1628,5,2,49.99,16.00,0.00
2746,1629,27,1,32.00,11.00,0.00
2747,1630,16,1,74.99,26.00,7.50
2748,1631,11,1,69.99,28.00,0.00
2749,1631,4,1,69.99,22.00,0.00
2750,1632,38,1,199.99,78.00,0.00
2751,1633,22,1,99.99,38.00,0.00
2752,1634,29,1,54.99,18.00,0.00
2753,1635,37,1,29.99,8.50,3.00
2754,1636,15,1,28.00,8.50,0.00
2755,1636,16,1,74.99,26.00,0.00
2756,1636,37,3,29.99,8.50,0.00
2757,1637,15,1,28.00,8.50,2.80
2758,1637,29,1,54.99,18.00,0.00
2759,1637,8,1,89.99,38.00,0.00
2760,1638,12,2,88.00,30.00,0.00
2761,1638,3,1,119.99,48.00,6.00
2762,1638,26,1,24.99,6.50,0.00
2763,1639,11,1,69.99,28.00,0.00
2764,1640,33,1,289.99,115.00,0.00
2765,1641,24,1,69.99,25.00,10.50
2766,1642,22,1,99.99,38.00,0.00
2767,1642,19,1,169.99,62.00,0.00
2768,1642,26,1,24.99,6.50,0.00
2769,1643,27,2,32.00,11.00,0.00
2770,1644,33,1,289.99,115.00,0.00
2771,1644,24,3,69.99,25.00,0.00
2772,1645,15,1,28.00,8.50,0.00
2773,1645,29,1,54.99,18.00,0.00
2774,1646,13,1,124.99,42.00,0.00
2775,1646,30,1,28.00,7.00,1.40
2776,1646,9,2,34.99,12.00,0.00
2777,1647,13,1,124.99,42.00,0.00
2778,1648,2,2,399.99,210.00,0.00
2779,1648,30,1,28.00,7.00,0.00
2780,1649,26,1,24.99,6.50,2.50
2781,1649,30,1,28.00,7.00,0.00
2782,1650,14,1,68.00,24.00,0.00
2783,1650,34,1,64.99,22.00,0.00
2784,1651,10,1,79.99,32.00,0.00
2785,1651,21,1,129.99,45.00,0.00
2786,1652,13,2,124.99,42.00,0.00
2787,1653,25,1,39.95,14.00,0.00
2788,1653,6,2,49.99,18.50,0.00
2789,1654,11,3,69.99,28.00,0.00
2790,1654,18,3,59.99,20.00,0.00
2791,1655,21,1,129.99,45.00,0.00
2792,1655,27,2,32.00,11.00,0.00
2793,1655,6,1,49.99,18.50,0.00
2794,1655,15,2,28.00,8.50,0.00
2795,1656,32,1,42.00,12.00,0.00
2796,1657,25,1,39.95,14.00,0.00
2797,1658,26,1,24.99,6.50,0.00
2798,1658,14,1,68.00,24.00,0.00
2799,1659,30,1,28.00,7.00,0.00
2800,1660,17,3,159.99,55.00,0.00
2801,1661,9,1,34.99,12.00,0.00
2802,1662,11,1,69.99,28.00,7.00
2803,1662,8,2,89.99,38.00,0.00
2804,1662,25,1,39.95,14.00,0.00
2805,1663,3,1,119.99,48.00,12.00
2806,1663,11,1,69.99,28.00,0.00
2807,1664,6,1,49.99,18.50,5.00
2808,1664,26,3,24.99,6.50,0.00
2809,1665,17,2,159.99,55.00,0.00
2810,1666,13,1,124.99,42.00,0.00
2811,1667,11,1,69.99,28.00,0.00
2812,1668,26,1,24.99,6.50,0.00
2813,1668,18,1,59.99,20.00,0.00
2814,1669,8,2,89.99,38.00,9.00
2815,1669,36,1,94.99,34.00,0.00
2816,1670,26,1,24.99,6.50,2.50
2817,1671,29,1,54.99,18.00,0.00
2818,1672,20,1,99.99,35.00,5.00
2819,1673,5,1,49.99,16.00,0.00
2820,1674,3,2,119.99,48.00,0.00
2821,1674,9,1,34.99,12.00,0.00
2822,1675,12,1,88.00,30.00,0.00
2823,1675,35,1,29.99,9.00,0.00
2824,1676,22,1,99.99,38.00,0.00
2825,1677,34,1,64.99,22.00,0.00
2826,1678,16,1,74.99,26.00,0.00
2827,1679,1,1,179.99,75.00,18.00
2828,1679,25,1,39.95,14.00,0.00
2829,1679,11,1,69.99,28.00,0.00
2830,1680,34,1,64.99,22.00,0.00
2831,1681,7,1,249.99,110.00,0.00
2832,1682,20,1,99.99,35.00,0.00
2833,1683,38,1,199.99,78.00,0.00
2834,1684,37,1,29.99,8.50,0.00
2835,1684,8,1,89.99,38.00,0.00
2836,1685,16,3,74.99,26.00,0.00
2837,1685,4,1,69.99,22.00,0.00
2838,1685,22,1,99.99,38.00,0.00
2839,1686,27,1,32.00,11.00,0.00
2840,1686,1,1,179.99,75.00,0.00
2841,1686,28,1,329.99,140.00,0.00
2842,1687,32,1,42.00,12.00,0.00
2843,1688,11,1,69.99,28.00,3.50
2844,1689,33,3,289.99,115.00,0.00
2845,1690,24,1,69.99,25.00,0.00
2846,1691,19,1,169.99,62.00,0.00
2847,1691,6,1,49.99,18.50,5.00
2848,1692,18,1,59.99,20.00,0.00
2849,1693,2,1,399.99,210.00,0.00
2850,1693,22,1,99.99,38.00,0.00
2851,1694,35,1,29.99,9.00,3.00
2852,1695,25,1,39.95,14.00,0.00
2853,1695,28,1,329.99,140.00,0.00
2854,1696,9,1,34.99,12.00,0.00
2855,1697,24,1,69.99,25.00,0.00
2856,1698,24,2,69.99,25.00,0.00
2857,1698,21,2,129.99,45.00,0.00
2858,1698,30,1,28.00,7.00,0.00
2859,1699,11,1,69.99,28.00,0.00
2860,1699,31,1,22.00,5.50,0.00
2861,1700,10,2,79.99,32.00,0.00
2862,1700,4,1,69.99,22.00,3.50
2863,1701,35,1,29.99,9.00,0.00
2864,1701,22,2,99.99,38.00,0.00
2865,1701,5,1,49.99,16.00,0.00
2866,1702,16,1,74.99,26.00,0.00
2867,1703,13,1,124.99,42.00,0.00
2868,1703,14,1,68.00,24.00,0.00
2869,1703,33,2,289.99,115.00,0.00
2870,1703,3,1,119.99,48.00,0.00
2871,1704,28,1,329.99,140.00,0.00
2872,1705,27,1,32.00,11.00,0.00
2873,1706,23,1,89.99,32.00,0.00
2874,1707,8,1,89.99,38.00,9.00
2875,1708,13,1,124.99,42.00,0.00
2876,1708,6,3,49.99,18.50,0.00
2877,1709,28,1,329.99,140.00,0.00
2878,1709,1,1,179.99,75.00,0.00
2879,1710,4,1,69.99,22.00,0.00
2880,1711,24,1,69.99,25.00,0.00
2881,1711,33,2,289.99,115.00,0.00
2882,1712,23,1,89.99,32.00,0.00
2883,1712,6,1,49.99,18.50,0.00
2884,1712,25,1,39.95,14.00,0.00
2885,1713,1,1,179.99,75.00,0.00
2886,1713,2,1,399.99,210.00,0.00
2887,1714,31,2,22.00,5.50,0.00
2888,1715,15,1,28.00,8.50,0.00
2889,1715,28,3,329.99,140.00,0.00
2890,1716,32,1,42.00,12.00,0.00
2891,1716,16,1,74.99,26.00,0.00
2892,1717,19,1,169.99,62.00,0.00
2893,1718,33,2,289.99,115.00,0.00
2894,1718,22,1,99.99,38.00,0.00
2895,1719,27,3,32.00,11.00,0.00
2896,1719,6,3,49.99,18.50,0.00
2897,1719,36,1,94.99,34.00,0.00
2898,1720,12,2,88.00,30.00,0.00
2899,1720,9,1,34.99,12.00,0.00
2900,1720,17,1,159.99,55.00,8.00
2901,1720,24,1,69.99,25.00,0.00
2902,1721,31,1,22.00,5.50,0.00
2903,1722,11,1,69.99,28.00,10.50
2904,1723,9,1,34.99,12.00,0.00
2905,1724,6,2,49.99,18.50,0.00
2906,1724,37,1,29.99,8.50,0.00
2907,1725,1,1,179.99,75.00,0.00
2908,1726,5,1,49.99,16.00,0.00
2909,1727,21,1,129.99,45.00,0.00
2910,1728,27,1,32.00,11.00,0.00
2911,1728,9,1,34.99,12.00,0.00
2912,1729,26,1,24.99,6.50,0.00
2913,1730,12,3,88.00,30.00,4.40
2914,1730,18,1,59.99,20.00,0.00
2915,1731,22,1,99.99,38.00,0.00
2916,1731,27,2,32.00,11.00,0.00
2917,1731,29,1,54.99,18.00,5.50
2918,1731,7,1,249.99,110.00,0.00
2919,1732,5,1,49.99,16.00,0.00
2920,1732,33,1,289.99,115.00,0.00
2921,1733,18,1,59.99,20.00,0.00
2922,1734,25,2,39.95,14.00,0.00
2923,1734,7,1,249.99,110.00,0.00
2924,1735,13,1,124.99,42.00,0.00
2925,1735,17,1,159.99,55.00,0.00
2926,1736,3,2,119.99,48.00,0.00
2927,1736,38,1,199.99,78.00,0.00
2928,1737,30,1,28.00,7.00,0.00
2929,1738,36,2,94.99,34.00,0.00
2930,1738,7,2,249.99,110.00,0.00
2931,1739,29,1,54.99,18.00,0.00
2932,1740,1,1,179.99,75.00,0.00
2933,1740,23,1,89.99,32.00,0.00
2934,1741,5,1,49.99,16.00,0.00
2935,1741,26,1,24.99,6.50,0.00
2936,1742,34,1,64.99,22.00,3.25
2937,1742,33,1,289.99,115.00,0.00
2938,1743,1,2,179.99,75.00,0.00
2939,1744,3,1,119.99,48.00,0.00
2940,1744,29,1,54.99,18.00,0.00
2941,1744,14,1,68.00,24.00,0.00
2942,1744,34,1,64.99,22.00,0.00
2943,1745,7,1,249.99,110.00,25.00
2944,1746,38,1,199.99,78.00,0.00
2945,1746,3,1,119.99,48.00,0.00
2946,1746,13,1,124.99,42.00,0.00
2947,1746,23,2,89.99,32.00,0.00
2948,1747,29,3,54.99,18.00,0.00
2949,1747,27,1,32.00,11.00,0.00
2950,1748,37,1,29.99,8.50,0.00
2951,1748,31,1,22.00,5.50,0.00
2952,1749,1,1,179.99,75.00,0.00
2953,1749,12,1,88.00,30.00,0.00
2954,1750,31,1,22.00,5.50,2.20
2955,1751,36,2,94.99,34.00,0.00
2956,1751,9,1,34.99,12.00,0.00
2957,1752,1,1,179.99,75.00,18.00
2958,1753,30,1,28.00,7.00,0.00
2959,1754,23,2,89.99,32.00,0.00
2960,1755,34,2,64.99,22.00,0.00
2961,1755,24,1,69.99,25.00,10.50
2962,1756,3,1,119.99,48.00,12.00
2963,1757,28,1,329.99,140.00,33.00
2964,1758,37,1,29.99,8.50,0.00
2965,1758,10,2,79.99,32.00,8.00
2966,1759,35,1,29.99,9.00,0.00
2967,1760,25,3,39.95,14.00,0.00
2968,1760,38,1,199.99,78.00,0.00
2969,1760,30,3,28.00,7.00,0.00
2970,1761,7,1,249.99,110.00,0.00
2971,1762,26,1,24.99,6.50,0.00
2972,1762,12,1,88.00,30.00,0.00
2973,1763,35,2,29.99,9.00,0.00
2974,1764,28,1,329.99,140.00,0.00
2975,1765,24,1,69.99,25.00,0.00
2976,1766,35,1,29.99,9.00,0.00
2977,1766,12,2,88.00,30.00,0.00
2978,1767,2,2,399.99,210.00,0.00
2979,1768,4,1,69.99,22.00,0.00
2980,1769,4,1,69.99,22.00,0.00
2981,1769,7,1,249.99,110.00,0.00
2982,1769,25,3,39.95,14.00,0.00
2983,1770,7,1,249.99,110.00,0.00
2984,1771,1,1,179.99,75.00,0.00
2985,1771,19,1,169.99,62.00,0.00
2986,1771,27,1,32.00,11.00,0.00
2987,1772,32,1,42.00,12.00,0.00
2988,1773,23,1,89.99,32.00,0.00
2989,1773,18,1,59.99,20.00,3.00
2990,1774,2,1,399.99,210.00,0.00
2991,1774,23,2,89.99,32.00,0.00
2992,1775,5,1,49.99,16.00,0.00
2993,1776,23,1,89.99,32.00,0.00
2994,1776,9,1,34.99,12.00,1.75
2995,1777,19,1,169.99,62.00,0.00
2996,1778,16,1,74.99,26.00,0.00
2997,1778,36,1,94.99,34.00,0.00
2998,1779,10,2,79.99,32.00,0.00
2999,1779,36,1,94.99,34.00,0.00
3000,1780,18,1,59.99,20.00,6.00
3001,1780,33,1,289.99,115.00,14.50
3002,1780,32,1,42.00,12.00,0.00
3003,1780,7,1,249.99,110.00,25.00
3004,1781,17,1,159.99,55.00,0.00
3005,1782,18,1,59.99,20.00,0.00
3006,1783,13,1,124.99,42.00,0.00
3007,1784,1,1,179.99,75.00,0.00
3008,1784,20,1,99.99,35.00,0.00
3009,1785,36,1,94.99,34.00,0.00
3010,1785,4,1,69.99,22.00,0.00
3011,1786,15,1,28.00,8.50,0.00
3012,1787,35,3,29.99,9.00,0.00
3013,1788,17,1,159.99,55.00,0.00
3014,1789,38,3,199.99,78.00,20.00
3015,1790,17,1,159.99,55.00,0.00
3016,1790,2,2,399.99,210.00,0.00
3017,1791,21,1,129.99,45.00,0.00
3018,1791,28,2,329.99,140.00,0.00
3019,1791,18,2,59.99,20.00,0.00
3020,1791,14,2,68.00,24.00,0.00
3021,1792,27,1,32.00,11.00,0.00
3022,1793,25,1,39.95,14.00,0.00
3023,1793,21,1,129.99,45.00,0.00
3024,1793,31,2,22.00,5.50,0.00
3025,1794,38,1,199.99,78.00,0.00
3026,1795,14,1,68.00,24.00,0.00
3027,1795,8,3,89.99,38.00,4.50
3028,1795,34,1,64.99,22.00,0.00
3029,1796,24,1,69.99,25.00,0.00
3030,1796,27,2,32.00,11.00,4.80
3031,1797,14,1,68.00,24.00,0.00
3032,1798,27,3,32.00,11.00,0.00
3033,1798,21,2,129.99,45.00,0.00
3034,1799,5,2,49.99,16.00,0.00
3035,1800,36,1,94.99,34.00,0.00
3036,1801,4,1,69.99,22.00,3.50
3037,1802,10,2,79.99,32.00,0.00
3038,1803,2,1,399.99,210.00,0.00
3039,1804,29,1,54.99,18.00,0.00
3040,1804,3,3,119.99,48.00,0.00
3041,1804,10,3,79.99,32.00,0.00
3042,1805,33,3,289.99,115.00,14.50
3043,1805,11,1,69.99,28.00,10.50
3044,1806,2,1,399.99,210.00,0.00
3045,1807,26,3,24.99,6.50,0.00
3046,1808,22,1,99.99,38.00,0.00
3047,1809,34,1,64.99,22.00,6.50
3048,1809,3,2,119.99,48.00,0.00
3049,1809,22,1,99.99,38.00,0.00
3050,1809,29,1,54.99,18.00,0.00
3051,1810,3,1,119.99,48.00,0.00
3052,1810,36,1,94.99,34.00,4.75
3053,1810,26,1,24.99,6.50,0.00
3054,1811,10,2,79.99,32.00,0.00
3055,1812,38,1,199.99,78.00,0.00
3056,1812,29,2,54.99,18.00,0.00
3057,1813,2,1,399.99,210.00,0.00
3058,1814,10,1,79.99,32.00,0.00
3059,1815,7,1,249.99,110.00,0.00
3060,1816,33,2,289.99,115.00,0.00
3061,1816,8,1,89.99,38.00,4.50
3062,1816,32,1,42.00,12.00,0.00
3063,1817,36,1,94.99,34.00,0.00
3064,1817,8,1,89.99,38.00,0.00
3065,1817,4,1,69.99,22.00,0.00
3066,1817,22,1,99.99,38.00,0.00
3067,1818,9,3,34.99,12.00,3.50
3068,1819,13,2,124.99,42.00,12.50
3069,1819,26,1,24.99,6.50,0.00
3070,1820,16,1,74.99,26.00,0.00
3071,1821,32,2,42.00,12.00,0.00
3072,1822,3,1,119.99,48.00,18.00
3073,1823,36,1,94.99,34.00,0.00
3074,1823,32,1,42.00,12.00,0.00
3075,1823,25,2,39.95,14.00,0.00
3076,1823,17,2,159.99,55.00,0.00
3077,1824,16,1,74.99,26.00,0.00
3078,1825,35,2,29.99,9.00,1.50
3079,1826,10,3,79.99,32.00,0.00
3080,1827,17,1,159.99,55.00,0.00
3081,1828,9,1,34.99,12.00,0.00
3082,1828,33,1,289.99,115.00,0.00
3083,1828,2,1,399.99,210.00,0.00
3084,1829,5,1,49.99,16.00,0.00
3085,1829,2,1,399.99,210.00,0.00
3086,1830,32,3,42.00,12.00,0.00
3087,1831,15,1,28.00,8.50,0.00
3088,1832,15,2,28.00,8.50,0.00
3089,1832,13,1,124.99,42.00,6.25
3090,1833,4,3,69.99,22.00,0.00
3091,1833,11,1,69.99,28.00,0.00
3092,1834,26,1,24.99,6.50,0.00
3093,1835,33,2,289.99,115.00,0.00
3094,1836,4,1,69.99,22.00,0.00
3095,1837,29,1,54.99,18.00,0.00
3096,1838,21,1,129.99,45.00,0.00
3097,1838,19,1,169.99,62.00,0.00
3098,1838,38,1,199.99,78.00,0.00
3099,1839,13,1,124.99,42.00,0.00
3100,1840,7,1,249.99,110.00,0.00
3101,1840,17,1,159.99,55.00,0.00
3102,1841,1,1,179.99,75.00,0.00
3103,1841,33,1,289.99,115.00,0.00
3104,1842,23,1,89.99,32.00,0.00
3105,1842,8,1,89.99,38.00,13.50
3106,1842,30,1,28.00,7.00,0.00
3107,1843,22,1,99.99,38.00,0.00
3108,1844,31,1,22.00,5.50,0.00
3109,1845,18,1,59.99,20.00,0.00
3110,1845,31,2,22.00,5.50,1.10
3111,1846,13,1,124.99,42.00,0.00
3112,1847,4,1,69.99,22.00,0.00
3113,1847,32,1,42.00,12.00,0.00
3114,1848,14,1,68.00,24.00,0.00
3115,1848,26,2,24.99,6.50,0.00
3116,1849,2,1,399.99,210.00,0.00
3117,1850,30,2,28.00,7.00,0.00
3118,1851,16,1,74.99,26.00,0.00
3119,1851,27,2,32.00,11.00,0.00
3120,1852,38,1,199.99,78.00,0.00
3121,1853,36,1,94.99,34.00,0.00
3122,1854,5,1,49.99,16.00,0.00
3123,1855,12,1,88.00,30.00,0.00
3124,1856,11,1,69.99,28.00,0.00
3125,1857,10,2,79.99,32.00,0.00
3126,1858,32,1,42.00,12.00,0.00
3127,1859,20,2,99.99,35.00,0.00
3128,1860,35,1,29.99,9.00,0.00
3129,1861,7,1,249.99,110.00,0.00
3130,1862,35,2,29.99,9.00,0.00
3131,1863,15,1,28.00,8.50,0.00
3132,1863,20,1,99.99,35.00,0.00
3133,1863,29,3,54.99,18.00,0.00
3134,1864,14,1,68.00,24.00,0.00
3135,1865,31,1,22.00,5.50,0.00
3136,1866,16,3,74.99,26.00,0.00
3137,1867,32,1,42.00,12.00,0.00
3138,1867,15,1,28.00,8.50,0.00
3139,1868,8,2,89.99,38.00,0.00
3140,1869,37,1,29.99,8.50,0.00
3141,1870,18,1,59.99,20.00,0.00
3142,1871,32,1,42.00,12.00,0.00
3143,1872,1,1,179.99,75.00,0.00
3144,1873,31,1,22.00,5.50,3.30
3145,1874,24,2,69.99,25.00,0.00
3146,1874,31,1,22.00,5.50,2.20
3147,1874,21,3,129.99,45.00,0.00
3148,1875,33,1,289.99,115.00,0.00
3149,1875,36,1,94.99,34.00,0.00
3150,1876,22,2,99.99,38.00,0.00
3151,1876,1,1,179.99,75.00,0.00
3152,1877,2,1,399.99,210.00,0.00
3153,1877,6,1,49.99,18.50,0.00
3154,1878,20,1,99.99,35.00,0.00
3155,1879,21,1,129.99,45.00,0.00
3156,1880,13,2,124.99,42.00,0.00
3157,1880,36,1,94.99,34.00,0.00
3158,1881,13,2,124.99,42.00,0.00
3159,1882,12,2,88.00,30.00,0.00
3160,1882,31,1,22.00,5.50,0.00
3161,1883,34,1,64.99,22.00,9.75
3162,1883,24,1,69.99,25.00,0.00
3163,1884,22,1,99.99,38.00,10.00
3164,1885,1,1,179.99,75.00,0.00
3165,1886,33,1,289.99,115.00,0.00
3166,1886,36,2,94.99,34.00,0.00
3167,1887,19,1,169.99,62.00,17.00
3168,1888,28,1,329.99,140.00,0.00
3169,1888,6,1,49.99,18.50,0.00
3170,1889,37,1,29.99,8.50,4.50
3171,1890,9,2,34.99,12.00,0.00
3172,1891,19,2,169.99,62.00,0.00
3173,1892,3,1,119.99,48.00,0.00
3174,1892,17,2,159.99,55.00,0.00
3175,1893,7,1,249.99,110.00,0.00
3176,1893,20,1,99.99,35.00,15.00
3177,1893,1,1,179.99,75.00,0.00
3178,1894,7,1,249.99,110.00,0.00
3179,1894,15,1,28.00,8.50,0.00
3180,1894,2,1,399.99,210.00,0.00
3181,1895,23,1,89.99,32.00,9.00
3182,1896,38,1,199.99,78.00,0.00
3183,1896,20,1,99.99,35.00,0.00
3184,1897,6,2,49.99,18.50,5.00
3185,1897,22,1,99.99,38.00,0.00
3186,1898,17,1,159.99,55.00,8.00
3187,1899,30,1,28.00,7.00,0.00
3188,1899,36,2,94.99,34.00,14.25
3189,1899,3,1,119.99,48.00,0.00
3190,1900,1,1,179.99,75.00,0.00
3191,1900,32,1,42.00,12.00,0.00
3192,1901,25,1,39.95,14.00,0.00
3193,1902,24,1,69.99,25.00,0.00
3194,1902,10,2,79.99,32.00,0.00
3195,1902,31,1,22.00,5.50,0.00
3196,1903,34,2,64.99,22.00,0.00
3197,1904,33,1,289.99,115.00,0.00
3198,1904,8,1,89.99,38.00,0.00
3199,1904,38,1,199.99,78.00,0.00
3200,1905,32,1,42.00,12.00,0.00
3201,1906,28,2,329.99,140.00,0.00
3202,1907,15,1,28.00,8.50,0.00
3203,1907,13,2,124.99,42.00,0.00
3204,1908,24,3,69.99,25.00,7.00
3205,1909,38,1,199.99,78.00,0.00
3206,1909,6,1,49.99,18.50,0.00
3207,1909,2,1,399.99,210.00,0.00
3208,1910,22,3,99.99,38.00,10.00
3209,1910,7,3,249.99,110.00,12.50
3210,1910,36,1,94.99,34.00,0.00
3211,1911,37,3,29.99,8.50,0.00
3212,1912,6,2,49.99,18.50,0.00
3213,1913,30,1,28.00,7.00,0.00
3214,1914,3,1,119.99,48.00,0.00
3215,1915,34,1,64.99,22.00,0.00
3216,1915,11,1,69.99,28.00,7.00
3217,1916,8,1,89.99,38.00,0.00
3218,1917,20,1,99.99,35.00,0.00
3219,1918,27,3,32.00,11.00,0.00
3220,1919,35,1,29.99,9.00,4.50
3221,1920,33,1,289.99,115.00,29.00
3222,1920,1,1,179.99,75.00,0.00
3223,1920,19,1,169.99,62.00,8.50
3224,1920,13,1,124.99,42.00,18.75
3225,1921,12,2,88.00,30.00,0.00
3226,1922,7,1,249.99,110.00,0.00
3227,1923,8,1,89.99,38.00,0.00
3228,1924,22,2,99.99,38.00,0.00
3229,1924,27,1,32.00,11.00,0.00
3230,1925,17,1,159.99,55.00,0.00
3231,1926,21,1,129.99,45.00,13.00
3232,1927,24,1,69.99,25.00,0.00
3233,1927,31,1,22.00,5.50,0.00
3234,1928,8,1,89.99,38.00,0.00
3235,1929,7,1,249.99,110.00,0.00
3236,1930,20,1,99.99,35.00,0.00
3237,1930,27,1,32.00,11.00,4.80
3238,1930,29,1,54.99,18.00,0.00
3239,1930,14,1,68.00,24.00,3.40
3240,1931,26,1,24.99,6.50,3.75
3241,1931,6,2,49.99,18.50,7.50
3242,1931,30,1,28.00,7.00,0.00
3243,1932,31,3,22.00,5.50,0.00
3244,1932,38,1,199.99,78.00,10.00
3245,1932,25,1,39.95,14.00,0.00
3246,1932,23,2,89.99,32.00,0.00
3247,1933,27,2,32.00,11.00,0.00
3248,1934,26,1,24.99,6.50,0.00
3249,1934,28,1,329.99,140.00,0.00
3250,1934,10,2,79.99,32.00,0.00
3251,1935,22,1,99.99,38.00,0.00
3252,1936,28,2,329.99,140.00,0.00
3253,1937,7,2,249.99,110.00,0.00
3254,1938,3,1,119.99,48.00,0.00
3255,1939,18,1,59.99,20.00,0.00
3256,1939,7,1,249.99,110.00,0.00
3257,1939,21,1,129.99,45.00,0.00
3258,1939,19,2,169.99,62.00,0.00
3259,1940,24,1,69.99,25.00,0.00
3260,1940,16,1,74.99,26.00,0.00
3261,1940,5,1,49.99,16.00,0.00
3262,1941,2,1,399.99,210.00,0.00
3263,1942,10,1,79.99,32.00,0.00
3264,1943,18,2,59.99,20.00,0.00
3265,1943,3,2,119.99,48.00,0.00
3266,1944,35,3,29.99,9.00,0.00
3267,1945,30,1,28.00,7.00,4.20
3268,1945,38,1,199.99,78.00,0.00
3269,1946,28,1,329.99,140.00,0.00
3270,1946,8,3,89.99,38.00,0.00
3271,1946,12,1,88.00,30.00,0.00
3272,1947,17,1,159.99,55.00,0.00
3273,1948,22,3,99.99,38.00,0.00
3274,1948,15,2,28.00,8.50,4.20
3275,1949,12,1,88.00,30.00,0.00
3276,1950,5,1,49.99,16.00,5.00
3277,1950,9,1,34.99,12.00,0.00
3278,1951,26,3,24.99,6.50,0.00
3279,1951,37,2,29.99,8.50,0.00
3280,1951,18,2,59.99,20.00,0.00
3281,1952,38,2,199.99,78.00,20.00
3282,1953,8,1,89.99,38.00,0.00
3283,1954,5,2,49.99,16.00,0.00
3284,1954,29,1,54.99,18.00,0.00
3285,1955,15,2,28.00,8.50,0.00
3286,1956,15,2,28.00,8.50,0.00
3287,1957,12,1,88.00,30.00,0.00
3288,1957,37,3,29.99,8.50,1.50
3289,1958,23,1,89.99,32.00,9.00
3290,1959,26,2,24.99,6.50,0.00
3291,1959,14,1,68.00,24.00,0.00
3292,1960,4,1,69.99,22.00,0.00
3293,1961,38,2,199.99,78.00,0.00
3294,1961,9,1,34.99,12.00,0.00
3295,1962,21,1,129.99,45.00,0.00
3296,1963,9,2,34.99,12.00,0.00
3297,1963,2,2,399.99,210.00,0.00
3298,1964,35,1,29.99,9.00,0.00
3299,1964,7,3,249.99,110.00,0.00
3300,1964,37,2,29.99,8.50,0.00
3301,1965,29,1,54.99,18.00,0.00
3302,1965,17,3,159.99,55.00,0.00
3303,1966,12,1,88.00,30.00,0.00
3304,1967,17,2,159.99,55.00,8.00
3305,1968,4,1,69.99,22.00,0.00
3306,1969,19,2,169.99,62.00,0.00
3307,1969,35,1,29.99,9.00,4.50
3308,1970,6,1,49.99,18.50,0.00
3309,1971,8,1,89.99,38.00,0.00
3310,1971,24,1,69.99,25.00,3.50
3311,1972,31,2,22.00,5.50,0.00
3312,1972,25,1,39.95,14.00,2.00
3313,1972,13,2,124.99,42.00,0.00
3314,1973,17,2,159.99,55.00,0.00
3315,1974,33,2,289.99,115.00,14.50
3316,1975,18,2,59.99,20.00,0.00
3317,1975,32,1,42.00,12.00,0.00
3318,1976,37,1,29.99,8.50,0.00
3319,1976,20,1,99.99,35.00,0.00
3320,1976,2,1,399.99,210.00,0.00
3321,1976,1,1,179.99,75.00,0.00
3322,1977,31,1,22.00,5.50,0.00
3323,1978,35,1,29.99,9.00,0.00
3324,1979,24,1,69.99,25.00,0.00
3325,1979,11,1,69.99,28.00,0.00
3326,1980,23,1,89.99,32.00,0.00
3327,1981,27,1,32.00,11.00,0.00
3328,1981,32,1,42.00,12.00,0.00
3329,1982,24,3,69.99,25.00,0.00
3330,1983,35,1,29.99,9.00,0.00
3331,1983,21,1,129.99,45.00,0.00
3332,1984,31,2,22.00,5.50,0.00
3333,1984,25,1,39.95,14.00,0.00
3334,1985,22,1,99.99,38.00,0.00
3335,1985,14,1,68.00,24.00,0.00
3336,1985,1,1,179.99,75.00,0.00
3337,1985,29,1,54.99,18.00,0.00
3338,1986,28,1,329.99,140.00,0.00
3339,1986,26,1,24.99,6.50,0.00
3340,1987,24,1,69.99,25.00,0.00
3341,1988,38,2,199.99,78.00,0.00
3342,1988,8,1,89.99,38.00,0.00
3343,1988,25,1,39.95,14.00,0.00
3344,1988,13,1,124.99,42.00,0.00
3345,1989,14,2,68.00,24.00,0.00
3346,1990,25,1,39.95,14.00,0.00
3347,1991,30,3,28.00,7.00,0.00
3348,1992,2,2,399.99,210.00,0.00
3349,1992,13,2,124.99,42.00,0.00
3350,1993,19,1,169.99,62.00,0.00
3351,1993,13,1,124.99,42.00,0.00
3352,1993,36,1,94.99,34.00,0.00
3353,1994,31,3,22.00,5.50,0.00
3354,1994,9,2,34.99,12.00,0.00
3355,1994,6,1,49.99,18.50,0.00
3356,1995,30,1,28.00,7.00,0.00
3357,1996,6,3,49.99,18.50,0.00
3358,1996,11,1,69.99,28.00,0.00
3359,1996,34,1,64.99,22.00,0.00
3360,1997,21,1,129.99,45.00,19.50
3361,1998,16,1,74.99,26.00,0.00
3362,1998,30,1,28.00,7.00,0.00
3363,1999,6,1,49.99,18.50,0.00
3364,1999,2,1,399.99,210.00,0.00
3365,1999,8,1,89.99,38.00,0.00
3366,2000,6,1,49.99,18.50,0.00
3367,2000,29,2,54.99,18.00,0.00
3368,2001,3,1,119.99,48.00,0.00
3369,2002,11,1,69.99,28.00,0.00
3370,2002,17,1,159.99,55.00,0.00
3371,2002,1,1,179.99,75.00,0.00
3372,2002,27,1,32.00,11.00,0.00
3373,2003,6,2,49.99,18.50,0.00
3374,2003,5,1,49.99,16.00,0.00
3375,2004,27,1,32.00,11.00,0.00
3376,2004,4,1,69.99,22.00,0.00
3377,2004,10,2,79.99,32.00,0.00
3378,2005,33,2,289.99,115.00,0.00
3379,2006,17,1,159.99,55.00,0.00
3380,2007,32,1,42.00,12.00,6.30
3381,2008,3,1,119.99,48.00,0.00
3382,2008,36,1,94.99,34.00,0.00
3383,2008,11,2,69.99,28.00,0.00
3384,2009,23,2,89.99,32.00,4.50
3385,2010,10,1,79.99,32.00,0.00
3386,2011,37,1,29.99,8.50,0.00
3387,2012,6,1,49.99,18.50,0.00
3388,2012,21,1,129.99,45.00,0.00
3389,2012,3,2,119.99,48.00,0.00
3390,2013,24,1,69.99,25.00,0.00
3391,2014,12,2,88.00,30.00,0.00
3392,2014,36,2,94.99,34.00,0.00
3393,2015,35,1,29.99,9.00,0.00
3394,2015,15,1,28.00,8.50,0.00
3395,2016,19,1,169.99,62.00,0.00
3396,2016,30,1,28.00,7.00,0.00
3397,2017,10,1,79.99,32.00,0.00
3398,2018,24,2,69.99,25.00,0.00
3399,2019,23,2,89.99,32.00,0.00
3400,2019,35,1,29.99,9.00,0.00
3401,2019,26,1,24.99,6.50,0.00
3402,2020,18,1,59.99,20.00,0.00
3403,2021,36,2,94.99,34.00,0.00
3404,2021,32,1,42.00,12.00,0.00
3405,2022,16,2,74.99,26.00,0.00
3406,2023,32,1,42.00,12.00,0.00
3407,2023,3,2,119.99,48.00,0.00
3408,2024,31,1,22.00,5.50,0.00
3409,2025,4,1,69.99,22.00,0.00
3410,2026,35,1,29.99,9.00,3.00
3411,2027,21,1,129.99,45.00,19.50
3412,2028,23,1,89.99,32.00,0.00
3413,2029,19,1,169.99,62.00,0.00
3414,2029,7,2,249.99,110.00,25.00
3415,2030,10,1,79.99,32.00,0.00
3416,2030,25,1,39.95,14.00,0.00
3417,2031,29,1,54.99,18.00,0.00
3418,2031,6,2,49.99,18.50,0.00
3419,2032,28,1,329.99,140.00,0.00
3420,2033,18,2,59.99,20.00,0.00
3421,2033,24,2,69.99,25.00,0.00
3422,2033,27,3,32.00,11.00,0.00
3423,2033,36,1,94.99,34.00,0.00
3424,2034,3,1,119.99,48.00,0.00
3425,2034,9,1,34.99,12.00,0.00
3426,2034,13,1,124.99,42.00,0.00
3427,2034,1,2,179.99,75.00,27.00
3428,2035,28,1,329.99,140.00,0.00
3429,2035,33,1,289.99,115.00,0.00
3430,2035,20,1,99.99,35.00,0.00
3431,2036,36,2,94.99,34.00,0.00
3432,2037,30,1,28.00,7.00,0.00
3433,2038,26,2,24.99,6.50,0.00
3434,2038,30,1,28.00,7.00,0.00
3435,2038,34,2,64.99,22.00,0.00
3436,2039,11,1,69.99,28.00,10.50
3437,2040,5,1,49.99,16.00,0.00
3438,2041,4,1,69.99,22.00,0.00
3439,2042,36,2,94.99,34.00,0.00
3440,2042,37,1,29.99,8.50,0.00
3441,2042,3,2,119.99,48.00,0.00
3442,2042,18,2,59.99,20.00,0.00
3443,2043,28,1,329.99,140.00,0.00
3444,2044,36,1,94.99,34.00,0.00
3445,2045,7,1,249.99,110.00,0.00
3446,2046,7,1,249.99,110.00,0.00
3447,2047,18,3,59.99,20.00,0.00
3448,2048,31,1,22.00,5.50,2.20
3449,2048,27,2,32.00,11.00,0.00
3450,2049,25,1,39.95,14.00,0.00
3451,2050,12,1,88.00,30.00,0.00
3452,2051,15,1,28.00,8.50,0.00
3453,2051,36,1,94.99,34.00,0.00
3454,2052,27,1,32.00,11.00,0.00
3455,2052,12,3,88.00,30.00,8.80
3456,2053,38,1,199.99,78.00,0.00
3457,2053,11,1,69.99,28.00,7.00
3458,2054,6,1,49.99,18.50,0.00
3459,2054,1,1,179.99,75.00,0.00
3460,2054,4,2,69.99,22.00,0.00
3461,2055,1,1,179.99,75.00,0.00
3462,2055,21,1,129.99,45.00,0.00
3463,2056,26,1,24.99,6.50,0.00
3464,2057,23,3,89.99,32.00,0.00
3465,2057,3,1,119.99,48.00,0.00
3466,2058,23,2,89.99,32.00,0.00
3467,2058,4,1,69.99,22.00,0.00
3468,2059,13,1,124.99,42.00,0.00
3469,2059,36,1,94.99,34.00,0.00
3470,2059,35,1,29.99,9.00,0.00
3471,2060,18,2,59.99,20.00,0.00
3472,2060,15,3,28.00,8.50,2.80
3473,2060,2,1,399.99,210.00,0.00
3474,2061,19,2,169.99,62.00,25.50
3475,2061,4,1,69.99,22.00,0.00
3476,2061,31,1,22.00,5.50,0.00
3477,2062,27,1,32.00,11.00,0.00
3478,2062,29,2,54.99,18.00,8.25
3479,2063,9,1,34.99,12.00,0.00
3480,2064,24,1,69.99,25.00,0.00
3481,2065,8,1,89.99,38.00,0.00
3482,2066,16,1,74.99,26.00,0.00
3483,2067,31,3,22.00,5.50,0.00
3484,2067,14,1,68.00,24.00,0.00
3485,2068,30,1,28.00,7.00,0.00
3486,2068,4,1,69.99,22.00,7.00
3487,2069,13,1,124.99,42.00,0.00
3488,2069,9,3,34.99,12.00,0.00
3489,2069,28,1,329.99,140.00,0.00
3490,2070,32,1,42.00,12.00,0.00
3491,2070,22,1,99.99,38.00,0.00
3492,2070,11,2,69.99,28.00,0.00
3493,2071,33,1,289.99,115.00,0.00
3494,2071,24,1,69.99,25.00,0.00
3495,2072,37,1,29.99,8.50,0.00
3496,2073,14,1,68.00,24.00,0.00
3497,2074,4,1,69.99,22.00,0.00
3498,2075,21,1,129.99,45.00,0.00
3499,2075,15,2,28.00,8.50,0.00
3500,2076,32,1,42.00,12.00,0.00
3501,2076,19,2,169.99,62.00,0.00
3502,2077,9,2,34.99,12.00,3.50
3503,2078,17,1,159.99,55.00,0.00
3504,2079,15,1,28.00,8.50,0.00
3505,2080,2,1,399.99,210.00,0.00
3506,2081,1,1,179.99,75.00,18.00
3507,2081,6,1,49.99,18.50,0.00
3508,2082,13,1,124.99,42.00,0.00
3509,2082,9,3,34.99,12.00,1.75
3510,2083,32,1,42.00,12.00,0.00
3511,2084,21,2,129.99,45.00,0.00
3512,2084,14,1,68.00,24.00,0.00
3513,2085,25,1,39.95,14.00,2.00
3514,2085,8,2,89.99,38.00,9.00
3515,2086,28,1,329.99,140.00,49.50
3516,2087,27,2,32.00,11.00,0.00
3517,2088,35,1,29.99,9.00,0.00
3518,2088,33,1,289.99,115.00,0.00
3519,2088,10,1,79.99,32.00,0.00
3520,2089,5,1,49.99,16.00,0.00
3521,2089,21,1,129.99,45.00,0.00
3522,2090,6,2,49.99,18.50,0.00
3523,2090,5,2,49.99,16.00,0.00
3524,2091,26,2,24.99,6.50,0.00
3525,2091,20,2,99.99,35.00,0.00
3526,2092,24,1,69.99,25.00,0.00
3527,2092,37,3,29.99,8.50,1.50
3528,2093,2,2,399.99,210.00,0.00
3529,2093,18,1,59.99,20.00,0.00
3530,2094,10,1,79.99,32.00,0.00
3531,2095,33,2,289.99,115.00,0.00
3532,2096,28,2,329.99,140.00,0.00
3533,2097,31,3,22.00,5.50,0.00
3534,2097,4,1,69.99,22.00,0.00
3535,2097,36,1,94.99,34.00,0.00
3536,2098,1,1,179.99,75.00,9.00
3537,2099,20,1,99.99,35.00,0.00
3538,2099,30,1,28.00,7.00,0.00
3539,2100,26,1,24.99,6.50,0.00
3540,2101,24,1,69.99,25.00,0.00
3541,2101,17,1,159.99,55.00,0.00
3542,2102,7,2,249.99,110.00,0.00
3543,2102,14,1,68.00,24.00,0.00
3544,2102,35,1,29.99,9.00,0.00
3545,2103,10,1,79.99,32.00,0.00
3546,2103,15,1,28.00,8.50,1.40
3547,2104,15,1,28.00,8.50,4.20
3548,2105,11,1,69.99,28.00,0.00
3549,2105,19,1,169.99,62.00,0.00
3550,2106,11,2,69.99,28.00,0.00
3551,2106,24,1,69.99,25.00,0.00
3552,2107,24,1,69.99,25.00,0.00
3553,2107,2,1,399.99,210.00,0.00
3554,2107,5,1,49.99,16.00,0.00
3555,2107,6,2,49.99,18.50,0.00
3556,2108,27,1,32.00,11.00,0.00
3557,2109,35,2,29.99,9.00,0.00
3558,2110,22,1,99.99,38.00,0.00
3559,2111,21,2,129.99,45.00,0.00
3560,2112,9,1,34.99,12.00,0.00
3561,2112,38,1,199.99,78.00,0.00
3562,2113,13,1,124.99,42.00,12.50
3563,2113,17,1,159.99,55.00,0.00
3564,2114,13,1,124.99,42.00,0.00
3565,2115,5,1,49.99,16.00,0.00
3566,2115,9,1,34.99,12.00,0.00
3567,2116,6,2,49.99,18.50,2.50
3568,2117,22,3,99.99,38.00,0.00
3569,2118,36,2,94.99,34.00,0.00
3570,2119,32,3,42.00,12.00,0.00
3571,2119,22,1,99.99,38.00,0.00
3572,2120,6,1,49.99,18.50,0.00
3573,2121,14,1,68.00,24.00,10.20
3574,2122,11,1,69.99,28.00,0.00
3575,2123,37,1,29.99,8.50,0.00
3576,2124,26,2,24.99,6.50,0.00
3577,2125,20,2,99.99,35.00,0.00
3578,2125,1,1,179.99,75.00,0.00
3579,2125,5,2,49.99,16.00,0.00
3580,2126,37,3,29.99,8.50,4.50
3581,2127,27,1,32.00,11.00,3.20
3582,2127,9,2,34.99,12.00,0.00
3583,2128,38,2,199.99,78.00,0.00
3584,2129,16,1,74.99,26.00,7.50
3585,2130,2,1,399.99,210.00,0.00
3586,2130,1,1,179.99,75.00,0.00
3587,2130,36,1,94.99,34.00,0.00
3588,2131,19,1,169.99,62.00,0.00
3589,2132,7,1,249.99,110.00,0.00
3590,2133,3,3,119.99,48.00,18.00
3591,2133,30,1,28.00,7.00,0.00
3592,2134,33,3,289.99,115.00,0.00
3593,2134,19,1,169.99,62.00,0.00
3594,2135,1,1,179.99,75.00,0.00
3595,2136,6,1,49.99,18.50,7.50
3596,2136,17,2,159.99,55.00,0.00
3597,2137,23,3,89.99,32.00,0.00
3598,2137,1,1,179.99,75.00,0.00
3599,2138,17,1,159.99,55.00,0.00
3600,2138,9,1,34.99,12.00,0.00
3601,2138,29,1,54.99,18.00,0.00
3602,2139,19,1,169.99,62.00,17.00
3603,2140,37,1,29.99,8.50,0.00
3604,2141,14,1,68.00,24.00,0.00
