payment_id,order_id,payment_method,payment_status,amount,transaction_timestamp,gateway_transaction_id
1,1,credit_card,completed,84.00,2025-12-03 09:31:57+00,TXN-CDA0C54F9F22
2,2,debit_card,completed,292.18,2025-04-20 09:30:33+00,TXN-AF4470A416EE
3,3,credit_card,completed,429.98,2025-11-08 22:42:57+00,TXN-70FEB7CA6B45
4,4,apple_pay,completed,371.99,2024-10-25 12:43:29+00,TXN-AB4800A64D4E
5,5,credit_card,completed,119.98,2024-11-01 16:50:32+00,TXN-6F3FA3B2A78D
6,6,credit_card,completed,958.75,2024-07-01 20:11:54+00,TXN-89EA1552C3A4
7,7,credit_card,completed,65.97,2024-07-13 02:18:54+00,TXN-0846E82F6890
8,8,debit_card,completed,523.98,2024-10-04 16:00:33+00,TXN-D4A2E7DFC681
9,9,credit_card,completed,229.97,2024-10-25 11:34:43+00,TXN-C5D3DD1F913B
10,10,credit_card,completed,98.00,2024-12-01 18:05:43+00,TXN-750501E6C9E7
11,11,credit_card,completed,349.97,2025-09-21 04:05:29+00,TXN-841CAC24DBC2
12,12,paypal,completed,35.98,2024-11-16 22:46:47+00,TXN-5C230DD6DB23
13,13,credit_card,completed,132.09,2024-11-24 04:35:47+00,TXN-7AA351B2B749
14,14,credit_card,completed,361.98,2024-12-12 13:23:07+00,TXN-E60130C1DAC3
15,15,credit_card,completed,249.99,2025-11-06 07:50:18+00,TXN-DB868313D689
16,16,credit_card,completed,59.98,2025-01-02 00:29:56+00,TXN-7D59CF591909
17,17,debit_card,completed,139.98,2025-08-26 10:26:07+00,TXN-BD7039364CC9
18,18,apple_pay,completed,349.98,2025-11-22 20:35:55+00,TXN-65BFCFFF6453
19,19,credit_card,refunded,529.97,2026-01-21 04:44:55+00,TXN-22DACC01BBDB
20,20,debit_card,completed,399.99,2026-02-22 14:44:55+00,TXN-9D356D85F278
21,21,paypal,completed,229.98,2024-05-04 09:38:49+00,TXN-367A4AABD8BC
22,22,debit_card,completed,69.99,2024-06-28 20:08:49+00,TXN-A31BE038887A
23,23,upi,completed,119.98,2024-08-09 22:25:49+00,TXN-76730A36FCE2
24,24,credit_card,completed,33.99,2024-10-12 08:04:06+00,TXN-019001DF2CC3
25,25,debit_card,completed,119.99,2025-08-24 05:58:07+00,TXN-278B3F8D4DF6
26,26,debit_card,completed,48.48,2025-09-03 12:54:07+00,TXN-37FC1411EE58
27,27,credit_card,failed,319.98,2024-12-01 07:16:46+00,TXN-0B9BD0489792
28,28,apple_pay,completed,94.99,2025-01-23 17:24:46+00,TXN-881CDFEC3A61
29,29,credit_card,completed,89.99,2024-12-29 07:24:42+00,TXN-EA008ED9E2C4
30,30,apple_pay,completed,59.97,2024-03-10 17:14:25+00,TXN-08D66F4AFCA0
31,31,debit_card,completed,169.98,2025-06-17 09:44:58+00,TXN-86D54221A881
32,32,debit_card,completed,221.99,2025-09-21 17:47:06+00,TXN-D1F9FC992FD1
33,33,credit_card,completed,274.96,2025-09-30 23:12:06+00,TXN-0E96843F81A6
34,34,credit_card,completed,196.97,2025-11-06 03:42:06+00,TXN-4025B25CDA1F
35,35,apple_pay,completed,33.99,2025-12-20 14:10:06+00,TXN-8AC4F2234D05
36,36,credit_card,completed,35.98,2025-11-13 16:29:02+00,TXN-4121913D7D65
37,37,debit_card,completed,27.99,2024-06-03 04:43:03+00,TXN-DC7B445F27D3
38,38,paypal,completed,78.47,2024-03-04 01:00:34+00,TXN-0793870507AB
39,39,paypal,refunded,315.47,2024-04-21 08:48:34+00,TXN-1DD17CF0E3B5
40,40,credit_card,completed,75.98,2025-10-29 17:02:06+00,TXN-A6D490640873
41,41,debit_card,completed,70.98,2025-12-20 00:38:06+00,TXN-3A0CF8820586
42,42,debit_card,completed,79.90,2026-01-30 10:32:06+00,TXN-524605B1D02A
43,43,credit_card,completed,35.98,2024-01-09 12:32:44+00,TXN-A5E36117499F
44,44,paypal,completed,314.97,2024-02-15 01:29:44+00,TXN-C401AFA5DB1F
45,45,debit_card,completed,449.96,2024-03-30 02:44:44+00,TXN-4472E668BA57
46,46,upi,completed,199.98,2024-06-18 12:16:19+00,TXN-B9FE61AE3F49
47,47,credit_card,completed,60.98,2025-02-23 04:38:31+00,TXN-5C640672FD44
48,48,credit_card,completed,119.98,2025-12-04 05:45:30+00,TXN-46787618EAAD
49,49,paypal,completed,199.98,2025-03-23 13:06:36+00,TXN-17BDA07F4F5B
50,50,debit_card,completed,161.98,2024-04-23 09:16:52+00,TXN-341E856B0D0C
51,51,credit_card,completed,199.99,2025-03-14 16:28:43+00,TXN-DCCC151ECA4C
52,52,credit_card,completed,33.99,2025-04-24 23:59:43+00,TXN-A8502C13B4E1
53,53,debit_card,completed,509.96,2025-11-17 08:08:07+00,TXN-C5ED2755E712
54,54,paypal,completed,239.96,2025-11-29 15:37:07+00,TXN-C9680126C0EB
55,55,upi,completed,845.07,2025-09-28 16:46:00+00,TXN-E1A3F58A5BFC
56,56,credit_card,refunded,319.98,2025-12-01 18:46:49+00,TXN-3738EDF87153
57,57,upi,completed,254.98,2025-05-17 10:06:08+00,TXN-754BFBDE1242
58,58,debit_card,completed,35.98,2024-09-17 19:24:40+00,TXN-40E0650737F1
59,59,upi,completed,152.99,2024-03-05 05:28:49+00,TXN-C8D3D2C11937
60,60,upi,completed,165.75,2024-09-05 23:12:07+00,TXN-8D553DE8EED4
61,61,debit_card,completed,134.98,2025-11-26 12:07:55+00,TXN-EEFF0C2D3158
62,62,credit_card,completed,89.99,2025-12-19 16:58:55+00,TXN-66F58327EEFF
63,63,paypal,completed,37.99,2026-01-19 00:12:55+00,TXN-2CF36B6AC7A5
64,64,paypal,completed,171.60,2026-02-26 08:52:55+00,TXN-2C1CA1F49445
65,65,credit_card,completed,129.98,2024-09-28 10:16:09+00,TXN-8963431A263A
66,66,upi,completed,712.47,2024-06-23 09:24:54+00,TXN-2C45065CA587
67,67,credit_card,completed,210.99,2024-08-22 17:04:54+00,TXN-DCD4F9A00F75
68,68,debit_card,completed,224.99,2024-08-12 00:52:14+00,TXN-547AB60A92E2
69,69,upi,completed,582.97,2024-09-15 08:10:14+00,TXN-D66C94BA8CCA
70,70,paypal,completed,405.46,2024-04-13 07:55:33+00,TXN-9BA8022F4E6C
71,71,credit_card,completed,265.47,2024-09-15 06:53:08+00,TXN-B997ABBEF4FB
72,72,apple_pay,completed,70.98,2024-01-14 18:16:39+00,TXN-1E842BFCFCDE
73,73,credit_card,completed,149.97,2025-10-28 03:40:02+00,TXN-2F4FAAAF1B8A
74,74,paypal,completed,176.00,2025-03-13 10:36:51+00,TXN-67D337D53EBC
75,75,credit_card,completed,169.99,2024-11-21 00:21:23+00,TXN-0766BA6954DD
76,76,apple_pay,completed,80.98,2024-12-01 09:14:23+00,TXN-F09BE4877E75
77,77,credit_card,completed,319.98,2025-06-14 08:19:16+00,TXN-9ED66B3D5279
78,78,debit_card,completed,179.98,2025-07-05 16:45:16+00,TXN-A3C452C1B43B
79,79,credit_card,completed,75.98,2025-05-10 14:40:29+00,TXN-E0105C363052
80,80,credit_card,completed,243.73,2025-05-30 18:38:29+00,TXN-5790FDC6B620
81,81,credit_card,completed,289.99,2025-01-17 16:52:00+00,TXN-EF020CFB7354
82,82,credit_card,completed,530.47,2025-02-26 19:58:00+00,TXN-ABFDC58265C0
83,83,debit_card,completed,374.96,2024-07-13 08:45:58+00,TXN-A657B059AFD3
84,84,credit_card,completed,47.99,2024-07-19 08:16:33+00,TXN-419A3411B8F8
85,85,credit_card,completed,27.99,2025-07-21 08:48:18+00,TXN-8D25E0F6F69A
86,86,credit_card,completed,329.99,2024-07-13 13:20:57+00,TXN-9BD34E893D66
87,87,credit_card,completed,169.99,2024-09-08 22:46:57+00,TXN-C3D4026950A0
88,88,credit_card,completed,517.95,2024-08-12 09:39:31+00,TXN-5CD18DD998BA
89,89,credit_card,completed,249.99,2024-08-14 15:23:31+00,TXN-F8A8B84906AC
90,90,credit_card,completed,169.98,2025-07-03 10:08:43+00,TXN-0394204F67CF
91,91,credit_card,completed,659.96,2024-06-18 10:21:20+00,TXN-4A5DADCDAF27
92,92,credit_card,completed,579.98,2024-09-30 19:19:33+00,TXN-AB5A92BF0CE8
93,93,upi,completed,61.23,2025-01-17 22:40:25+00,TXN-48DCAE0302B1
94,94,credit_card,completed,159.99,2025-03-14 04:25:25+00,TXN-D4846DA7DF3B
95,95,apple_pay,completed,227.93,2025-10-18 14:44:40+00,TXN-2A2B3E047B36
96,96,credit_card,pending,299.96,2025-12-17 20:16:40+00,TXN-5E774C243D8A
97,97,credit_card,completed,27.99,2024-04-16 06:36:18+00,TXN-DCFDE726FDD5
98,98,credit_card,completed,80.99,2024-05-27 18:45:18+00,TXN-8DBA71AC8497
99,99,credit_card,completed,334.97,2025-08-25 01:08:00+00,TXN-41132B8D065C
100,100,credit_card,completed,89.99,2025-10-10 10:34:00+00,TXN-491E30100A49
101,101,credit_card,completed,799.98,2025-10-17 13:32:00+00,TXN-6AF85F795C43
102,102,credit_card,completed,92.00,2025-10-22 21:17:00+00,TXN-A635A6EF58BB
103,103,paypal,completed,199.99,2025-12-17 09:00:00+00,TXN-298502C4A78B
104,104,debit_card,completed,109.98,2024-10-11 15:34:01+00,TXN-A597F3119B23
105,105,credit_card,completed,676.95,2024-04-15 19:15:46+00,TXN-F0986A340339
106,106,paypal,completed,80.98,2025-04-24 10:23:49+00,TXN-ECCC4FF35766
107,107,upi,completed,359.98,2025-05-22 18:12:49+00,TXN-C744C0B02790
108,108,paypal,refunded,297.97,2024-10-29 03:03:43+00,TXN-B47FEACFD0ED
109,109,apple_pay,completed,30.98,2024-09-03 19:54:31+00,TXN-174FEBB9A28D
110,110,credit_card,completed,499.98,2024-10-23 22:18:31+00,TXN-5A01DA7AE774
111,111,credit_card,completed,79.72,2025-05-21 13:27:52+00,TXN-42B37F19E2E0
112,112,credit_card,completed,55.98,2024-12-10 17:14:07+00,TXN-2204BF04752C
113,113,debit_card,completed,28.48,2025-07-24 13:50:58+00,TXN-AD81489180E6
114,114,credit_card,completed,644.75,2025-03-26 08:09:02+00,TXN-4F4651533E30
115,115,credit_card,completed,429.98,2025-03-31 18:52:02+00,TXN-8BF3326DC642
116,116,apple_pay,completed,65.98,2025-04-08 03:58:02+00,TXN-03AB43E7A37B
117,117,credit_card,completed,79.99,2025-09-25 10:16:23+00,TXN-1F9120F2566C
118,118,apple_pay,pending,354.98,2025-11-12 12:37:23+00,TXN-E93D54D68B5B
119,119,paypal,completed,100.48,2025-12-11 15:27:23+00,TXN-101FD92D9D40
120,120,paypal,completed,233.98,2025-12-31 01:09:23+00,TXN-27EA55A849C2
121,121,credit_card,completed,33.99,2024-03-10 21:41:28+00,TXN-CD379AAF5249
122,122,credit_card,completed,47.99,2024-01-19 23:48:15+00,TXN-7F9D8CFA8840
123,123,paypal,completed,70.98,2025-03-19 15:34:01+00,TXN-1F9F5CB1ECB4
124,124,paypal,completed,244.83,2024-07-02 19:19:26+00,TXN-529A36EC541E
125,125,debit_card,completed,75.98,2025-01-23 14:32:57+00,TXN-C4848299D9AE
126,126,paypal,completed,219.48,2024-08-31 12:14:34+00,TXN-06F946A8BC77
127,127,credit_card,completed,339.99,2024-09-08 19:51:34+00,TXN-2BD12CDBCC43
128,128,apple_pay,completed,469.98,2025-08-08 07:42:47+00,TXN-C5B8424BF4C6
129,129,credit_card,completed,33.99,2024-02-21 10:03:53+00,TXN-1C0B4E2390A2
130,130,paypal,completed,160.99,2024-02-26 02:35:44+00,TXN-BB9C4F2AC7B1
131,131,paypal,completed,764.46,2025-04-29 19:23:48+00,TXN-99A67400D588
132,132,paypal,completed,55.98,2024-08-27 17:32:01+00,TXN-DFC1A79E464A
133,133,credit_card,completed,61.99,2024-09-16 03:34:01+00,TXN-FAEB52A25DC3
134,134,debit_card,completed,114.98,2024-05-06 16:30:23+00,TXN-EF042006F9A7
135,135,apple_pay,completed,75.98,2024-07-04 19:52:23+00,TXN-770820F07A5D
136,136,paypal,refunded,99.99,2025-01-06 09:30:12+00,TXN-294C63ED4232
137,137,paypal,pending,208.23,2024-08-01 04:15:20+00,TXN-BC7F86A2A183
138,138,paypal,completed,88.00,2024-03-08 20:38:33+00,TXN-BCA9948ADB2D
139,139,credit_card,completed,82.48,2024-03-13 06:55:33+00,TXN-DDADB2610F2D
140,140,debit_card,completed,48.48,2024-03-18 13:45:33+00,TXN-739280E0E7A6
141,141,debit_card,completed,429.97,2025-07-02 08:39:17+00,TXN-0FDCD2C481CB
142,142,credit_card,completed,35.98,2025-07-15 15:11:17+00,TXN-7B68BD08EDBF
143,143,credit_card,completed,43.79,2025-11-29 05:22:39+00,TXN-5E5D86091060
144,144,credit_card,completed,499.98,2026-01-25 13:43:39+00,TXN-B8A58AEFB538
145,145,credit_card,pending,79.99,2026-02-03 01:02:39+00,TXN-EFFC27BB6754
146,146,credit_card,completed,151.98,2026-02-15 11:44:39+00,TXN-D3B6BAD9F5B9
147,147,paypal,completed,37.99,2024-01-23 21:08:23+00,TXN-21CE1E9ED591
148,148,upi,completed,357.99,2024-12-15 03:35:12+00,TXN-1649A45FDD9F
149,149,debit_card,completed,169.99,2024-09-16 16:43:07+00,TXN-07DABD09F91A
150,150,credit_card,completed,411.97,2024-10-06 19:13:07+00,TXN-3A4F262348B7
151,151,credit_card,completed,156.00,2024-12-03 07:58:07+00,TXN-4A6D91BC015A
152,152,upi,completed,134.98,2024-12-06 11:05:07+00,TXN-4F056A7BA2A0
153,153,bank_transfer,completed,265.97,2024-11-15 17:16:15+00,TXN-C81069A9153B
154,154,paypal,completed,35.98,2024-11-16 11:51:08+00,TXN-5310C74BEA59
155,155,debit_card,completed,33.99,2024-11-19 19:27:08+00,TXN-DB24446C8AC8
156,156,upi,completed,371.70,2025-08-21 08:19:20+00,TXN-E74E63A6C934
157,157,apple_pay,pending,751.47,2025-06-30 21:18:26+00,TXN-175E94A87582
158,158,debit_card,completed,43.94,2025-03-08 13:45:44+00,TXN-7B18C5C8662D
159,159,debit_card,failed,219.98,2025-03-20 17:52:44+00,TXN-33F5859B6BA6
160,160,credit_card,completed,199.98,2025-03-23 19:16:44+00,TXN-3456847FCDEB
161,161,paypal,completed,69.73,2024-08-25 08:37:37+00,TXN-FC0271DF4944
162,162,credit_card,completed,165.99,2024-06-09 14:09:05+00,TXN-E3D23D8B5A55
163,163,paypal,completed,1333.44,2025-01-31 18:25:58+00,TXN-07A511D20AED
164,164,debit_card,completed,68.97,2025-01-18 21:12:40+00,TXN-4A899749C419
165,165,credit_card,completed,341.88,2025-03-19 02:20:40+00,TXN-68BAF9DF151C
166,166,apple_pay,completed,71.99,2025-04-23 13:16:40+00,TXN-3052085C87BA
167,167,credit_card,completed,129.99,2025-04-28 17:27:40+00,TXN-3969160D5D39
168,168,apple_pay,refunded,139.97,2025-06-06 00:55:40+00,TXN-7B2EDCC40858
169,169,upi,completed,369.97,2024-07-17 04:28:28+00,TXN-C95E7504EA85
170,170,upi,completed,329.99,2025-06-11 01:11:23+00,TXN-E9DA5A682CB2
171,171,debit_card,completed,89.99,2024-12-21 17:06:09+00,TXN-BBD87C5D6985
172,172,credit_card,completed,79.99,2025-09-01 20:21:14+00,TXN-79C753BB10EE
173,173,paypal,completed,193.48,2025-05-08 09:47:00+00,TXN-92BB0DE71C4C
174,174,credit_card,refunded,224.46,2025-08-10 12:32:02+00,TXN-58651DF76EA5
175,175,debit_card,completed,27.99,2025-09-15 18:51:23+00,TXN-9116D66D5D04
176,176,credit_card,completed,319.93,2025-06-28 10:01:48+00,TXN-9B3BFB1B5583
177,177,debit_card,completed,84.00,2024-05-02 22:32:27+00,TXN-5E54C4D34C82
178,178,debit_card,completed,471.97,2025-06-15 04:20:56+00,TXN-A742FD459F52
179,179,paypal,completed,73.93,2025-07-01 14:47:56+00,TXN-087F0D3390ED
180,180,credit_card,failed,199.99,2025-08-08 16:54:56+00,TXN-B387584D641C
181,181,credit_card,completed,832.98,2025-01-02 12:56:12+00,TXN-A45FF41B6F17
182,182,credit_card,completed,229.98,2024-08-21 08:55:39+00,TXN-6F895CFE144C
183,183,credit_card,completed,99.99,2025-10-22 07:35:32+00,TXN-29EEB185CDB9
184,184,credit_card,completed,109.98,2025-11-04 14:47:32+00,TXN-C165F8A4BC18
185,185,credit_card,completed,53.47,2025-11-17 22:26:32+00,TXN-A355EEA7C467
186,186,credit_card,completed,439.95,2025-08-21 10:37:55+00,TXN-56CD1B628270
187,187,credit_card,completed,149.84,2024-04-20 19:17:37+00,TXN-CF7BE56DF764
188,188,debit_card,completed,334.96,2024-10-16 21:26:43+00,TXN-45C4D1F5998F
189,189,credit_card,failed,61.99,2024-12-03 10:07:43+00,TXN-6511192C2B4E
190,190,credit_card,completed,79.99,2024-12-06 19:35:43+00,TXN-F3C2A13056AB
191,191,upi,completed,99.99,2025-01-25 23:00:43+00,TXN-9814101CCBC3
192,192,debit_card,completed,37.99,2025-01-04 12:26:47+00,TXN-C7CA813EB946
193,193,credit_card,completed,499.98,2025-01-17 15:27:47+00,TXN-63043A07048F
194,194,credit_card,completed,201.99,2025-02-23 08:36:58+00,TXN-BFBEC89D08A2
195,195,credit_card,completed,413.96,2025-03-03 17:52:58+00,TXN-A61CA05FB7C6
196,196,credit_card,completed,176.00,2025-01-09 17:19:57+00,TXN-F83778138996
197,197,apple_pay,completed,819.96,2024-09-04 07:12:59+00,TXN-5FB5455BE9A6
198,198,credit_card,completed,79.99,2024-09-30 15:19:59+00,TXN-951F73C8117E
199,199,debit_card,completed,619.97,2024-11-30 00:10:59+00,TXN-E8F3A77FBA94
200,200,credit_card,completed,124.99,2024-12-27 09:51:59+00,TXN-771D95FAAF9B
201,201,credit_card,completed,387.46,2024-07-07 02:29:23+00,TXN-45DA0127D0A8
202,202,paypal,completed,233.98,2025-07-29 00:34:23+00,TXN-0886AA2B4D5E
203,203,credit_card,pending,80.98,2025-08-13 12:41:23+00,TXN-909058C2183D
204,204,apple_pay,pending,79.99,2025-09-08 17:04:23+00,TXN-FDA2F09AD78B
205,205,apple_pay,completed,59.98,2024-06-27 15:07:01+00,TXN-D2CFFEE9A952
206,206,debit_card,completed,77.83,2025-05-28 12:42:34+00,TXN-A1CDE4987D0C
207,207,credit_card,completed,174.98,2025-05-27 04:30:17+00,TXN-31856354064D
208,208,apple_pay,completed,254.74,2025-03-14 07:19:55+00,TXN-E30211BA8D89
209,209,credit_card,completed,33.99,2025-03-28 18:22:55+00,TXN-249247935715
210,210,debit_card,completed,129.99,2024-04-26 03:43:45+00,TXN-60BD6483AB1A
211,211,credit_card,completed,179.99,2025-09-20 04:45:53+00,TXN-3994A9B9E3BA
212,212,bank_transfer,completed,80.98,2025-08-09 22:53:29+00,TXN-919730EF91FA
213,213,credit_card,completed,264.00,2025-10-09 02:22:29+00,TXN-5306E7EEABA9
214,214,credit_card,completed,184.96,2025-11-07 07:31:29+00,TXN-27717202DB95
215,215,credit_card,completed,139.98,2025-05-01 06:40:21+00,TXN-A11161B38801
216,216,paypal,completed,226.98,2024-11-29 18:24:58+00,TXN-FA3CE31F6DDD
217,217,upi,completed,276.97,2024-04-12 21:05:54+00,TXN-2DCFE5824701
218,218,credit_card,completed,359.98,2024-06-01 09:01:54+00,TXN-2F105933CC78
219,219,paypal,completed,459.97,2024-12-11 14:42:48+00,TXN-C0C9176399C4
220,220,credit_card,completed,624.95,2024-12-26 23:29:56+00,TXN-57A202BDCCD5
221,221,credit_card,completed,40.98,2025-06-27 02:12:19+00,TXN-D985F50FA499
222,222,debit_card,completed,1241.97,2025-08-10 06:52:19+00,TXN-90641CDC6626
223,223,debit_card,completed,259.98,2025-10-08 08:23:19+00,TXN-8F9288B036E9
224,224,credit_card,completed,119.99,2025-10-29 15:35:19+00,TXN-9D9122F46CC0
225,225,paypal,completed,344.97,2025-12-02 23:01:19+00,TXN-C6163E5648BC
226,226,debit_card,completed,206.98,2025-12-09 02:24:19+00,TXN-335B6BA561F0
227,227,credit_card,completed,40.98,2026-01-09 14:19:19+00,TXN-7F3CDD1EEEB2
228,228,debit_card,completed,70.98,2025-03-20 22:44:08+00,TXN-B8924C878EC3
229,229,apple_pay,completed,83.60,2025-08-17 13:55:43+00,TXN-1FEC52F27308
230,230,apple_pay,completed,259.98,2024-05-04 00:29:46+00,TXN-B949C8935658
231,231,credit_card,completed,68.98,2024-05-22 07:16:46+00,TXN-3E7D857FEE7B
232,232,credit_card,completed,119.98,2025-04-01 18:27:59+00,TXN-56FE3425781A
233,233,apple_pay,completed,162.97,2025-10-17 20:42:11+00,TXN-D2F14E1AE6A0
234,234,apple_pay,completed,399.99,2024-05-24 07:39:40+00,TXN-51708A0F10B3
235,235,credit_card,refunded,249.99,2024-07-19 11:10:40+00,TXN-24FC92830ACE
236,236,credit_card,completed,99.99,2024-08-21 15:36:40+00,TXN-CB9C1F7DE868
237,237,debit_card,completed,129.99,2024-09-28 23:40:40+00,TXN-EA400234D488
238,238,apple_pay,completed,217.97,2024-06-20 19:43:03+00,TXN-CBE14198A633
239,239,credit_card,completed,79.90,2025-03-22 07:15:38+00,TXN-9B4C53D04A61
240,240,credit_card,completed,159.98,2025-06-01 16:05:53+00,TXN-B71D8CAD07BF
241,241,paypal,refunded,259.98,2024-12-12 17:22:15+00,TXN-0A46243D5AAF
242,242,credit_card,completed,37.99,2025-04-11 01:29:37+00,TXN-D1FF1B109227
243,243,credit_card,completed,209.98,2025-05-18 05:07:37+00,TXN-CDD59D62816D
244,244,paypal,completed,35.98,2025-06-09 12:18:37+00,TXN-2AF97F831468
245,245,credit_card,completed,170.98,2024-04-05 15:46:13+00,TXN-0D5C4DCF9153
246,246,debit_card,completed,124.98,2024-05-21 19:21:13+00,TXN-86D8C5328F47
247,247,credit_card,completed,61.99,2024-05-27 07:14:13+00,TXN-5A1ECA48F742
248,248,credit_card,completed,30.47,2024-07-08 18:39:13+00,TXN-274A337EE2E7
249,249,credit_card,completed,35.98,2025-10-11 01:46:53+00,TXN-42AE9B7CFD52
250,250,credit_card,completed,159.99,2024-03-15 00:15:51+00,TXN-B83706D16302
251,251,debit_card,completed,260.99,2024-01-29 20:00:39+00,TXN-BD19F25B315B
252,252,paypal,completed,167.99,2024-02-17 00:32:39+00,TXN-29333A291AC6
253,253,apple_pay,refunded,499.98,2024-11-16 14:45:32+00,TXN-FAF13E24F7BC
254,254,apple_pay,completed,75.98,2024-03-14 17:07:53+00,TXN-8BCBECA7EFAC
255,255,debit_card,completed,440.99,2024-04-04 20:23:53+00,TXN-2799806825D9
256,256,apple_pay,completed,170.99,2024-04-30 21:25:53+00,TXN-E8C85CACAD48
257,257,credit_card,completed,766.04,2024-06-18 05:37:53+00,TXN-7080B7A2612A
258,258,credit_card,completed,129.99,2025-10-05 19:28:30+00,TXN-9FFCE3E753ED
259,259,apple_pay,completed,329.99,2025-08-17 23:18:24+00,TXN-BDFB0E67932F
260,260,credit_card,completed,79.99,2025-05-08 21:05:47+00,TXN-039B36345920
261,261,paypal,completed,559.96,2025-04-06 21:43:48+00,TXN-B38999A66F28
262,262,paypal,completed,30.98,2025-04-29 10:36:48+00,TXN-F439C1589BB0
263,263,upi,completed,30.98,2025-10-20 10:27:56+00,TXN-5936290DBDAB
264,264,credit_card,completed,76.49,2025-12-13 21:31:56+00,TXN-97D674B1E0C5
265,265,credit_card,refunded,89.99,2025-12-18 09:02:56+00,TXN-A1A33ABD6E4F
266,266,bank_transfer,completed,251.93,2025-12-26 16:46:56+00,TXN-D04F80DC4295
267,267,paypal,completed,289.99,2025-09-07 19:41:12+00,TXN-5898BF48D067
268,268,credit_card,completed,479.96,2024-05-01 22:22:15+00,TXN-1739A1BB5356
269,269,credit_card,completed,33.99,2024-06-24 10:19:15+00,TXN-6F3C95D36BA7
270,270,debit_card,completed,96.99,2025-07-18 01:07:28+00,TXN-9405FA441BBE
271,271,credit_card,completed,149.98,2025-08-16 03:11:28+00,TXN-E6B9F53740B2
272,272,credit_card,completed,83.60,2024-11-04 17:32:05+00,TXN-A13395BA6ACB
273,273,credit_card,completed,40.98,2024-11-06 20:05:05+00,TXN-F692918B2EDC
274,274,bank_transfer,completed,74.22,2025-03-12 19:22:17+00,TXN-55FD3F868C91
275,275,paypal,completed,75.98,2025-06-05 20:25:34+00,TXN-AE962AA4DF3C
276,276,paypal,completed,55.98,2025-07-11 01:56:34+00,TXN-1AE86F03F79E
277,277,debit_card,completed,79.90,2025-09-04 11:34:34+00,TXN-386386C45EB1
278,278,upi,completed,369.95,2025-05-27 13:43:01+00,TXN-74B7F0E56226
279,279,debit_card,completed,294.98,2025-07-06 21:25:01+00,TXN-039A6C7FBC37
280,280,credit_card,completed,27.99,2024-10-14 03:14:37+00,TXN-1958DAF7AE65
281,281,credit_card,completed,94.99,2024-10-16 05:26:37+00,TXN-BB0E0DD9F6DB
282,282,apple_pay,completed,259.97,2024-05-06 22:30:14+00,TXN-61978F9340A9
283,283,credit_card,completed,634.96,2025-11-26 12:44:43+00,TXN-34C0E37C29D0
284,284,apple_pay,completed,101.99,2024-05-12 07:31:25+00,TXN-F05C71B581D9
285,285,apple_pay,completed,92.94,2024-05-31 09:31:25+00,TXN-FC5BBD7E4CA6
286,286,debit_card,completed,430.68,2024-07-20 16:32:25+00,TXN-D9BBFD3A7AD7
287,287,upi,completed,339.98,2025-08-20 00:48:16+00,TXN-744B54403A26
288,288,credit_card,completed,109.94,2025-03-29 21:27:17+00,TXN-C629A172D0FD
289,289,credit_card,completed,215.47,2025-05-08 09:00:17+00,TXN-C7F488E66EFA
290,290,credit_card,completed,88.00,2025-09-18 20:06:16+00,TXN-257E8F5D5A43
291,291,credit_card,completed,247.98,2025-07-20 01:02:31+00,TXN-76B6BDC8BBF6
292,292,paypal,completed,40.98,2024-05-08 20:11:40+00,TXN-7E51C60F941B
293,293,debit_card,completed,45.94,2024-10-28 21:53:50+00,TXN-913F523CEE69
294,294,paypal,completed,84.97,2025-05-31 12:04:43+00,TXN-7C8196CE3567
295,295,paypal,completed,249.98,2025-07-29 19:28:43+00,TXN-87E22D4459A2
296,296,credit_card,completed,799.98,2024-01-17 22:01:21+00,TXN-D0EEC77EC750
297,297,debit_card,completed,489.97,2024-02-12 02:30:21+00,TXN-69A8951CE9EC
298,298,credit_card,completed,490.97,2024-08-25 10:40:09+00,TXN-B7CC0C011FCB
299,299,debit_card,completed,96.99,2024-09-18 21:00:09+00,TXN-233852C2FB2C
300,300,credit_card,completed,124.99,2024-09-30 04:21:09+00,TXN-F2C8FEDEEFE7
301,301,credit_card,completed,48.48,2024-11-23 07:48:09+00,TXN-4478144A20B8
302,302,credit_card,completed,231.97,2025-01-30 15:34:31+00,TXN-D400CD131072
303,303,upi,completed,177.98,2025-03-06 19:16:31+00,TXN-7290AB14B4CF
304,304,credit_card,completed,273.98,2025-03-12 05:35:31+00,TXN-F6129E3A9E67
305,305,credit_card,completed,80.98,2025-04-06 13:22:31+00,TXN-3D94F9400851
306,306,credit_card,refunded,80.98,2025-05-08 14:43:31+00,TXN-FB302FE91D5A
307,307,credit_card,completed,129.99,2025-06-06 19:01:31+00,TXN-033DA1A6644C
308,308,credit_card,completed,485.98,2025-06-18 04:28:31+00,TXN-7CF298BC5E79
309,309,debit_card,completed,179.99,2025-04-23 01:42:52+00,TXN-471E56129277
310,310,debit_card,completed,264.97,2025-06-13 14:14:52+00,TXN-EE2231543D45
311,311,paypal,completed,379.98,2025-07-05 18:29:52+00,TXN-B95001FFEE5A
312,312,credit_card,completed,136.00,2025-08-02 21:28:52+00,TXN-54D5C1A361EF
313,313,upi,completed,129.99,2025-09-26 05:57:52+00,TXN-CCFD4B106477
314,314,credit_card,completed,75.60,2025-11-22 18:08:52+00,TXN-7F009646ECB0
315,315,credit_card,completed,179.99,2025-12-26 00:06:52+00,TXN-EB5819F7F2CE
316,316,paypal,completed,124.98,2024-02-28 09:20:02+00,TXN-6D0E9256F15D
317,317,debit_card,completed,815.94,2024-10-28 04:45:25+00,TXN-39F18AFEE657
318,318,paypal,completed,159.99,2024-11-18 16:39:25+00,TXN-899428DE2F70
319,319,credit_card,completed,231.99,2025-08-02 15:53:43+00,TXN-C53BDDB6AE22
320,320,paypal,completed,146.23,2025-08-16 01:34:43+00,TXN-EFEFD7A6995F
321,321,debit_card,completed,485.19,2025-08-31 13:44:43+00,TXN-F0F5576F3B7B
322,322,upi,completed,55.98,2025-01-15 02:58:03+00,TXN-AE3F59829DF2
323,323,credit_card,completed,35.98,2024-02-13 10:40:29+00,TXN-5942BEFE4551
324,324,bank_transfer,completed,45.59,2024-04-06 20:29:29+00,TXN-8E2E1EAFBF41
325,325,upi,completed,124.99,2024-05-20 02:41:29+00,TXN-0422BDA9421B
326,326,credit_card,completed,249.99,2025-08-14 23:14:37+00,TXN-26F65BCDF4E8
327,327,credit_card,completed,184.48,2025-09-21 12:02:37+00,TXN-5C57A36172BB
328,328,credit_card,completed,359.86,2024-10-17 11:31:28+00,TXN-26D8899D4C50
329,329,paypal,completed,170.98,2025-09-15 01:25:45+00,TXN-0A4DACA6060C
330,330,debit_card,completed,278.98,2024-03-29 06:31:49+00,TXN-A9FBA0385310
331,331,credit_card,completed,219.97,2024-04-23 14:05:49+00,TXN-8BFE73BDC23E
332,332,credit_card,completed,134.97,2024-06-17 01:37:49+00,TXN-A8B438B2B853
333,333,credit_card,completed,301.22,2024-10-08 14:40:38+00,TXN-2586BA242A5A
334,334,paypal,completed,70.59,2024-11-15 01:05:27+00,TXN-B2A557E89F21
335,335,paypal,completed,179.98,2024-11-17 08:11:27+00,TXN-5A26DB1BED5A
336,336,debit_card,completed,236.97,2024-07-06 02:25:21+00,TXN-15FC47A1BE1A
337,337,credit_card,completed,189.98,2024-10-28 08:19:55+00,TXN-4A7FDCD22FB9
338,338,paypal,refunded,79.99,2024-07-20 12:19:54+00,TXN-E8221BC02E74
339,339,paypal,completed,249.99,2025-07-11 14:03:57+00,TXN-7E2311C9B830
340,340,paypal,pending,345.67,2025-12-08 19:26:28+00,TXN-D71534FF0D68
341,341,credit_card,completed,30.98,2026-01-26 02:42:28+00,TXN-4A0A34D65650
342,342,debit_card,completed,80.98,2025-12-07 19:57:36+00,TXN-A3353D3E3156
343,343,bank_transfer,completed,37.99,2025-12-16 06:54:36+00,TXN-229F543EFB2F
344,344,apple_pay,completed,199.99,2024-07-06 17:17:56+00,TXN-BD9FA745CC75
345,345,credit_card,completed,104.98,2024-07-14 00:16:56+00,TXN-496BF44BA679
346,346,credit_card,completed,149.97,2025-11-21 11:28:54+00,TXN-829BBB4A38F0
347,347,credit_card,completed,122.39,2026-01-02 21:29:54+00,TXN-15F8BC4B37A5
348,348,apple_pay,pending,199.98,2026-01-07 00:15:54+00,TXN-734B270656FD
349,349,paypal,completed,281.99,2024-11-20 09:33:38+00,TXN-32A44C468A02
350,350,credit_card,completed,136.00,2024-09-28 06:40:15+00,TXN-B0F1D75B81AD
351,351,paypal,completed,224.98,2024-11-26 07:54:15+00,TXN-A4EC365E37BF
352,352,credit_card,completed,88.00,2024-02-18 18:32:13+00,TXN-21B4BA4ADF8C
353,353,paypal,completed,35.98,2024-04-05 05:37:13+00,TXN-C650B7AA795C
354,354,credit_card,completed,139.98,2025-02-07 10:46:21+00,TXN-0EFEF923A4B4
355,355,credit_card,completed,179.98,2025-05-01 15:32:23+00,TXN-29AB30F021EB
356,356,credit_card,completed,208.33,2025-06-05 17:41:23+00,TXN-163DE31EBDE6
357,357,credit_card,completed,65.98,2025-07-22 04:59:06+00,TXN-DF6F3C2A45D4
358,358,paypal,completed,94.99,2024-06-24 03:25:10+00,TXN-6DCDA01DFC5F
359,359,credit_card,completed,139.97,2025-09-30 17:39:27+00,TXN-A7D06EB03404
360,360,credit_card,completed,258.47,2025-11-26 04:50:27+00,TXN-98712FD1A3AD
361,361,credit_card,completed,399.99,2026-01-13 08:23:27+00,TXN-A1844A4BC03E
362,362,credit_card,completed,239.98,2026-02-17 15:36:27+00,TXN-DDD432ACE61D
363,363,credit_card,completed,33.99,2025-01-23 17:00:43+00,TXN-7D1C2D0C514F
364,364,debit_card,completed,119.98,2025-02-07 05:01:43+00,TXN-09D58BE802D7
365,365,apple_pay,completed,65.98,2024-04-15 09:45:27+00,TXN-CD585BB7DCD5
366,366,credit_card,completed,70.98,2024-07-15 02:20:34+00,TXN-8675500A51FD
367,367,debit_card,completed,89.99,2024-05-06 11:06:02+00,TXN-3FA94AF74F88
368,368,debit_card,completed,339.96,2025-01-24 19:04:14+00,TXN-98484BF57092
369,369,credit_card,completed,569.98,2024-02-23 00:05:29+00,TXN-737421A267C9
370,370,credit_card,completed,211.98,2024-03-17 08:45:29+00,TXN-C4FB798B2463
371,371,credit_card,completed,35.98,2025-11-25 21:01:01+00,TXN-5D5A2C49F42C
372,372,credit_card,completed,55.48,2024-10-20 01:08:58+00,TXN-F4801EA47687
373,373,paypal,completed,101.99,2024-04-02 21:02:52+00,TXN-F8E707953B8B
374,374,upi,completed,33.99,2025-02-06 04:48:53+00,TXN-3ABE30F2443C
375,375,paypal,completed,35.98,2024-05-01 06:30:18+00,TXN-9D775F6AA131
376,376,credit_card,completed,94.99,2025-07-31 23:47:42+00,TXN-400373A2F92E
377,377,credit_card,completed,287.98,2024-10-15 17:43:14+00,TXN-AA1EE20D642C
378,378,paypal,completed,669.95,2024-12-01 20:34:14+00,TXN-74F75FD4D076
379,379,upi,completed,105.99,2025-01-15 02:27:14+00,TXN-5BA3949B3EE5
380,380,bank_transfer,completed,368.99,2025-05-28 23:45:05+00,TXN-863DE31F8951
381,381,debit_card,completed,73.99,2024-10-24 00:03:41+00,TXN-877E61617F41
382,382,paypal,completed,199.97,2024-12-04 20:29:50+00,TXN-F20BC58EB14E
383,383,paypal,completed,247.99,2025-02-19 14:21:21+00,TXN-AF4CB73C958E
384,384,apple_pay,completed,84.97,2025-02-23 12:28:31+00,TXN-05EA794827DD
385,385,upi,completed,619.98,2024-09-02 07:55:39+00,TXN-66AD74F57590
386,386,debit_card,completed,869.97,2024-09-16 10:00:39+00,TXN-79A82126E488
387,387,credit_card,completed,173.98,2024-10-28 19:12:39+00,TXN-6C6D85D937E6
388,388,apple_pay,completed,480.98,2025-03-25 20:00:45+00,TXN-D4CA46A0155F
389,389,credit_card,completed,70.98,2025-05-03 08:59:45+00,TXN-A0255A92BCE1
390,390,credit_card,completed,28.48,2025-05-10 12:58:45+00,TXN-0B15AD359588
391,391,upi,completed,89.99,2025-07-08 16:41:45+00,TXN-CEA6A3035DB1
392,392,credit_card,completed,75.98,2024-11-09 21:34:04+00,TXN-622FF0A3C9B5
393,393,apple_pay,completed,319.98,2025-05-24 22:39:19+00,TXN-A0D85379ADDF
394,394,debit_card,completed,75.98,2025-08-06 06:44:31+00,TXN-EE4510F9DB53
395,395,credit_card,completed,241.98,2025-08-14 17:56:31+00,TXN-9C6F965FBAFF
396,396,debit_card,completed,33.99,2024-11-18 17:40:45+00,TXN-A23788D41E1D
397,397,credit_card,completed,75.98,2025-11-25 15:52:30+00,TXN-83BCC72186ED
398,398,credit_card,completed,75.98,2024-07-11 18:16:53+00,TXN-65C0164EA9FE
399,399,debit_card,completed,271.44,2025-08-15 08:25:53+00,TXN-0CED46BD8FEA
400,400,credit_card,completed,32.98,2025-08-19 18:02:53+00,TXN-7AD017276440
401,401,apple_pay,completed,159.99,2025-05-18 12:33:47+00,TXN-9C2557C63C20
402,402,debit_card,completed,88.00,2024-09-22 13:14:54+00,TXN-06D1A1F0E4CB
403,403,debit_card,failed,71.91,2024-11-05 16:15:54+00,TXN-BD4B82C4728A
404,404,paypal,completed,658.47,2025-08-19 21:10:25+00,TXN-613609A1C5D7
405,405,debit_card,completed,45.94,2024-06-06 22:16:16+00,TXN-6F89EC2F23CE
406,406,credit_card,completed,169.98,2024-06-10 09:23:16+00,TXN-074F9B86C7B9
407,407,debit_card,completed,169.96,2024-07-29 04:23:05+00,TXN-7695E7EF4986
408,408,upi,refunded,99.99,2024-09-03 11:09:05+00,TXN-B63ECA93554E
409,409,credit_card,completed,289.99,2024-04-13 08:13:15+00,TXN-72307C557D71
410,410,paypal,completed,305.98,2024-08-23 21:13:58+00,TXN-B54BE4AEFC3A
411,411,debit_card,completed,75.98,2025-07-13 01:28:24+00,TXN-C05D6871096E
412,412,debit_card,completed,296.99,2025-07-04 06:39:05+00,TXN-C12B76E1B8D3
413,413,credit_card,completed,449.96,2025-07-15 19:34:05+00,TXN-510B995232CA
414,414,apple_pay,completed,139.98,2024-05-05 03:02:03+00,TXN-AF0C00F7EF18
415,415,credit_card,completed,133.73,2025-12-05 13:50:43+00,TXN-D594986A5727
416,416,debit_card,completed,139.98,2026-01-24 01:07:43+00,TXN-2119E662EC7F
417,417,credit_card,refunded,119.99,2025-03-15 09:52:05+00,TXN-AEF1557F01D7
418,418,credit_card,completed,297.98,2025-03-31 12:07:05+00,TXN-0EE30CD6A760
419,419,paypal,completed,60.98,2024-12-06 18:26:30+00,TXN-37133BF95BD2
420,420,debit_card,completed,224.97,2025-01-10 23:17:30+00,TXN-D3759DD0EDC4
421,421,credit_card,completed,27.99,2025-08-24 03:15:41+00,TXN-04CDA253106A
422,422,credit_card,completed,309.96,2025-06-08 14:12:25+00,TXN-67422946A0D9
423,423,debit_card,refunded,137.99,2025-06-22 02:40:25+00,TXN-AF9F073CEB49
424,424,paypal,completed,419.98,2025-07-05 04:00:25+00,TXN-45048450CE66
425,425,paypal,completed,189.98,2025-07-22 14:54:25+00,TXN-EF795EFF665C
426,426,credit_card,completed,30.98,2025-08-23 03:41:25+00,TXN-E466D7DE832D
427,427,apple_pay,refunded,89.99,2025-09-10 14:32:25+00,TXN-0373CB93EE08
428,428,credit_card,completed,61.99,2025-09-24 00:43:25+00,TXN-A0857961ED32
429,429,credit_card,failed,40.98,2024-06-24 17:49:47+00,TXN-F130D5D2CC4A
430,430,debit_card,completed,239.98,2024-07-22 06:39:47+00,TXN-F114D069E965
431,431,paypal,completed,73.99,2024-09-18 15:12:47+00,TXN-8D3A7E64A4D9
432,432,debit_card,completed,99.99,2025-10-10 04:32:03+00,TXN-1B4D2B8718D0
433,433,credit_card,completed,136.00,2025-06-04 05:20:36+00,TXN-CF4763EE52F9
434,434,paypal,completed,224.97,2025-07-11 00:22:22+00,TXN-90928CFA3D64
435,435,credit_card,completed,85.49,2025-08-18 07:52:22+00,TXN-05FBB912ECC0
436,436,credit_card,completed,79.20,2025-09-06 13:57:28+00,TXN-723C47F63AD6
437,437,apple_pay,completed,73.99,2025-10-24 17:59:28+00,TXN-6A611461D90A
438,438,credit_card,completed,799.98,2025-06-07 20:42:11+00,TXN-9C89ABAA6E53
439,439,paypal,completed,159.98,2025-07-18 02:06:11+00,TXN-301C076AEB2C
440,440,credit_card,completed,35.98,2024-02-24 18:28:57+00,TXN-57BBCB79872D
441,441,credit_card,completed,129.98,2024-09-11 00:01:27+00,TXN-55CADE548973
442,442,credit_card,completed,349.98,2024-10-09 04:09:27+00,TXN-458A998DB068
443,443,debit_card,completed,72.98,2024-12-05 09:11:27+00,TXN-738F9923A2D8
444,444,credit_card,refunded,176.00,2025-01-13 21:00:27+00,TXN-EEFCBFB88DA1
445,445,credit_card,completed,669.97,2025-03-08 02:29:27+00,TXN-18A45737CD83
446,446,credit_card,completed,499.98,2025-10-23 09:01:45+00,TXN-0BA6516A2F0F
447,447,debit_card,completed,349.96,2024-04-14 19:08:12+00,TXN-D8232F49BD6B
448,448,credit_card,completed,384.98,2024-03-15 10:13:13+00,TXN-A80672B7A28F
449,449,upi,completed,391.47,2024-04-28 14:51:13+00,TXN-3C43C538A74B
450,450,credit_card,completed,199.99,2025-08-19 05:43:01+00,TXN-5E511BE2B70D
451,451,credit_card,refunded,65.97,2024-05-31 08:06:54+00,TXN-89F577552756
452,452,credit_card,completed,819.96,2025-03-16 05:50:14+00,TXN-2EA6955B44F4
453,453,credit_card,completed,77.94,2025-02-06 02:39:35+00,TXN-48CA4347E204
454,454,debit_card,completed,547.98,2025-02-11 11:09:35+00,TXN-4D48CC22DE07
455,455,credit_card,pending,659.98,2025-02-18 00:01:35+00,TXN-148A0CF061DA
456,456,credit_card,completed,37.99,2025-02-23 09:30:35+00,TXN-E4981B299B0A
457,457,apple_pay,completed,154.97,2025-04-06 14:36:35+00,TXN-D03B61DFD297
458,458,paypal,refunded,1579.91,2025-06-04 16:41:35+00,TXN-F03041DCCFA3
459,459,debit_card,completed,753.45,2025-08-01 23:14:35+00,TXN-009D0C848B6D
460,460,debit_card,completed,369.98,2024-02-16 06:28:51+00,TXN-8E5F6B52103F
461,461,paypal,completed,579.97,2024-03-06 08:05:51+00,TXN-A2FD32B9B956
462,462,debit_card,completed,197.24,2024-03-22 14:51:51+00,TXN-1BE41971E3DB
463,463,credit_card,completed,55.98,2024-09-17 23:35:04+00,TXN-2148BF15D815
464,464,credit_card,refunded,142.97,2025-01-16 22:05:26+00,TXN-BBD05F5CD5C7
465,465,credit_card,completed,164.98,2025-01-23 16:57:33+00,TXN-2F050272EAA2
466,466,credit_card,completed,80.98,2025-10-24 06:36:18+00,TXN-E59A7D9A1052
467,467,debit_card,pending,119.98,2025-05-08 17:18:00+00,TXN-34C5E47A67C6
468,468,paypal,completed,35.98,2025-07-25 08:33:53+00,TXN-8A5320E76D95
469,469,debit_card,completed,149.98,2024-03-17 12:33:15+00,TXN-F38C5A14BAE8
470,470,debit_card,completed,189.98,2024-03-25 17:26:15+00,TXN-D9E6483249B5
471,471,debit_card,failed,99.99,2024-05-02 01:45:15+00,TXN-57FB716CE81C
472,472,apple_pay,completed,385.97,2024-06-24 12:48:15+00,TXN-F1B3E76CF863
473,473,credit_card,completed,129.99,2024-11-08 01:15:08+00,TXN-5508D9154F2E
474,474,credit_card,completed,31.48,2024-11-30 07:53:08+00,TXN-1383598E0F43
475,475,apple_pay,completed,359.98,2025-10-27 04:54:18+00,TXN-2CD7ED42153A
476,476,credit_card,completed,429.96,2025-11-26 11:28:18+00,TXN-FDDD5AA1D066
477,477,credit_card,completed,269.98,2025-07-04 13:54:59+00,TXN-069B0C5DD720
478,478,credit_card,completed,79.99,2025-08-18 21:04:59+00,TXN-075CF73E1BC2
479,479,apple_pay,completed,399.94,2024-07-09 06:39:28+00,TXN-F50C754236D2
480,480,credit_card,completed,35.98,2024-07-27 16:30:28+00,TXN-B5AB2963E489
481,481,paypal,completed,80.99,2024-09-02 19:42:28+00,TXN-80BBA66BD36E
482,482,paypal,completed,166.48,2024-02-07 05:10:01+00,TXN-9E6B9A52A9B5
483,483,bank_transfer,completed,94.99,2025-03-20 15:40:34+00,TXN-B1D1E9CF5074
484,484,credit_card,completed,159.99,2024-09-28 01:59:18+00,TXN-735833B76DB2
485,485,paypal,completed,174.98,2024-08-05 02:34:06+00,TXN-34700F5474D2
486,486,debit_card,completed,55.97,2025-06-04 23:28:01+00,TXN-D179F70F16A6
487,487,credit_card,completed,139.98,2025-07-08 02:29:01+00,TXN-A25955759007
488,488,credit_card,completed,124.99,2025-07-08 13:27:25+00,TXN-6152E7E9A14E
489,489,debit_card,completed,679.95,2025-08-11 16:44:25+00,TXN-B0EAFF7FEBF8
490,490,paypal,pending,565.95,2025-08-30 22:00:25+00,TXN-4BE8ED3456DE
491,491,credit_card,completed,289.99,2024-12-22 00:43:38+00,TXN-40519BA2CBCE
492,492,credit_card,completed,129.99,2025-01-30 08:20:38+00,TXN-16B0397F55F9
493,493,debit_card,completed,268.38,2025-03-16 11:36:38+00,TXN-87B74F0B63F9
494,494,credit_card,refunded,264.96,2025-02-04 18:48:23+00,TXN-4105145C84AE
495,495,debit_card,completed,399.99,2025-03-23 04:12:23+00,TXN-E03AC3853F9E
496,496,apple_pay,completed,258.72,2025-04-24 16:36:23+00,TXN-BC57B4A30F8E
497,497,apple_pay,completed,94.99,2024-09-10 18:21:10+00,TXN-31E749B2E03B
498,498,upi,completed,827.98,2024-11-05 06:11:10+00,TXN-7DA534CEBC6C
499,499,credit_card,completed,43.94,2024-07-14 23:23:54+00,TXN-D6C8477DE47F
500,500,apple_pay,completed,52.73,2024-09-10 02:08:54+00,TXN-0BDF81C774D6
501,501,credit_card,completed,35.98,2024-04-26 23:51:20+00,TXN-53E3E26E0A53
502,502,debit_card,completed,35.98,2024-04-29 09:05:20+00,TXN-2D21CA784074
503,503,debit_card,completed,50.98,2024-07-11 03:37:19+00,TXN-B31B547F4A37
504,504,bank_transfer,completed,170.99,2024-11-12 02:48:59+00,TXN-1AC005A57106
505,505,debit_card,completed,289.99,2024-12-20 09:47:59+00,TXN-B0E8BF9BC0A7
506,506,debit_card,completed,55.98,2025-02-02 21:55:59+00,TXN-D54F7351C177
507,507,apple_pay,refunded,169.99,2025-02-15 01:33:59+00,TXN-5479322C8176
508,508,credit_card,completed,152.99,2025-06-28 12:17:16+00,TXN-1A6B2047BB87
509,509,paypal,completed,59.53,2025-08-01 15:17:16+00,TXN-2BF911641BE3
510,510,apple_pay,completed,75.98,2025-09-05 22:02:31+00,TXN-812F34953E07
511,511,credit_card,completed,47.99,2025-03-02 12:54:48+00,TXN-46DDA09E5FE5
512,512,debit_card,refunded,65.97,2024-02-27 03:20:39+00,TXN-AA47C03DC9C5
513,513,apple_pay,completed,209.97,2024-03-03 09:55:39+00,TXN-CBB5CD9C8645
514,514,paypal,failed,146.47,2024-03-10 01:02:36+00,TXN-C961DEB8093C
515,515,apple_pay,completed,135.99,2024-03-17 10:38:36+00,TXN-778D58B02F46
516,516,paypal,failed,949.96,2024-05-11 22:43:36+00,TXN-C9C59FBC54CA
517,517,apple_pay,completed,88.00,2024-10-11 15:15:55+00,TXN-8B6AB5D90B3C
518,518,credit_card,completed,77.98,2025-04-25 14:56:38+00,TXN-ADC96469AE11
519,519,credit_card,completed,824.94,2025-08-10 14:57:58+00,TXN-892FC26422EA
520,520,credit_card,completed,164.97,2025-09-15 16:18:58+00,TXN-693D90697B8D
521,521,upi,completed,577.97,2025-06-23 09:35:56+00,TXN-391DB434F4A7
522,522,upi,completed,33.99,2024-03-19 03:36:58+00,TXN-9572DEE393F9
523,523,paypal,completed,75.98,2025-01-15 07:29:46+00,TXN-743C0BF24050
524,524,credit_card,completed,209.98,2025-03-09 19:12:46+00,TXN-FB0F1180F73C
525,525,apple_pay,completed,399.95,2025-03-15 01:57:46+00,TXN-E6F95AD64399
526,526,bank_transfer,completed,99.99,2025-03-19 11:36:46+00,TXN-08A971A28A96
527,527,debit_card,completed,68.98,2025-05-08 16:34:46+00,TXN-1A25EFE88E5D
528,528,paypal,refunded,254.46,2024-09-30 05:53:11+00,TXN-4468C3F20939
529,529,credit_card,completed,97.99,2024-11-27 10:35:11+00,TXN-EA1FEA3B52EF
530,530,credit_card,completed,31.19,2024-12-31 11:34:49+00,TXN-490C7C6BB216
531,531,apple_pay,completed,119.99,2025-04-24 12:36:58+00,TXN-9836CE6878E7
532,532,apple_pay,completed,45.94,2025-05-11 13:45:58+00,TXN-AB4DEBDB7896
533,533,apple_pay,pending,35.98,2025-07-11 06:00:56+00,TXN-38EA7753792E
534,534,paypal,completed,119.99,2025-06-06 10:23:50+00,TXN-C65636997F79
535,535,upi,completed,502.20,2025-06-30 19:34:50+00,TXN-1651ED2701C1
536,536,debit_card,completed,96.48,2025-07-25 05:24:50+00,TXN-FBED3924DDF1
537,537,debit_card,completed,187.99,2024-10-02 01:03:28+00,TXN-058DE7DBC035
538,538,debit_card,completed,88.00,2024-11-05 04:13:28+00,TXN-5803447C7A6B
539,539,apple_pay,completed,65.98,2024-09-04 15:44:45+00,TXN-2128D408C05E
540,540,credit_card,completed,214.98,2024-10-30 19:30:19+00,TXN-263AAAD63C2D
541,541,credit_card,completed,199.98,2024-08-15 18:13:13+00,TXN-89AC59E71648
542,542,debit_card,refunded,33.99,2024-06-12 07:41:31+00,TXN-C3853739FAD9
543,543,apple_pay,refunded,55.98,2024-12-11 13:09:46+00,TXN-70AB049DAFE9
544,544,credit_card,completed,62.97,2024-07-05 08:36:06+00,TXN-C3AF4169C190
545,545,paypal,completed,254.22,2025-03-26 11:44:49+00,TXN-F9E14570F651
546,546,credit_card,completed,152.99,2024-11-26 21:54:28+00,TXN-C22742FCCEDC
547,547,upi,completed,37.99,2024-04-07 14:19:02+00,TXN-A4E045BB7B9E
548,548,credit_card,completed,84.00,2025-09-12 01:45:05+00,TXN-58607B2FB54F
549,549,upi,completed,359.93,2024-09-18 22:06:26+00,TXN-E8577022DC1A
550,550,credit_card,completed,174.97,2025-09-10 18:34:33+00,TXN-C071C88B4E65
551,551,credit_card,pending,101.99,2025-10-13 08:25:12+00,TXN-12A9B4487F8E
552,552,credit_card,refunded,80.98,2024-03-14 11:04:31+00,TXN-8E2CE6F37073
553,553,credit_card,completed,65.98,2024-05-01 21:53:31+00,TXN-B8E5A294CC7A
554,554,paypal,refunded,99.99,2024-09-17 00:04:51+00,TXN-4F5D589E333D
555,555,bank_transfer,completed,65.98,2024-11-09 14:08:40+00,TXN-2CE03AAD21DC
556,556,paypal,completed,459.96,2024-04-22 04:04:11+00,TXN-DD00CF22AD09
557,557,credit_card,completed,129.98,2024-04-30 16:01:11+00,TXN-2DDC842B6DA8
558,558,apple_pay,pending,199.98,2024-06-07 00:06:11+00,TXN-7212EE377083
559,559,paypal,completed,124.99,2024-07-11 08:22:11+00,TXN-71EE77EBBE13
560,560,credit_card,completed,116.99,2025-11-11 20:16:04+00,TXN-1D90DE935141
561,561,debit_card,pending,67.73,2025-11-20 06:55:57+00,TXN-3B23F519634D
562,562,paypal,completed,214.98,2024-09-05 18:10:18+00,TXN-D0FE9FFD5E08
563,563,credit_card,completed,79.99,2024-11-04 19:22:18+00,TXN-A2EBD1759C5D
564,564,credit_card,completed,342.87,2024-04-23 18:32:12+00,TXN-F510BA1830B3
565,565,credit_card,completed,55.98,2024-06-08 23:22:12+00,TXN-261362A07282
566,566,debit_card,completed,179.99,2024-11-25 18:21:08+00,TXN-31B6E988AB95
567,567,bank_transfer,completed,815.94,2024-10-27 05:33:47+00,TXN-4B45E9E9B655
568,568,upi,completed,109.98,2024-12-16 15:51:47+00,TXN-CCF8D202F494
569,569,credit_card,completed,475.96,2025-01-11 19:43:47+00,TXN-801D7E110BC2
570,570,credit_card,completed,129.99,2025-02-26 04:00:47+00,TXN-1F2F297BC083
571,571,debit_card,completed,75.98,2025-03-09 05:56:47+00,TXN-FC14E1A6D282
572,572,paypal,completed,159.99,2024-01-14 00:18:50+00,TXN-4A46144398F7
573,573,paypal,completed,65.98,2024-02-12 12:35:50+00,TXN-C570D8E22480
574,574,credit_card,completed,350.98,2024-12-15 07:12:58+00,TXN-02F178A7350C
575,575,upi,completed,32.98,2024-09-05 01:01:23+00,TXN-B124A2E7C09A
576,576,upi,completed,209.13,2025-06-02 02:30:56+00,TXN-C518BB073AC3
577,577,paypal,completed,45.94,2025-09-15 15:51:14+00,TXN-C7ED88103927
578,578,debit_card,completed,199.99,2025-10-27 22:02:14+00,TXN-AC9A65125219
579,579,credit_card,pending,75.98,2024-01-21 01:47:43+00,TXN-B9D22470E8D5
580,580,credit_card,completed,60.98,2024-02-11 11:29:43+00,TXN-9D8414AFCD6C
581,581,credit_card,completed,551.98,2024-03-08 17:56:43+00,TXN-29E71AE3BC4E
582,582,credit_card,completed,75.98,2024-04-01 21:32:43+00,TXN-8BE34DC1EDBA
583,583,credit_card,completed,219.97,2024-04-19 00:26:43+00,TXN-A4087DF84E9E
584,584,credit_card,completed,460.97,2024-06-08 06:21:43+00,TXN-C6B0AD7526C6
585,585,credit_card,completed,91.99,2024-07-25 11:38:43+00,TXN-4FC7A68F20A4
586,586,credit_card,completed,806.96,2025-08-29 22:50:31+00,TXN-E035A301BA5C
587,587,credit_card,completed,179.99,2024-03-01 16:35:16+00,TXN-675C4B137F11
588,588,credit_card,completed,714.95,2025-03-02 06:53:35+00,TXN-3FE057E7028F
589,589,credit_card,completed,75.98,2024-05-13 03:25:22+00,TXN-D85688684655
590,590,credit_card,completed,40.98,2024-06-02 06:37:22+00,TXN-8824F94917F5
591,591,paypal,completed,60.98,2024-06-20 13:50:22+00,TXN-45CAE9491570
592,592,paypal,completed,185.47,2024-08-11 23:43:22+00,TXN-74CE43614915
593,593,apple_pay,completed,129.99,2025-07-22 15:40:37+00,TXN-D839AC8C5950
594,594,apple_pay,completed,88.00,2025-08-03 19:32:37+00,TXN-DE25D0F5C8A2
595,595,credit_card,completed,305.49,2025-08-19 20:40:37+00,TXN-6B7B9C008FE4
596,596,paypal,refunded,329.99,2024-09-03 21:58:04+00,TXN-80A1BB994A1B
597,597,credit_card,completed,176.00,2024-11-02 10:01:04+00,TXN-D06BE1554CC4
598,598,paypal,pending,189.97,2024-09-29 20:48:07+00,TXN-AD3DB386275F
599,599,apple_pay,completed,75.98,2024-01-24 05:43:24+00,TXN-2C3BC1A99237
600,600,credit_card,completed,531.98,2024-03-24 14:24:24+00,TXN-BA4EC8EDAF87
601,601,credit_card,pending,27.99,2024-04-10 00:19:24+00,TXN-AA344847B795
602,602,credit_card,refunded,139.94,2024-10-16 03:02:45+00,TXN-4211FF303E23
603,603,debit_card,completed,48.48,2025-06-11 07:06:56+00,TXN-698AFF92F2C4
604,604,credit_card,completed,373.98,2024-10-24 03:29:49+00,TXN-E3BF4676520D
605,605,paypal,completed,267.43,2024-11-30 18:06:07+00,TXN-E3F62D41ED97
606,606,apple_pay,completed,389.97,2024-12-19 05:02:07+00,TXN-1384443522D5
607,607,debit_card,completed,325.94,2024-02-23 08:52:48+00,TXN-AF92CBDF33E5
608,608,apple_pay,completed,65.99,2024-09-04 23:29:34+00,TXN-DF82811618F4
609,609,credit_card,completed,50.98,2024-09-08 06:34:34+00,TXN-003B1C5DC283
610,610,paypal,completed,37.99,2024-10-26 09:43:34+00,TXN-353E2929F284
611,611,credit_card,completed,152.99,2024-08-30 13:45:48+00,TXN-B1212801998B
612,612,credit_card,completed,35.98,2024-07-13 05:35:46+00,TXN-AC100D5EE233
613,613,apple_pay,failed,55.98,2024-01-15 14:21:15+00,TXN-3AE0D85CD6E4
614,614,credit_card,completed,179.99,2024-03-01 04:05:30+00,TXN-DC8D736E1CC1
615,615,debit_card,completed,45.94,2025-08-08 09:44:19+00,TXN-334852A0E082
616,616,credit_card,completed,194.98,2024-12-11 09:33:06+00,TXN-CED8C29AB929
617,617,paypal,completed,159.99,2024-12-17 13:44:06+00,TXN-7219D055AB80
618,618,debit_card,completed,37.99,2024-08-09 02:32:29+00,TXN-31DA93866AF0
619,619,paypal,completed,56.39,2024-09-21 06:04:29+00,TXN-ED0450DD19C4
620,620,debit_card,completed,429.97,2024-10-03 15:25:29+00,TXN-EAE3C734E147
621,621,apple_pay,completed,195.98,2024-12-24 22:34:53+00,TXN-C0D247069CC0
622,622,paypal,completed,131.98,2025-01-28 09:31:53+00,TXN-0D9BCA437794
623,623,credit_card,completed,55.98,2024-08-01 06:21:20+00,TXN-E6632574CD50
624,624,debit_card,completed,1224.96,2024-09-21 11:25:00+00,TXN-FDE62FB6125D
625,625,credit_card,refunded,62.98,2024-05-15 21:04:46+00,TXN-2A78A06A4041
626,626,bank_transfer,completed,104.98,2024-06-16 06:48:46+00,TXN-0771EDF4E924
627,627,credit_card,completed,75.98,2025-09-23 01:06:17+00,TXN-5B769C1D7179
628,628,debit_card,completed,129.99,2024-10-24 21:39:06+00,TXN-8F1913DFC9F9
629,629,bank_transfer,completed,27.99,2025-05-28 08:00:06+00,TXN-4F79C2CE7AFC
630,630,upi,completed,361.98,2025-07-04 09:35:06+00,TXN-2843ED644E8D
631,631,debit_card,completed,260.95,2025-03-30 13:19:36+00,TXN-8EAE5292B13B
632,632,debit_card,completed,211.22,2025-05-03 21:15:36+00,TXN-05F9A9DC45A7
633,633,credit_card,completed,35.98,2025-07-01 06:51:36+00,TXN-FECD329E887F
634,634,debit_card,completed,231.98,2024-05-31 00:39:58+00,TXN-D35236903175
635,635,upi,completed,94.99,2024-07-10 07:20:58+00,TXN-7D1B1AF4DBA9
636,636,debit_card,completed,521.97,2024-09-07 12:47:58+00,TXN-5FCF2EA03FBD
637,637,credit_card,failed,119.99,2024-09-26 18:06:58+00,TXN-FB4BB3AF7492
638,638,credit_card,completed,40.98,2024-10-24 00:16:58+00,TXN-8F4CDA78054C
639,639,debit_card,completed,157.48,2024-11-15 08:05:58+00,TXN-501194DADF5C
640,640,debit_card,completed,589.97,2024-12-11 13:39:58+00,TXN-3A0EF565B3F2
641,641,paypal,completed,158.40,2025-11-30 10:14:07+00,TXN-20DA85E5ACA8
642,642,credit_card,refunded,659.98,2025-11-28 14:47:05+00,TXN-61A9423C0FF4
643,643,apple_pay,completed,99.99,2025-12-21 03:30:05+00,TXN-D56EE7A7E539
644,644,debit_card,completed,75.98,2026-01-31 05:58:05+00,TXN-275307A1BED7
645,645,upi,completed,33.99,2026-02-24 09:17:05+00,TXN-60420FE2146E
646,646,apple_pay,completed,379.99,2025-01-25 05:17:49+00,TXN-D55181F858C9
647,647,paypal,completed,79.20,2024-02-01 12:11:21+00,TXN-2D8A276844BF
648,648,paypal,completed,136.00,2025-05-26 19:01:25+00,TXN-C5FAF2FCCA50
649,649,credit_card,completed,45.94,2025-10-27 22:25:34+00,TXN-963DC9B3F40E
650,650,paypal,completed,1149.96,2025-07-04 15:00:59+00,TXN-29A98146E8B1
651,651,paypal,completed,299.97,2024-03-21 22:52:10+00,TXN-2A4869A71CBC
652,652,credit_card,completed,130.92,2024-05-21 05:44:10+00,TXN-1D537EEE795F
653,653,apple_pay,completed,35.98,2024-06-29 14:30:10+00,TXN-CBA07893A535
654,654,credit_card,completed,127.99,2025-05-04 18:51:06+00,TXN-DCC40B4EBD20
655,655,apple_pay,completed,79.80,2025-05-28 02:45:06+00,TXN-624CBFAF1902
656,656,paypal,completed,446.38,2025-07-05 04:08:06+00,TXN-7EF8BCD45332
657,657,apple_pay,completed,119.98,2025-07-07 15:28:06+00,TXN-6383E0C1AE82
658,658,credit_card,completed,350.96,2024-04-30 14:57:49+00,TXN-D7E8BA745B7B
659,659,paypal,completed,68.31,2024-09-03 01:31:36+00,TXN-6348DE229B72
660,660,debit_card,completed,159.97,2025-03-22 00:13:58+00,TXN-0D709FF502D1
661,661,paypal,completed,89.99,2025-04-17 04:50:58+00,TXN-D938AFF24482
662,662,paypal,completed,359.88,2025-07-27 12:17:37+00,TXN-4385D4E4EBF6
663,663,credit_card,completed,404.96,2025-03-29 18:58:14+00,TXN-ADCAA3BE5CE1
664,664,credit_card,completed,227.99,2024-05-20 23:21:53+00,TXN-C0475AB146CC
665,665,debit_card,completed,289.99,2024-10-13 01:21:32+00,TXN-6F56A0D85027
666,666,apple_pay,refunded,149.98,2024-12-09 08:09:32+00,TXN-58E0BB240577
667,667,debit_card,completed,523.91,2025-01-25 13:38:52+00,TXN-23BB65A38FEE
668,668,credit_card,completed,272.72,2025-09-21 06:49:59+00,TXN-BB9762EBD49D
669,669,apple_pay,completed,188.97,2024-10-25 00:13:32+00,TXN-51FB42C64941
670,670,paypal,completed,161.99,2024-11-10 02:52:32+00,TXN-DF404EFC7B10
671,671,debit_card,completed,134.98,2025-06-03 05:44:34+00,TXN-83D6F6D6EE57
672,672,paypal,completed,716.97,2025-06-11 17:43:34+00,TXN-098AB6E21718
673,673,credit_card,completed,249.99,2025-03-15 03:27:15+00,TXN-27E907894A66
674,674,debit_card,pending,439.96,2025-03-05 08:26:14+00,TXN-F0DB0D783DCE
675,675,upi,completed,123.49,2025-03-19 16:00:14+00,TXN-C0AEE085890B
676,676,debit_card,completed,152.08,2025-05-13 04:45:23+00,TXN-C5011647054E
677,677,credit_card,completed,298.96,2025-01-10 07:10:48+00,TXN-5BD04ED02ABD
678,678,apple_pay,completed,50.98,2025-01-21 11:58:48+00,TXN-E5FAA49317C2
679,679,debit_card,completed,451.03,2024-11-10 16:52:44+00,TXN-9DB353703ABA
680,680,credit_card,refunded,205.47,2024-08-04 07:09:49+00,TXN-B8C43CFFE7A6
681,681,credit_card,pending,329.99,2024-08-26 16:46:49+00,TXN-C9D4C13DDC06
682,682,credit_card,completed,260.99,2024-10-06 02:42:49+00,TXN-6DD89F793515
683,683,paypal,failed,281.97,2025-09-27 13:09:12+00,TXN-0C14D501A889
684,684,upi,refunded,504.96,2025-10-11 20:47:12+00,TXN-E80241EC9029
685,685,paypal,completed,179.99,2025-03-01 16:08:43+00,TXN-8BD0A5D40601
686,686,debit_card,completed,119.34,2025-07-22 04:59:24+00,TXN-76F7F98664FE
687,687,paypal,completed,76.49,2025-08-08 10:46:24+00,TXN-80CE1B769629
688,688,debit_card,completed,151.98,2024-12-16 10:33:26+00,TXN-3FF2A790D0DA
689,689,apple_pay,completed,65.97,2024-12-16 23:05:06+00,TXN-F4EF7FF81348
690,690,credit_card,pending,489.98,2024-12-21 00:06:06+00,TXN-4EA36DA1A1E2
691,691,credit_card,completed,94.99,2024-11-19 01:47:02+00,TXN-09FD37736367
692,692,credit_card,failed,287.98,2024-05-08 18:41:06+00,TXN-6E22563C2937
693,693,apple_pay,completed,659.96,2024-05-28 02:07:06+00,TXN-0D00FC2C2475
694,694,credit_card,completed,923.96,2025-11-24 15:05:19+00,TXN-80B4AAA5E44E
695,695,credit_card,refunded,209.97,2026-01-23 21:45:19+00,TXN-4B204C15F8CC
696,696,credit_card,refunded,1034.94,2026-02-05 07:51:19+00,TXN-686F9A11C92F
697,697,debit_card,completed,75.98,2024-11-16 18:09:44+00,TXN-CB252C0A9953
698,698,credit_card,completed,333.98,2024-08-03 01:08:30+00,TXN-D68F4C3ACA6B
699,699,credit_card,completed,61.99,2024-08-07 06:49:30+00,TXN-E11A03C9EFA6
700,700,credit_card,completed,79.99,2024-08-30 10:49:30+00,TXN-F946B8678571
701,701,paypal,refunded,66.18,2024-10-05 13:59:30+00,TXN-4DA75C9B69BD
702,702,bank_transfer,completed,149.97,2024-10-30 02:49:30+00,TXN-1EE41201B110
703,703,credit_card,completed,183.49,2024-11-29 12:43:30+00,TXN-43071CDE14ED
704,704,debit_card,completed,331.95,2024-12-07 22:02:30+00,TXN-0E04F819F125
705,705,paypal,completed,30.98,2024-07-08 15:36:03+00,TXN-993ED9641B44
706,706,debit_card,completed,135.23,2024-07-17 03:21:03+00,TXN-A18A172E2A54
707,707,credit_card,completed,379.99,2024-06-07 14:56:30+00,TXN-C3A370404A59
708,708,debit_card,completed,345.48,2024-05-06 20:34:40+00,TXN-2D99D3FC608F
709,709,debit_card,completed,169.97,2024-06-16 05:09:40+00,TXN-EC85228AB24F
710,710,credit_card,completed,158.99,2024-05-31 13:53:15+00,TXN-BEB2BC43C964
711,711,debit_card,refunded,249.99,2025-10-13 10:04:11+00,TXN-D0CB23AEC35E
712,712,credit_card,completed,60.98,2024-12-26 02:56:14+00,TXN-8230CA2D6CAB
713,713,credit_card,completed,179.99,2025-06-27 21:01:17+00,TXN-7A296159895D
714,714,paypal,completed,71.99,2025-06-12 00:15:18+00,TXN-99D67143B722
715,715,credit_card,completed,189.98,2025-05-24 09:22:49+00,TXN-3DE66B5BE89D
716,716,paypal,completed,317.99,2025-06-06 14:57:49+00,TXN-3D1505CA1F74
717,717,paypal,completed,31.19,2025-11-05 02:21:00+00,TXN-C626509C794C
718,718,credit_card,completed,226.47,2025-11-29 04:48:00+00,TXN-9D9988656BEE
719,719,credit_card,completed,209.97,2024-04-02 01:11:09+00,TXN-866248381497
720,720,paypal,completed,139.98,2024-05-25 04:03:09+00,TXN-9EDA8C121BD1
721,721,bank_transfer,completed,321.57,2025-01-13 20:00:18+00,TXN-A6EDDB7B9F8E
722,722,credit_card,completed,94.99,2025-03-09 06:50:18+00,TXN-07FBF5302BB6
723,723,credit_card,completed,139.98,2025-03-15 15:48:18+00,TXN-A743423BE7CE
724,724,credit_card,completed,650.67,2025-03-27 20:34:18+00,TXN-3808996ADCF7
725,725,debit_card,completed,95.99,2025-04-02 06:03:18+00,TXN-C1B80FA95389
726,726,credit_card,completed,109.94,2025-05-26 08:56:18+00,TXN-C6DA22611689
727,727,debit_card,completed,181.98,2025-06-23 16:12:18+00,TXN-2D42FD801E5A
728,728,paypal,completed,579.98,2025-08-29 00:50:36+00,TXN-CC74A19E46C7
729,729,credit_card,completed,399.99,2024-08-18 10:49:11+00,TXN-30DD89440A90
730,730,debit_card,completed,75.98,2024-06-28 06:58:01+00,TXN-D3768E8FE979
731,731,paypal,completed,159.98,2024-08-24 08:13:01+00,TXN-0F33F49812F3
732,732,apple_pay,completed,75.99,2024-09-03 16:59:01+00,TXN-7194B386F08F
733,733,credit_card,completed,129.97,2024-03-26 05:58:10+00,TXN-B59544ACDB89
734,734,apple_pay,completed,596.94,2024-07-05 22:19:03+00,TXN-DE243A7C7FE3
735,735,credit_card,pending,239.98,2025-01-12 21:51:14+00,TXN-DB1E54389DFE
736,736,paypal,completed,65.98,2025-01-27 02:02:14+00,TXN-9B29E6C80B43
737,737,credit_card,completed,289.98,2025-03-28 11:02:14+00,TXN-2018ABC5E3C4
738,738,apple_pay,completed,313.17,2025-04-13 23:40:14+00,TXN-08B238DF0C11
739,739,paypal,completed,142.19,2024-02-22 14:39:17+00,TXN-FA2E78720D42
740,740,credit_card,completed,701.95,2025-07-14 06:27:37+00,TXN-CE898C4C8DD1
741,741,credit_card,completed,75.98,2024-08-01 00:11:44+00,TXN-5A18DFD9C4A2
742,742,debit_card,completed,119.99,2025-05-12 10:10:49+00,TXN-1D39881BC11E
743,743,bank_transfer,completed,439.96,2025-06-27 14:49:49+00,TXN-46B0BF04CA70
744,744,debit_card,completed,199.98,2025-07-16 16:59:49+00,TXN-5FBCE56DD712
745,745,credit_card,completed,27.99,2024-10-17 05:15:51+00,TXN-7A6AB53FBB63
746,746,credit_card,completed,30.98,2024-11-01 13:36:51+00,TXN-0F2B303B57A8
747,747,credit_card,completed,487.48,2025-11-18 17:41:16+00,TXN-ACAFDE16AE64
748,748,credit_card,completed,40.98,2024-02-05 21:51:06+00,TXN-0B938D6FBF10
749,749,paypal,completed,40.98,2024-04-03 04:13:06+00,TXN-EB35E84FE9A2
750,750,credit_card,completed,690.95,2024-04-16 12:44:56+00,TXN-DF4E199E6138
751,751,debit_card,completed,359.97,2024-04-21 10:04:10+00,TXN-2A7A7E86AAA7
752,752,credit_card,completed,579.98,2025-05-18 21:30:00+00,TXN-2149F4FB3996
753,753,credit_card,completed,88.00,2024-04-02 13:12:43+00,TXN-8ED0B826C8DC
754,754,credit_card,pending,427.45,2024-04-14 19:31:43+00,TXN-AE3BB8C8DA2D
755,755,debit_card,completed,37.99,2025-07-01 10:32:14+00,TXN-105C7E69B731
756,756,apple_pay,completed,57.28,2025-07-08 16:08:14+00,TXN-9514F45F063A
757,757,credit_card,completed,161.49,2025-06-29 00:52:09+00,TXN-D4314D142466
758,758,credit_card,completed,104.98,2025-08-06 05:07:09+00,TXN-5EDFEBBEEF57
759,759,debit_card,completed,169.19,2025-09-19 06:27:09+00,TXN-DE5F3DF36CDD
760,760,credit_card,completed,786.94,2024-04-03 00:47:56+00,TXN-CC8DE0DD710E
761,761,paypal,completed,169.93,2024-04-12 12:59:56+00,TXN-9739B03E3A23
762,762,credit_card,completed,374.46,2024-05-22 18:10:56+00,TXN-FF3F30BA5870
763,763,paypal,completed,89.99,2024-11-18 20:13:35+00,TXN-04DAE573094A
764,764,debit_card,completed,33.99,2024-01-23 06:49:57+00,TXN-65CCF0733192
765,765,credit_card,completed,65.98,2024-02-29 01:21:00+00,TXN-C2FAF4E03171
766,766,credit_card,completed,329.99,2024-03-03 02:58:00+00,TXN-491A88C69FF4
767,767,credit_card,completed,279.99,2025-09-30 11:08:39+00,TXN-D2B1D781A91E
768,768,credit_card,completed,344.97,2025-08-12 07:05:49+00,TXN-DDFA49D8F45A
769,769,debit_card,completed,296.99,2025-08-16 14:02:49+00,TXN-ADC04423DD5D
770,770,credit_card,completed,284.00,2025-08-06 00:52:37+00,TXN-D0382AB4A63D
771,771,apple_pay,completed,884.97,2024-11-05 05:28:28+00,TXN-344EF5FDA6C4
772,772,credit_card,completed,389.97,2024-12-13 08:36:28+00,TXN-366569854C46
773,773,credit_card,completed,75.98,2025-04-04 11:48:01+00,TXN-85BC7F9FA163
774,774,paypal,refunded,501.95,2025-05-15 14:31:01+00,TXN-F68A0D5CB9DA
775,775,upi,completed,94.98,2025-06-24 07:12:10+00,TXN-C5EC010D38D3
776,776,credit_card,completed,440.98,2025-07-11 09:55:10+00,TXN-45A6E15A4AE7
777,777,credit_card,refunded,65.98,2025-07-13 16:11:10+00,TXN-C8A377F1432D
778,778,credit_card,completed,35.98,2025-09-03 21:02:10+00,TXN-E9E8A720CE1F
779,779,credit_card,completed,569.97,2025-05-28 12:49:32+00,TXN-9C167DC3DC86
780,780,credit_card,completed,139.98,2025-07-01 15:10:32+00,TXN-DEABCCBFF0A9
781,781,debit_card,completed,55.98,2025-07-06 19:11:32+00,TXN-83147AB9FB84
782,782,paypal,completed,379.99,2025-07-20 07:06:32+00,TXN-40EA0BC421A7
783,783,paypal,completed,35.98,2025-06-21 09:26:14+00,TXN-43F21F167B7F
784,784,credit_card,completed,90.24,2025-07-17 11:36:14+00,TXN-EA043FE47E0E
785,785,paypal,completed,88.00,2025-09-14 16:53:14+00,TXN-E1E8C1DC5AEE
786,786,upi,completed,75.98,2025-09-16 19:04:14+00,TXN-233EA92AA62A
787,787,apple_pay,completed,234.98,2025-03-14 10:45:27+00,TXN-EB9246ADBBFE
788,788,debit_card,completed,979.95,2025-05-03 13:29:27+00,TXN-D9305F8E4D22
789,789,credit_card,refunded,239.97,2025-01-25 11:15:56+00,TXN-26757EE44813
790,790,debit_card,completed,55.98,2025-02-25 22:04:56+00,TXN-DC660FCFB17A
791,791,debit_card,completed,70.98,2025-04-25 10:01:56+00,TXN-5AD4B6992357
792,792,credit_card,completed,399.98,2025-05-23 13:13:56+00,TXN-23DABF02026D
793,793,debit_card,completed,94.99,2025-07-23 01:51:56+00,TXN-FEF4E5844098
794,794,paypal,completed,143.99,2024-11-11 20:35:40+00,TXN-84464EC3BED3
795,795,upi,completed,57.79,2024-04-04 19:51:21+00,TXN-DF0E5D0B80C9
796,796,credit_card,completed,193.47,2025-09-17 19:08:36+00,TXN-6124D4A9DBF3
797,797,debit_card,completed,35.73,2024-02-20 19:26:47+00,TXN-D35DC6EC7E26
798,798,bank_transfer,completed,301.44,2024-03-25 02:53:47+00,TXN-EF2122D8A58D
799,799,debit_card,completed,289.97,2024-04-12 22:37:58+00,TXN-86F11D97F6A4
800,800,upi,completed,94.99,2025-07-11 03:50:08+00,TXN-868156052FA2
801,801,debit_card,completed,47.99,2025-08-12 15:29:08+00,TXN-F587FC230336
802,802,paypal,completed,199.98,2024-06-07 15:02:27+00,TXN-D60729754422
803,803,credit_card,completed,259.97,2024-02-09 15:18:46+00,TXN-3C9B15390FDC
804,804,upi,completed,59.99,2024-01-17 20:40:33+00,TXN-357B47C2818B
805,805,paypal,completed,98.98,2024-05-20 07:34:32+00,TXN-C2463E2B6032
806,806,debit_card,completed,247.47,2024-06-13 14:08:32+00,TXN-53E24E8094C3
807,807,paypal,completed,89.99,2024-06-18 19:08:32+00,TXN-E101EFE1A0A6
808,808,credit_card,completed,279.89,2024-11-29 15:39:35+00,TXN-1312EC938F3E
809,809,upi,refunded,414.98,2025-01-05 23:22:35+00,TXN-E7253C415188
810,810,credit_card,completed,126.99,2025-04-24 18:05:11+00,TXN-EDA691153381
811,811,credit_card,completed,94.99,2025-06-24 04:02:11+00,TXN-2747A85C9DB8
812,812,credit_card,completed,124.99,2025-07-20 15:10:34+00,TXN-9BFB831123F5
813,813,credit_card,completed,61.99,2025-03-16 05:21:46+00,TXN-D7EE611979BE
814,814,debit_card,completed,159.98,2025-04-10 17:38:46+00,TXN-5AC75F1968FC
815,815,credit_card,completed,115.85,2025-05-18 23:04:46+00,TXN-F3A25E654485
816,816,apple_pay,completed,94.47,2024-04-29 06:28:10+00,TXN-16867D4FDACA
817,817,credit_card,completed,30.98,2024-05-04 13:27:10+00,TXN-E2E9BB299F12
818,818,credit_card,completed,80.99,2024-02-28 23:49:32+00,TXN-569BE5D3769A
819,819,upi,completed,85.99,2024-03-03 10:05:32+00,TXN-3D3F26EB3A13
820,820,credit_card,completed,732.19,2025-06-23 06:25:03+00,TXN-789804DD579B
821,821,debit_card,completed,99.99,2025-07-08 12:21:03+00,TXN-975AED6644F7
822,822,credit_card,completed,37.99,2025-08-22 18:30:03+00,TXN-54CD2F01ECB1
823,823,credit_card,completed,159.98,2025-09-02 00:04:03+00,TXN-02C5CB6429A2
824,824,debit_card,completed,33.99,2024-02-15 01:47:06+00,TXN-8CFF99FAE478
825,825,credit_card,completed,116.99,2024-03-11 04:58:06+00,TXN-6AEB56204EB1
826,826,debit_card,completed,94.98,2024-03-16 11:44:06+00,TXN-9A377D099D1A
827,827,paypal,completed,85.49,2024-04-11 14:19:06+00,TXN-12BEF57BED4D
828,828,paypal,completed,469.98,2024-05-29 16:53:06+00,TXN-0397DA51680B
829,829,apple_pay,completed,594.95,2024-06-30 21:43:06+00,TXN-B16984010CAC
830,830,bank_transfer,completed,179.98,2025-11-13 13:30:13+00,TXN-EEBFE6C85313
831,831,apple_pay,completed,359.98,2024-05-21 08:58:30+00,TXN-F6992295DBBB
832,832,credit_card,completed,280.22,2024-08-12 09:28:45+00,TXN-1CB6F0C67BC4
833,833,apple_pay,completed,31.19,2024-10-01 17:08:45+00,TXN-F8E7E084E8C5
834,834,debit_card,pending,409.48,2024-10-06 00:33:45+00,TXN-075AB2409414
835,835,paypal,completed,169.98,2024-05-08 18:55:14+00,TXN-E9436B720D16
836,836,apple_pay,completed,374.97,2025-03-10 22:51:44+00,TXN-56363D614D48
837,837,debit_card,completed,403.99,2024-05-15 05:10:52+00,TXN-6C9ABC0E83C6
838,838,credit_card,completed,209.98,2024-06-20 17:27:52+00,TXN-C1D41114B7B9
839,839,credit_card,completed,823.46,2024-07-12 19:22:52+00,TXN-C0F5E134D9B2
840,840,bank_transfer,completed,55.98,2024-08-02 05:21:52+00,TXN-2B32A4462C36
841,841,paypal,completed,75.98,2024-09-17 22:04:39+00,TXN-A95B5E2F15E7
842,842,credit_card,completed,70.98,2024-12-20 23:20:22+00,TXN-4CF9F750A682
843,843,credit_card,completed,65.98,2024-08-13 07:37:52+00,TXN-87B5632A8152
844,844,credit_card,completed,359.98,2024-09-01 18:26:52+00,TXN-16D9D1AC4BF3
845,845,apple_pay,completed,41.94,2025-05-29 10:57:57+00,TXN-45B42595F3E3
846,846,credit_card,refunded,129.98,2024-03-02 13:54:59+00,TXN-8EC1C9E3F75F
847,847,credit_card,completed,45.94,2024-03-10 17:10:59+00,TXN-E2C69313E878
848,848,credit_card,completed,249.99,2024-05-09 19:33:35+00,TXN-DA88EA98BB17
849,849,paypal,completed,88.47,2025-03-17 00:26:37+00,TXN-831237C3A846
850,850,debit_card,completed,199.98,2025-05-04 02:54:37+00,TXN-085F4D73A9D7
851,851,credit_card,completed,443.99,2024-11-11 09:11:27+00,TXN-F798F50F729D
852,852,credit_card,completed,65.98,2025-11-03 15:02:57+00,TXN-A168E270D794
853,853,upi,completed,79.90,2025-11-23 00:02:57+00,TXN-340972302786
854,854,paypal,completed,154.98,2025-09-01 00:21:44+00,TXN-57EAEADA475A
855,855,credit_card,completed,196.72,2025-10-24 02:12:44+00,TXN-00DB85BC820A
856,856,paypal,completed,329.99,2024-11-06 09:00:46+00,TXN-37C3C32E5C17
857,857,credit_card,completed,294.96,2025-03-20 18:59:00+00,TXN-4B279A237DA1
858,858,debit_card,completed,296.48,2025-05-07 05:47:00+00,TXN-77CE74738204
859,859,credit_card,completed,63.98,2024-03-19 20:51:46+00,TXN-BDF5A6CA958A
860,860,apple_pay,completed,177.97,2024-06-30 05:24:09+00,TXN-267C69CC5822
861,861,credit_card,completed,84.98,2025-03-13 16:32:27+00,TXN-9E27A62E77EA
862,862,credit_card,completed,317.99,2025-06-07 03:25:22+00,TXN-AEE2D34A3D35
863,863,credit_card,completed,159.99,2025-07-17 16:05:22+00,TXN-B997E75628BB
864,864,debit_card,completed,149.98,2024-09-18 19:54:52+00,TXN-D9A6F7753AC4
865,865,credit_card,completed,30.98,2024-05-23 10:12:06+00,TXN-E791D2F13999
866,866,credit_card,completed,334.48,2024-06-03 20:47:06+00,TXN-68DFC885732B
867,867,apple_pay,completed,499.98,2024-06-28 09:15:06+00,TXN-E88AE1FC3CFE
868,868,debit_card,completed,92.99,2024-04-14 21:46:31+00,TXN-CFDE620524E7
869,869,debit_card,completed,466.18,2024-05-28 09:52:31+00,TXN-A83BF3A809AB
870,870,credit_card,completed,159.98,2024-05-26 05:09:35+00,TXN-22BEC39BBD74
871,871,debit_card,completed,1247.96,2024-06-11 12:55:35+00,TXN-3C8ED74994E5
872,872,credit_card,pending,82.99,2024-08-10 16:33:35+00,TXN-759FBF32D85C
873,873,debit_card,pending,97.99,2025-11-29 15:25:45+00,TXN-FF6E33A77A07
874,874,credit_card,completed,855.98,2026-01-11 03:41:45+00,TXN-DE408E419458
875,875,credit_card,completed,101.99,2026-02-04 16:21:45+00,TXN-7FB33CED2B07
876,876,paypal,completed,322.98,2025-02-27 20:42:08+00,TXN-1C560DFCDC6D
877,877,credit_card,completed,224.98,2025-04-26 22:27:08+00,TXN-95FA530EC43E
878,878,paypal,refunded,1079.96,2025-05-14 03:16:08+00,TXN-29CDC9D15C91
879,879,credit_card,completed,591.97,2025-02-07 02:14:09+00,TXN-68AD219A18C2
880,880,credit_card,completed,452.98,2025-02-23 07:53:09+00,TXN-1FD289BFB4ED
881,881,credit_card,completed,199.98,2025-03-15 09:32:09+00,TXN-5E4437CAFDB6
882,882,apple_pay,completed,55.98,2025-08-11 13:55:39+00,TXN-DEB0E5C096E5
883,883,paypal,completed,239.89,2024-02-07 00:05:48+00,TXN-BE433E49FB7E
884,884,credit_card,completed,136.00,2024-02-29 01:16:48+00,TXN-500F5B5824A7
885,885,paypal,completed,221.98,2025-02-12 22:13:49+00,TXN-A5839F4FAD63
886,886,debit_card,completed,89.99,2025-03-10 09:43:49+00,TXN-6DC3EA507E7D
887,887,credit_card,completed,129.99,2025-04-01 13:47:49+00,TXN-46D0A22F4697
888,888,credit_card,completed,80.98,2025-02-17 13:37:43+00,TXN-CF85D86D97FE
889,889,credit_card,completed,119.99,2024-10-23 03:08:31+00,TXN-AC64353D2788
890,890,credit_card,completed,324.97,2025-11-18 08:36:44+00,TXN-F3AD1F1B0ED2
891,891,credit_card,completed,629.96,2024-03-01 08:13:43+00,TXN-2DA1040CBFED
892,892,credit_card,completed,35.91,2024-04-08 10:03:06+00,TXN-A65B1F879480
893,893,paypal,completed,35.73,2024-06-04 20:11:06+00,TXN-785FFABB6FE2
894,894,credit_card,completed,152.99,2024-06-14 00:27:06+00,TXN-1FD82B1464E7
895,895,credit_card,completed,144.98,2024-06-24 04:46:06+00,TXN-22C29A8C0BEE
896,896,credit_card,completed,49.99,2024-08-22 09:03:06+00,TXN-A953ACE8093C
897,897,debit_card,completed,119.85,2024-09-17 16:26:06+00,TXN-8F11B2B13102
898,898,credit_card,completed,109.98,2025-04-09 09:23:26+00,TXN-93D1A6CB1614
899,899,credit_card,completed,35.98,2025-05-23 13:44:26+00,TXN-54ECB3E8827D
900,900,upi,completed,55.98,2024-02-07 03:33:14+00,TXN-5EC743CAA725
901,901,debit_card,refunded,136.00,2024-03-27 15:08:14+00,TXN-2659AD82FF9F
902,902,apple_pay,completed,27.99,2025-03-14 10:11:11+00,TXN-B6B17FD49731
903,903,debit_card,completed,55.97,2025-04-27 12:37:11+00,TXN-32F33C5D26A8
904,904,credit_card,completed,659.98,2025-10-14 19:15:56+00,TXN-C80A25F4287C
905,905,credit_card,completed,124.99,2025-06-21 06:33:44+00,TXN-2FA3B37055A0
906,906,debit_card,completed,124.99,2024-01-16 12:37:59+00,TXN-FF38619956DF
907,907,apple_pay,completed,142.47,2024-02-27 17:37:59+00,TXN-73D47237F27C
908,908,credit_card,completed,94.99,2024-04-06 01:42:59+00,TXN-D6C76F7EC980
909,909,paypal,completed,80.98,2024-04-14 05:04:59+00,TXN-E61FE9360CBF
910,910,credit_card,completed,184.58,2024-06-13 16:30:59+00,TXN-F269445F2821
911,911,credit_card,completed,273.58,2024-06-18 19:25:59+00,TXN-F6BCD649A32F
912,912,paypal,completed,269.97,2024-07-28 07:07:59+00,TXN-A8B40E0DF450
913,913,paypal,completed,149.98,2025-05-06 00:00:11+00,TXN-6F483E6F2AD0
914,914,apple_pay,pending,55.98,2025-04-23 03:47:58+00,TXN-FC3ADB8BAB47
915,915,upi,completed,699.96,2025-06-14 11:54:58+00,TXN-77BE52AE4903
916,916,credit_card,completed,99.99,2025-07-27 14:12:58+00,TXN-8D26E31B1000
917,917,credit_card,completed,45.94,2025-08-11 21:42:58+00,TXN-56E6979215BE
918,918,credit_card,completed,329.92,2025-09-16 13:55:34+00,TXN-6E1E5F51F2BC
919,919,credit_card,completed,369.96,2025-10-30 17:19:34+00,TXN-AA1D55B95995
920,920,bank_transfer,completed,124.98,2025-01-17 01:32:26+00,TXN-915BB7AE73E5
921,921,credit_card,refunded,384.98,2025-08-06 01:10:36+00,TXN-AD5E644B994C
922,922,credit_card,completed,30.98,2025-08-17 04:38:36+00,TXN-E28B1DC39246
923,923,paypal,completed,160.18,2025-08-19 12:39:36+00,TXN-8BC66462C4A0
924,924,credit_card,completed,75.98,2025-10-11 15:35:36+00,TXN-888CDDDA22C4
925,925,credit_card,completed,94.99,2025-11-15 03:42:36+00,TXN-E43ECDEF4AC0
926,926,credit_card,completed,94.99,2024-04-02 13:29:18+00,TXN-C689625A6241
927,927,debit_card,completed,109.98,2024-08-16 13:11:14+00,TXN-8652F034BD70
928,928,credit_card,completed,127.19,2024-08-18 20:29:14+00,TXN-234D0E1E74D0
929,929,credit_card,completed,569.97,2025-03-10 13:21:50+00,TXN-B9BB3E86BACD
930,930,debit_card,refunded,426.59,2025-03-26 19:52:50+00,TXN-5854D8355C58
931,931,debit_card,completed,749.95,2025-05-25 08:20:50+00,TXN-FF59D5AA0C48
932,932,debit_card,completed,359.98,2025-07-23 20:20:50+00,TXN-4BA36BBA87CF
933,933,credit_card,completed,109.98,2025-05-28 21:58:23+00,TXN-2E580D221D4C
934,934,debit_card,completed,399.99,2025-09-18 19:56:44+00,TXN-A97E5130AA1F
935,935,credit_card,completed,179.99,2025-11-13 04:51:44+00,TXN-79AD4295C897
936,936,upi,completed,40.98,2025-04-14 18:55:09+00,TXN-D7B5FC45C15B
937,937,credit_card,completed,47.99,2024-11-03 02:41:21+00,TXN-78FC494E3DF3
938,938,credit_card,completed,259.98,2024-06-18 04:19:43+00,TXN-7745D3035514
939,939,credit_card,completed,109.33,2025-04-23 07:36:21+00,TXN-2F221EB792FC
940,940,credit_card,completed,191.90,2025-08-31 00:31:21+00,TXN-E0D135C69F2C
941,941,credit_card,completed,199.99,2025-10-24 06:31:21+00,TXN-AF59FB940BDB
942,942,credit_card,completed,399.99,2025-11-26 17:02:21+00,TXN-2C514F7DDD53
943,943,credit_card,completed,60.98,2025-12-31 05:25:21+00,TXN-B1D5A8839D33
944,944,paypal,completed,242.98,2024-02-24 22:48:00+00,TXN-99ADAFFDCF62
945,945,debit_card,completed,455.99,2024-04-15 05:00:00+00,TXN-56244C46E5B5
946,946,credit_card,completed,37.99,2024-05-31 20:22:44+00,TXN-A65540FDB6BA
947,947,apple_pay,completed,47.99,2024-03-05 00:49:20+00,TXN-A9EE5C8AF0C3
948,948,credit_card,completed,47.99,2024-04-16 10:35:20+00,TXN-3E5B9DBA59CF
949,949,debit_card,completed,197.98,2024-12-24 10:24:20+00,TXN-680716920523
950,950,debit_card,completed,99.98,2025-01-11 01:16:30+00,TXN-C9B6D8E1FF80
951,951,apple_pay,completed,329.99,2025-01-14 09:07:30+00,TXN-4643E8C7BAC4
952,952,upi,refunded,30.98,2024-10-13 18:42:29+00,TXN-3729BEC6B360
953,953,credit_card,completed,132.98,2025-10-04 12:23:29+00,TXN-FB46FA7DD73A
954,954,apple_pay,completed,139.98,2024-08-06 15:16:10+00,TXN-37640D6A52B0
955,955,credit_card,completed,73.99,2024-08-20 01:30:10+00,TXN-3A0DFA67DE39
956,956,apple_pay,completed,124.99,2024-06-20 07:13:33+00,TXN-7C40B83ECA74
957,957,apple_pay,completed,154.57,2025-11-08 13:04:11+00,TXN-30713718C29D
958,958,paypal,completed,239.97,2025-11-19 17:16:11+00,TXN-3432534A51E2
959,959,apple_pay,completed,684.95,2026-01-11 02:43:11+00,TXN-BF17D1BBA383
960,960,debit_card,completed,55.98,2026-02-06 04:33:11+00,TXN-9CA58D3A5F91
961,961,credit_card,completed,124.99,2025-01-21 00:01:29+00,TXN-F0215B1F01B9
962,962,debit_card,completed,89.99,2025-02-28 04:24:29+00,TXN-13BABB85FC7A
963,963,credit_card,completed,572.46,2025-04-16 15:27:29+00,TXN-7B43AAD1DBEB
964,964,credit_card,completed,89.99,2025-04-24 20:59:29+00,TXN-36AD1C44CCA4
965,965,apple_pay,completed,309.97,2025-05-30 03:23:29+00,TXN-83DE9BA2970B
966,966,debit_card,completed,75.98,2025-07-06 15:08:29+00,TXN-129F9AFC6135
967,967,credit_card,completed,199.99,2024-12-04 09:26:11+00,TXN-CAB2D49A413E
968,968,bank_transfer,completed,292.97,2025-07-09 17:59:19+00,TXN-5C52CE227AA0
969,969,paypal,completed,523.78,2024-09-22 11:44:13+00,TXN-D7EE94DE6D88
970,970,debit_card,completed,304.98,2024-10-21 21:15:13+00,TXN-B53A9CD85AAB
971,971,credit_card,completed,139.98,2024-10-06 07:00:53+00,TXN-CFDE80EC20ED
972,972,apple_pay,completed,179.99,2024-11-06 11:58:53+00,TXN-CDE75C5F9E49
973,973,credit_card,completed,440.75,2024-08-17 21:10:20+00,TXN-233FFD4FBB24
974,974,debit_card,completed,49.99,2024-09-01 02:53:20+00,TXN-3A9487A475A6
975,975,debit_card,completed,271.99,2024-10-26 15:50:20+00,TXN-5C50B37322A5
976,976,paypal,completed,339.98,2024-12-16 20:51:20+00,TXN-60052F6EDAF0
977,977,credit_card,refunded,399.99,2025-09-18 02:31:44+00,TXN-F21C2BED1168
978,978,credit_card,completed,589.96,2024-05-22 21:01:53+00,TXN-D42BF55A4505
979,979,debit_card,completed,187.59,2024-06-07 08:17:53+00,TXN-B9D9FE78C9C5
980,980,credit_card,completed,534.91,2025-03-14 04:25:12+00,TXN-BF6999A426E9
981,981,paypal,completed,239.98,2025-01-18 22:17:19+00,TXN-807E749E4748
982,982,credit_card,completed,187.98,2025-10-03 13:07:25+00,TXN-568117BAB6AA
983,983,credit_card,completed,219.36,2025-11-20 17:22:25+00,TXN-29BDF895AFE1
984,984,apple_pay,completed,280.98,2025-05-31 18:34:40+00,TXN-4F7B7FF8509D
985,985,debit_card,completed,37.99,2025-07-17 23:14:40+00,TXN-9C05126296DD
986,986,bank_transfer,completed,315.96,2024-12-15 23:02:52+00,TXN-5C9E181AF93A
987,987,credit_card,refunded,509.96,2025-04-26 09:52:17+00,TXN-178A8E6D1107
988,988,paypal,completed,34.79,2024-08-16 03:35:33+00,TXN-3299042907AB
989,989,upi,completed,52.22,2024-09-18 11:05:33+00,TXN-4C3B2B8DF8E0
990,990,apple_pay,completed,55.97,2024-12-24 11:56:20+00,TXN-6BAE6F4DC053
991,991,apple_pay,completed,174.96,2025-07-09 22:56:14+00,TXN-F6BE9523B19A
992,992,credit_card,completed,40.98,2025-01-10 02:26:21+00,TXN-25C4DF7A2A99
993,993,credit_card,failed,110.49,2025-01-24 11:49:21+00,TXN-411C9F7CD59A
994,994,debit_card,completed,504.95,2024-05-13 05:52:26+00,TXN-D603B140FDC1
995,995,credit_card,completed,65.98,2024-04-12 18:33:57+00,TXN-7724FA740CA6
996,996,apple_pay,completed,476.48,2025-11-18 02:46:13+00,TXN-09F45435D036
997,997,credit_card,completed,184.98,2024-12-26 01:46:10+00,TXN-AD317F5D5896
998,998,paypal,completed,35.98,2025-02-17 07:36:10+00,TXN-E33305CE5265
999,999,paypal,completed,37.99,2024-03-23 09:12:28+00,TXN-541893F41250
1000,1000,apple_pay,completed,99.99,2024-04-25 13:35:28+00,TXN-E1774D9C9662
1001,1001,apple_pay,completed,65.98,2025-10-01 22:45:51+00,TXN-37F5C8B721C9
1002,1002,credit_card,completed,523.99,2025-11-15 05:26:51+00,TXN-BEA4497BE8C7
1003,1003,debit_card,completed,259.98,2025-09-01 15:08:12+00,TXN-A0051A479777
1004,1004,paypal,completed,441.56,2025-10-22 03:58:12+00,TXN-518131D597A1
1005,1005,credit_card,completed,350.97,2025-12-21 16:29:12+00,TXN-6A30A974A543
1006,1006,apple_pay,completed,825.94,2026-01-14 01:51:12+00,TXN-0366C66EE3BF
1007,1007,credit_card,completed,89.99,2025-03-24 23:41:26+00,TXN-F444E1DBA32B
1008,1008,credit_card,completed,134.98,2024-03-13 04:31:35+00,TXN-4AE507C5A2DE
1009,1009,paypal,completed,89.99,2025-02-18 20:51:35+00,TXN-DFD835C7839A
1010,1010,credit_card,completed,80.98,2025-05-01 06:48:39+00,TXN-836048EC7B02
1011,1011,credit_card,completed,267.29,2025-06-18 19:36:39+00,TXN-B0E2C883CB23
1012,1012,credit_card,completed,75.98,2025-06-28 05:26:39+00,TXN-087C8BA204C3
1013,1013,credit_card,completed,259.97,2025-08-16 13:29:39+00,TXN-4B9964665E69
1014,1014,paypal,completed,119.99,2024-01-30 16:49:58+00,TXN-BE8A1CC2108E
1015,1015,credit_card,completed,233.98,2024-02-04 20:12:58+00,TXN-D0745FC73651
1016,1016,credit_card,completed,399.99,2024-03-06 23:50:58+00,TXN-653FC4A0EE5A
1017,1017,paypal,completed,99.98,2024-03-21 11:09:58+00,TXN-BEC1A974E786
1018,1018,debit_card,completed,131.39,2024-05-07 20:02:51+00,TXN-495E46A1A0AA
1019,1019,apple_pay,completed,112.00,2025-09-20 08:22:33+00,TXN-F5BB8A9047DD
1020,1020,debit_card,completed,32.98,2024-05-31 17:47:20+00,TXN-CC2A360F9D6D
1021,1021,debit_card,refunded,45.94,2024-12-10 11:14:25+00,TXN-586452A43482
1022,1022,debit_card,completed,314.98,2024-06-14 18:03:10+00,TXN-BC7F1C012501
1023,1023,paypal,completed,105.98,2024-07-22 13:49:30+00,TXN-4B26143C890C
1024,1024,paypal,completed,34.48,2024-12-16 19:27:35+00,TXN-623FB3898A6A
1025,1025,credit_card,completed,179.99,2024-02-11 01:34:47+00,TXN-5AB702D7EFAA
1026,1026,credit_card,completed,289.98,2024-03-14 06:21:47+00,TXN-4BA81ABBAD9C
1027,1027,credit_card,completed,829.97,2024-03-19 09:19:54+00,TXN-EF917F09A7E7
1028,1028,debit_card,completed,79.90,2024-04-13 16:57:54+00,TXN-7231463DD6FD
1029,1029,credit_card,completed,524.97,2024-04-16 11:01:37+00,TXN-384E7A200902
1030,1030,credit_card,completed,237.99,2024-05-22 20:31:37+00,TXN-743675DD0667
1031,1031,bank_transfer,completed,182.99,2024-01-18 03:45:44+00,TXN-A3F0CE91782E
1032,1032,debit_card,completed,89.97,2024-02-02 11:01:44+00,TXN-C86D2D9B0F56
1033,1033,upi,completed,319.96,2025-03-01 06:00:47+00,TXN-E511C2C1E13C
1034,1034,debit_card,completed,77.98,2024-08-06 06:27:11+00,TXN-947B4579447D
1035,1035,paypal,completed,60.98,2024-08-25 14:34:11+00,TXN-2C2C015CB63B
1036,1036,debit_card,completed,581.97,2025-03-07 08:49:00+00,TXN-B2EDE97CD21E
1037,1037,credit_card,completed,674.97,2024-10-16 09:24:12+00,TXN-AB483D7C3330
1038,1038,debit_card,completed,88.00,2025-01-22 22:37:18+00,TXN-3EF530A6CE05
1039,1039,debit_card,completed,179.99,2025-06-10 12:09:08+00,TXN-E4D25712ED42
1040,1040,paypal,completed,989.97,2024-01-27 05:47:52+00,TXN-EE5A9F2A6BE0
1041,1041,debit_card,completed,130.03,2024-02-05 13:01:52+00,TXN-9DBC97406B74
1042,1042,apple_pay,completed,264.97,2025-04-24 04:08:39+00,TXN-7E89CB1C8695
1043,1043,credit_card,completed,449.78,2025-06-21 06:48:39+00,TXN-5E3BC1865D41
1044,1044,paypal,completed,27.99,2024-02-20 13:52:00+00,TXN-B72B6607B5A1
1045,1045,apple_pay,completed,110.98,2024-03-02 12:49:47+00,TXN-BBA7ADF62B72
1046,1046,credit_card,completed,79.49,2024-04-02 21:29:47+00,TXN-7AA880A23779
1047,1047,paypal,completed,129.98,2024-06-01 13:08:26+00,TXN-D515DF3A0E4D
1048,1048,credit_card,completed,179.99,2024-07-31 17:19:26+00,TXN-97F69A184C3B
1049,1049,credit_card,completed,249.98,2025-03-26 15:37:32+00,TXN-E4AF08B55F18
1050,1050,credit_card,refunded,65.98,2025-04-25 02:41:32+00,TXN-711F2613F26D
1051,1051,paypal,completed,189.98,2025-06-05 12:20:32+00,TXN-249FBF7041B9
1052,1052,debit_card,completed,449.98,2024-05-16 08:01:22+00,TXN-D876341144E6
1053,1053,credit_card,completed,747.98,2024-12-10 21:59:36+00,TXN-4D4A484E2CFD
1054,1054,debit_card,completed,131.48,2025-08-09 20:34:47+00,TXN-7D2E060DC1E4
1055,1055,credit_card,completed,70.98,2025-09-19 00:49:47+00,TXN-B67A145E5517
1056,1056,credit_card,completed,40.98,2025-02-18 14:07:16+00,TXN-D1E5A2D17975
1057,1057,credit_card,completed,259.96,2025-02-22 01:02:16+00,TXN-35BDCD65F018
1058,1058,debit_card,completed,25.79,2025-04-20 08:20:16+00,TXN-E732BFC0B297
1059,1059,debit_card,completed,70.93,2025-06-28 10:46:50+00,TXN-C00DF38F5C63
1060,1060,paypal,completed,729.95,2024-10-15 00:55:13+00,TXN-4B05B2836F0E
1061,1061,debit_card,completed,129.99,2024-03-27 01:20:08+00,TXN-2A2F0293C05E
1062,1062,credit_card,completed,292.00,2024-05-11 03:44:08+00,TXN-9D1B80FFAE2B
1063,1063,credit_card,completed,89.49,2024-05-14 09:04:08+00,TXN-06DA6218D017
1064,1064,debit_card,failed,384.95,2024-06-13 11:23:08+00,TXN-BB1B49B43CF0
1065,1065,paypal,completed,158.99,2025-10-15 20:48:40+00,TXN-520ECC1D8664
1066,1066,debit_card,completed,349.98,2025-11-22 07:12:40+00,TXN-A36ADCAD0CD8
1067,1067,credit_card,completed,124.99,2025-08-29 04:35:44+00,TXN-3DFB5FC95F82
1068,1068,credit_card,completed,55.98,2025-05-16 02:54:43+00,TXN-0440605AF909
1069,1069,debit_card,completed,249.97,2024-09-24 17:31:59+00,TXN-C982349E4CB5
1070,1070,credit_card,completed,47.99,2025-04-06 13:29:39+00,TXN-587536AE0581
1071,1071,paypal,refunded,534.96,2025-01-09 09:49:25+00,TXN-72A90D86F55C
1072,1072,debit_card,completed,261.98,2025-07-04 17:32:57+00,TXN-C668E782E508
1073,1073,upi,completed,169.99,2025-04-24 02:23:47+00,TXN-F623C50846DF
1074,1074,credit_card,refunded,254.98,2025-03-26 01:12:29+00,TXN-353EC56E419F
1075,1075,bank_transfer,completed,289.99,2025-05-15 12:35:29+00,TXN-109DB4A81C8A
1076,1076,credit_card,completed,109.98,2025-05-22 21:41:29+00,TXN-EAA0BE81F1E6
1077,1077,debit_card,completed,81.98,2025-05-30 19:14:31+00,TXN-203FD6947F05
1078,1078,credit_card,completed,61.23,2025-07-16 22:37:31+00,TXN-57C952272037
1079,1079,credit_card,completed,731.48,2025-10-10 21:09:48+00,TXN-2C67B4B904DC
1080,1080,credit_card,completed,33.99,2025-11-18 23:25:48+00,TXN-BD2B4BC11B50
1081,1081,apple_pay,refunded,167.98,2025-12-09 01:26:48+00,TXN-EC857B3CF0B3
1082,1082,credit_card,pending,419.47,2024-07-14 10:03:55+00,TXN-4B9F85500B87
1083,1083,paypal,completed,304.95,2024-08-11 16:37:55+00,TXN-E6DB6F003B8F
1084,1084,upi,completed,179.98,2024-01-27 07:24:20+00,TXN-3D8C13364FF4
1085,1085,debit_card,completed,319.98,2024-03-17 09:10:20+00,TXN-30E0C8DE3E94
1086,1086,paypal,completed,224.97,2024-04-07 12:16:20+00,TXN-C9F8BD3DC99F
1087,1087,credit_card,completed,89.99,2025-04-30 12:06:40+00,TXN-76CEDB737B3A
1088,1088,credit_card,completed,396.96,2024-02-25 03:13:57+00,TXN-42102518025A
1089,1089,debit_card,completed,79.99,2024-08-08 03:44:31+00,TXN-C146DBCCE489
1090,1090,paypal,refunded,479.92,2024-08-16 05:10:31+00,TXN-06B7D1C1EB03
1091,1091,credit_card,completed,213.98,2024-09-21 08:36:31+00,TXN-11E32C80D3DA
1092,1092,debit_card,completed,242.98,2024-10-26 13:16:31+00,TXN-606EC1C40F8E
1093,1093,credit_card,completed,359.97,2024-12-03 00:45:31+00,TXN-0CF911640909
1094,1094,paypal,refunded,89.99,2024-12-17 10:14:31+00,TXN-BB7448D056F7
1095,1095,upi,completed,45.94,2025-01-20 21:15:31+00,TXN-1041523C13D7
1096,1096,credit_card,refunded,1399.93,2025-02-11 15:36:43+00,TXN-6E484C821FDE
1097,1097,paypal,completed,289.99,2025-01-03 04:42:57+00,TXN-45B0A9008C12
1098,1098,credit_card,completed,433.22,2024-05-15 10:51:24+00,TXN-D6ECB7F0C5CF
1099,1099,paypal,completed,319.98,2024-06-22 20:51:24+00,TXN-7B487426D84E
1100,1100,credit_card,completed,35.98,2024-02-29 22:14:40+00,TXN-983A6D3B9955
1101,1101,paypal,completed,139.98,2024-04-09 05:10:40+00,TXN-A150DA1CC2E5
1102,1102,paypal,completed,160.38,2024-11-09 17:06:28+00,TXN-0C19AA6114B0
1103,1103,credit_card,completed,256.48,2024-05-12 03:00:02+00,TXN-DBF00E3550E6
1104,1104,credit_card,refunded,37.99,2024-06-29 08:43:02+00,TXN-A86F8F1E5D52
1105,1105,upi,completed,79.99,2025-04-03 20:57:50+00,TXN-3627CF999A9F
1106,1106,bank_transfer,completed,220.96,2025-04-16 06:41:50+00,TXN-1EFDB292F9CB
1107,1107,credit_card,completed,129.99,2025-08-28 18:02:20+00,TXN-EA06C1844125
1108,1108,credit_card,refunded,565.48,2025-08-30 19:38:20+00,TXN-8A50F9F693D1
1109,1109,debit_card,completed,179.97,2025-11-20 00:08:35+00,TXN-FCA4DA0B1AA6
1110,1110,apple_pay,completed,368.98,2025-12-25 05:35:35+00,TXN-5FB9021E764F
1111,1111,apple_pay,completed,69.99,2024-06-01 15:07:10+00,TXN-E26C5F78B2D8
1112,1112,paypal,completed,84.99,2024-07-17 18:38:10+00,TXN-F01639AD5435
1113,1113,paypal,completed,107.99,2024-08-11 02:06:10+00,TXN-6F75D2D81986
1114,1114,credit_card,completed,123.49,2024-07-08 21:04:58+00,TXN-959366224F9D
1115,1115,credit_card,completed,320.47,2024-08-04 22:32:58+00,TXN-E2F553CEC275
1116,1116,debit_card,pending,240.99,2025-04-25 03:05:39+00,TXN-2227E6A57D9E
1117,1117,paypal,completed,75.98,2024-02-01 15:12:08+00,TXN-9CBF1D322822
1118,1118,paypal,completed,509.96,2024-12-08 19:47:10+00,TXN-84A7DCE85B24
1119,1119,debit_card,refunded,99.98,2024-12-25 01:26:10+00,TXN-3608A0F81F44
1120,1120,debit_card,completed,47.99,2025-10-09 23:56:50+00,TXN-BC95E723231A
1121,1121,paypal,completed,65.48,2025-11-20 11:16:50+00,TXN-DA68F0559527
1122,1122,credit_card,completed,338.98,2025-12-23 23:54:50+00,TXN-D4B86C33CD93
1123,1123,credit_card,completed,599.97,2026-01-23 01:13:50+00,TXN-A257B098B826
1124,1124,debit_card,completed,89.99,2025-07-08 18:27:33+00,TXN-63A9BEEACCCD
1125,1125,credit_card,completed,33.99,2025-08-08 19:39:33+00,TXN-46C83D93A6B8
1126,1126,paypal,completed,559.95,2025-08-03 10:04:49+00,TXN-ECC079B222A4
1127,1127,debit_card,completed,80.98,2025-09-02 17:47:49+00,TXN-2B8B5477441F
1128,1128,credit_card,completed,172.80,2024-11-12 15:08:04+00,TXN-DCD75B3540B7
1129,1129,credit_card,completed,33.99,2024-12-30 13:15:16+00,TXN-5B0C7760198E
1130,1130,apple_pay,completed,429.97,2025-02-26 15:59:16+00,TXN-6B002BECD044
1131,1131,upi,completed,37.99,2025-03-09 23:51:16+00,TXN-5B6D8040D882
1132,1132,credit_card,completed,384.96,2024-09-10 23:39:55+00,TXN-E337881450E1
1133,1133,upi,completed,259.97,2024-09-19 10:10:55+00,TXN-965976AC8C18
1134,1134,apple_pay,completed,48.48,2024-09-23 07:55:30+00,TXN-2447AE8B0843
1135,1135,apple_pay,completed,139.48,2025-07-07 00:36:18+00,TXN-2F18BAB87819
1136,1136,apple_pay,completed,234.93,2025-03-27 16:05:37+00,TXN-004166E687E8
1137,1137,debit_card,completed,565.45,2025-07-29 20:08:05+00,TXN-6B9A646984AF
1138,1138,credit_card,completed,68.98,2024-01-17 22:36:09+00,TXN-530BC4C8CFC5
1139,1139,credit_card,completed,80.97,2024-02-14 04:15:09+00,TXN-BAB53D19A12E
1140,1140,paypal,refunded,575.67,2024-04-06 14:17:09+00,TXN-2B940AD3B0C2
1141,1141,debit_card,completed,35.98,2024-04-13 03:12:09+00,TXN-51B4FB70FC0C
1142,1142,paypal,completed,152.99,2025-06-03 01:33:24+00,TXN-0C3F05524724
1143,1143,paypal,completed,33.99,2025-07-07 09:56:24+00,TXN-079D6F075002
1144,1144,credit_card,completed,259.98,2024-08-17 19:04:03+00,TXN-14C9C1D86300
1145,1145,debit_card,completed,55.98,2025-11-05 18:38:53+00,TXN-9CE14ED9B662
1146,1146,apple_pay,completed,405.98,2025-12-18 05:23:53+00,TXN-E4C4A386CC33
1147,1147,credit_card,refunded,99.99,2024-08-11 11:12:15+00,TXN-F93C228AA1A0
1148,1148,apple_pay,completed,94.99,2024-08-25 23:30:12+00,TXN-5B384989F645
1149,1149,credit_card,completed,455.98,2024-08-31 00:54:12+00,TXN-9819AD945B85
1150,1150,credit_card,refunded,179.99,2024-04-10 11:37:40+00,TXN-1F6DD875145C
1151,1151,debit_card,refunded,119.98,2024-05-02 00:32:40+00,TXN-6CDCCAC3A2B9
1152,1152,credit_card,failed,116.99,2024-04-07 16:29:28+00,TXN-1031C2D13537
1153,1153,credit_card,completed,33.99,2024-09-13 16:08:27+00,TXN-443BF60AFFB6
1154,1154,apple_pay,completed,329.99,2025-01-26 09:58:00+00,TXN-2A8525BF3186
1155,1155,credit_card,completed,261.98,2025-03-14 17:02:00+00,TXN-DDC784390FA9
1156,1156,debit_card,completed,149.47,2025-01-03 20:16:46+00,TXN-1291D901E10A
1157,1157,credit_card,completed,75.98,2025-09-20 21:34:24+00,TXN-E273C103891E
1158,1158,credit_card,completed,197.48,2025-02-08 23:15:45+00,TXN-BF1805FEDB93
1159,1159,credit_card,completed,384.97,2025-04-26 04:17:53+00,TXN-9592B1D0B2C7
1160,1160,debit_card,completed,134.98,2025-05-24 21:09:47+00,TXN-6201946FB6B8
1161,1161,credit_card,completed,599.97,2025-06-24 06:34:47+00,TXN-4D31BCA5DF3A
1162,1162,debit_card,failed,271.96,2025-08-22 09:13:47+00,TXN-B44F0D0072AF
1163,1163,credit_card,completed,115.20,2024-02-17 08:23:51+00,TXN-E10E13F37959
1164,1164,paypal,completed,48.48,2024-09-16 11:43:44+00,TXN-16AFDC0C969B
1165,1165,apple_pay,completed,55.71,2025-04-03 04:15:09+00,TXN-C053AED7D92B
1166,1166,credit_card,completed,139.98,2024-08-11 07:26:43+00,TXN-38856A46BD5E
1167,1167,paypal,completed,75.98,2024-10-01 13:44:43+00,TXN-8D645E271473
1168,1168,debit_card,completed,35.98,2024-05-25 09:42:26+00,TXN-6A38AC7C1A64
1169,1169,paypal,completed,31.48,2025-02-06 02:23:16+00,TXN-9750F00D20D8
1170,1170,debit_card,completed,143.69,2025-11-19 15:06:39+00,TXN-09450DC911B7
1171,1171,upi,completed,104.98,2025-02-11 03:39:51+00,TXN-C98B5444B822
1172,1172,credit_card,refunded,308.72,2024-02-19 06:56:27+00,TXN-FE9E181C82E6
1173,1173,apple_pay,completed,159.99,2024-06-11 06:04:39+00,TXN-A2EF76495E29
1174,1174,credit_card,completed,89.99,2024-07-22 14:37:39+00,TXN-14444738D9CD
1175,1175,credit_card,completed,109.99,2024-08-10 22:50:40+00,TXN-43522446B7A7
1176,1176,paypal,completed,37.99,2024-08-13 08:54:40+00,TXN-704A1CA228EA
1177,1177,credit_card,completed,152.19,2024-10-07 12:02:40+00,TXN-04D450AF301F
1178,1178,credit_card,completed,89.99,2024-08-06 00:38:38+00,TXN-EE46E7F02AA6
1179,1179,upi,completed,334.97,2025-03-07 10:33:15+00,TXN-230FC9DD6276
1180,1180,debit_card,completed,154.98,2025-03-24 20:34:15+00,TXN-93E4118978E0
1181,1181,paypal,completed,79.99,2024-03-14 08:18:07+00,TXN-D26FDEEC6596
1182,1182,paypal,refunded,219.29,2024-04-05 14:00:07+00,TXN-845B2D4DD19B
1183,1183,paypal,completed,854.95,2024-04-30 19:36:07+00,TXN-7B42DA692F29
1184,1184,paypal,completed,32.59,2024-09-22 15:24:09+00,TXN-62BE6B3668EF
1185,1185,credit_card,completed,31.19,2024-09-07 19:30:13+00,TXN-B08AA0D75AE9
1186,1186,credit_card,completed,599.97,2025-07-03 00:19:42+00,TXN-F29FB679F0DB
1187,1187,credit_card,completed,55.98,2025-01-21 14:35:17+00,TXN-4885EF793E36
1188,1188,upi,completed,33.99,2025-10-06 11:11:25+00,TXN-A8B79FABD2CC
1189,1189,credit_card,completed,179.98,2025-04-17 08:30:17+00,TXN-36F2FDA33E91
1190,1190,apple_pay,completed,37.99,2025-05-30 11:47:17+00,TXN-8CC49328A12D
1191,1191,debit_card,completed,50.98,2025-10-05 19:44:18+00,TXN-9DEDF77B6882
1192,1192,credit_card,completed,55.98,2025-11-09 02:26:18+00,TXN-5CF5EC1FE1D6
1193,1193,credit_card,completed,339.98,2025-12-13 04:13:18+00,TXN-CB1C50242876
1194,1194,credit_card,completed,96.00,2024-03-06 03:45:24+00,TXN-10177B6E2F66
1195,1195,debit_card,completed,219.84,2024-12-26 11:24:55+00,TXN-7B917A4A8906
1196,1196,debit_card,completed,124.99,2025-02-06 20:31:55+00,TXN-E79F0B402A75
1197,1197,credit_card,completed,159.99,2025-06-04 12:09:47+00,TXN-E566A0DFA42A
1198,1198,debit_card,completed,33.19,2024-12-25 09:39:18+00,TXN-312AAC4A356A
1199,1199,upi,completed,452.96,2024-09-15 12:40:33+00,TXN-65902E0F2061
1200,1200,credit_card,completed,518.73,2024-11-04 16:55:33+00,TXN-7766337AABDE
1201,1201,bank_transfer,refunded,116.99,2024-11-10 10:10:09+00,TXN-8FEA397F4BCE
1202,1202,credit_card,completed,70.48,2024-10-06 20:24:19+00,TXN-FD75D14B027D
1203,1203,upi,completed,427.99,2024-10-10 06:29:19+00,TXN-593E8F9B7A20
1204,1204,credit_card,completed,70.98,2024-11-24 00:08:50+00,TXN-F1284F1CAE45
1205,1205,paypal,completed,61.99,2025-01-05 07:11:50+00,TXN-B33D73DA78E5
1206,1206,apple_pay,completed,279.98,2025-03-02 09:22:50+00,TXN-442EEF3550E3
1207,1207,credit_card,completed,92.99,2025-03-11 12:35:50+00,TXN-2E08D4485FFD
1208,1208,debit_card,completed,179.99,2025-04-02 22:26:50+00,TXN-31BC8C91CD02
1209,1209,credit_card,completed,99.98,2025-05-04 02:55:50+00,TXN-B8896B67B963
1210,1210,debit_card,completed,159.99,2024-11-07 06:04:17+00,TXN-3813C75A21B1
1211,1211,credit_card,completed,219.93,2024-01-14 23:39:52+00,TXN-30DA6915678E
1212,1212,credit_card,completed,80.99,2025-06-24 17:59:07+00,TXN-45AC053BA9BE
1213,1213,credit_card,completed,50.98,2024-05-31 17:41:45+00,TXN-9E1918920B09
1214,1214,debit_card,completed,427.99,2024-07-15 02:19:45+00,TXN-0C27D44E8BE0
1215,1215,debit_card,refunded,249.99,2024-08-14 03:57:45+00,TXN-E627CD04B333
1216,1216,debit_card,refunded,45.94,2024-10-07 15:22:45+00,TXN-477CA2397057
1217,1217,credit_card,completed,298.70,2024-10-14 04:03:45+00,TXN-5D32D8490A64
1218,1218,debit_card,refunded,199.98,2024-11-02 12:21:45+00,TXN-5D3E9C12337A
1219,1219,upi,completed,869.97,2025-03-04 22:20:37+00,TXN-C8D0C74B26F9
1220,1220,apple_pay,completed,238.73,2025-06-27 22:24:07+00,TXN-E67F9FB54D88
1221,1221,apple_pay,pending,169.99,2024-03-19 01:55:34+00,TXN-3A964FCDD033
1222,1222,credit_card,completed,35.98,2024-04-17 10:12:34+00,TXN-FC2CF7811092
1223,1223,debit_card,completed,369.97,2024-05-03 16:27:34+00,TXN-C0B76D6C782E
1224,1224,credit_card,completed,709.94,2024-06-16 00:42:34+00,TXN-A136ED40AAB9
1225,1225,debit_card,completed,128.95,2024-08-10 10:51:34+00,TXN-083C2C4383C1
1226,1226,credit_card,completed,119.99,2024-10-01 13:48:34+00,TXN-908C5A5761EC
1227,1227,credit_card,completed,399.99,2024-01-17 03:09:01+00,TXN-0A5D19F0F0B4
1228,1228,debit_card,completed,60.98,2024-03-07 08:34:01+00,TXN-08C2F3A74695
1229,1229,upi,completed,694.43,2024-03-24 14:16:01+00,TXN-2113EFB6431E
1230,1230,upi,completed,199.99,2025-09-23 09:02:33+00,TXN-27D1441E912D
1231,1231,apple_pay,completed,94.99,2025-11-04 18:07:33+00,TXN-7C718D080CE5
1232,1232,paypal,completed,112.49,2025-05-13 13:03:11+00,TXN-F456391165C1
1233,1233,credit_card,completed,181.97,2024-04-23 04:47:15+00,TXN-8B7BF7D5152F
1234,1234,apple_pay,completed,431.97,2024-01-25 09:54:47+00,TXN-7C5427306805
1235,1235,paypal,completed,167.80,2024-01-27 14:03:47+00,TXN-73EB57056C3B
1236,1236,credit_card,completed,35.98,2024-02-09 21:59:47+00,TXN-4B61EBAB4098
1237,1237,paypal,completed,417.12,2024-03-09 03:15:47+00,TXN-C762584A2413
1238,1238,credit_card,completed,419.96,2024-04-13 04:35:47+00,TXN-FB2F55494DDE
1239,1239,credit_card,completed,89.99,2024-05-18 15:25:52+00,TXN-61EF59E69BA9
1240,1240,apple_pay,completed,168.00,2025-04-10 08:04:47+00,TXN-FA381D131E65
1241,1241,credit_card,completed,456.94,2025-06-05 18:24:47+00,TXN-1F707B686AEC
1242,1242,credit_card,completed,137.99,2025-07-30 19:34:59+00,TXN-228AAFDFDDB4
1243,1243,credit_card,completed,84.00,2025-01-14 09:54:46+00,TXN-59CE3ACBF60D
1244,1244,debit_card,completed,413.99,2025-02-28 22:27:46+00,TXN-006BF0D4CB73
1245,1245,credit_card,completed,659.98,2025-02-23 14:02:28+00,TXN-2809D2779D47
1246,1246,bank_transfer,completed,665.45,2024-02-07 10:42:25+00,TXN-9215A1B5CE5D
1247,1247,apple_pay,completed,212.98,2024-02-09 23:39:25+00,TXN-512119F4662C
1248,1248,upi,completed,279.98,2025-09-27 19:54:39+00,TXN-B17CC8E24ECB
1249,1249,debit_card,completed,244.48,2025-10-27 03:10:39+00,TXN-AB6FCFD7FF9B
1250,1250,upi,completed,89.99,2025-12-12 06:43:39+00,TXN-5440C9142E0F
1251,1251,paypal,completed,75.98,2025-02-19 11:42:49+00,TXN-ACCCCF9B7A46
1252,1252,credit_card,completed,441.72,2025-03-21 23:01:49+00,TXN-539B251290C9
1253,1253,credit_card,completed,33.99,2024-03-24 13:59:12+00,TXN-DAA319769F2D
1254,1254,credit_card,completed,1060.42,2024-04-27 15:44:12+00,TXN-EEC1D716D09C
1255,1255,credit_card,completed,129.99,2024-06-06 18:46:12+00,TXN-D13CAF3EDA67
1256,1256,paypal,completed,79.99,2024-01-29 03:02:31+00,TXN-9A1A85AE02F1
1257,1257,credit_card,completed,73.99,2024-02-29 04:53:31+00,TXN-E5D436E0251B
1258,1258,paypal,completed,47.99,2025-04-25 11:05:36+00,TXN-02BC92F6F8E8
1259,1259,upi,completed,249.99,2025-06-02 21:53:36+00,TXN-094E3985641D
1260,1260,debit_card,completed,659.97,2025-05-31 12:44:57+00,TXN-CD04F447033F
1261,1261,paypal,completed,96.99,2025-06-28 00:59:57+00,TXN-10C6281BF269
1262,1262,paypal,completed,119.99,2025-08-19 06:19:57+00,TXN-41BC04F31709
1263,1263,debit_card,completed,199.99,2024-03-04 05:30:18+00,TXN-3A43FC65C64E
1264,1264,paypal,completed,544.96,2024-03-08 16:27:53+00,TXN-17925FD79050
1265,1265,apple_pay,completed,169.47,2024-04-22 17:58:53+00,TXN-08BEE5B22615
1266,1266,paypal,completed,73.99,2024-12-14 11:28:57+00,TXN-05ADE068CB31
1267,1267,paypal,completed,169.99,2025-01-03 12:43:57+00,TXN-3116C17450A8
1268,1268,credit_card,refunded,404.96,2024-07-17 02:15:16+00,TXN-0DDD89F3445A
1269,1269,apple_pay,completed,47.99,2024-09-01 03:27:16+00,TXN-CA1A328A81AC
1270,1270,upi,completed,37.99,2024-07-31 13:06:09+00,TXN-26F8804B857B
1271,1271,apple_pay,completed,79.99,2024-09-20 16:12:09+00,TXN-D73920E1E573
1272,1272,credit_card,completed,169.99,2025-10-20 07:53:59+00,TXN-0B7CFC2E3708
1273,1273,credit_card,completed,35.98,2024-10-12 07:28:21+00,TXN-DED49955DA4B
1274,1274,paypal,completed,151.99,2024-10-04 15:49:47+00,TXN-77C372DEBC5B
1275,1275,credit_card,completed,55.48,2024-08-26 21:21:49+00,TXN-DA771C78EF9B
1276,1276,credit_card,refunded,149.97,2024-08-31 05:02:49+00,TXN-9D8FDEAD1E0D
1277,1277,paypal,completed,159.98,2024-09-15 10:21:49+00,TXN-A645C599FB0A
1278,1278,apple_pay,completed,27.99,2024-06-11 19:09:33+00,TXN-093F0C490912
1279,1279,debit_card,completed,204.00,2024-06-21 22:41:33+00,TXN-B66221AEF0C3
1280,1280,credit_card,completed,116.98,2024-07-04 08:40:33+00,TXN-80EF1FE4CCA5
1281,1281,apple_pay,completed,37.99,2025-10-19 16:36:09+00,TXN-8AFF6E90312F
1282,1282,paypal,completed,349.96,2025-09-19 15:56:12+00,TXN-7219BA09CBBA
1283,1283,credit_card,completed,25.79,2024-04-28 12:26:15+00,TXN-6338BDE2E252
1284,1284,credit_card,completed,220.44,2024-02-17 05:07:04+00,TXN-D941FDE4428B
1285,1285,credit_card,completed,71.99,2025-04-07 15:14:57+00,TXN-9CF073A5A306
1286,1286,credit_card,completed,284.96,2025-06-29 19:15:54+00,TXN-312BDD158645
1287,1287,debit_card,completed,424.77,2024-02-29 16:07:29+00,TXN-77FFB42D0050
1288,1288,credit_card,refunded,134.89,2024-03-16 20:34:29+00,TXN-E4DE1137E9BD
1289,1289,debit_card,completed,125.39,2024-03-21 07:33:29+00,TXN-1DBDE4016ADB
1290,1290,apple_pay,completed,169.98,2024-03-23 18:44:29+00,TXN-7273338F0F92
1291,1291,paypal,completed,79.99,2024-05-12 00:00:29+00,TXN-0597BC69C329
1292,1292,upi,completed,179.98,2024-06-25 11:10:29+00,TXN-2CC91982777D
1293,1293,paypal,completed,280.72,2024-08-20 17:15:29+00,TXN-359A1A48159C
1294,1294,credit_card,completed,239.98,2024-07-16 20:12:52+00,TXN-5C31B5FDFCB4
1295,1295,credit_card,completed,68.98,2025-01-22 23:45:54+00,TXN-8199BEF0309A
1296,1296,apple_pay,completed,139.98,2025-09-10 01:13:14+00,TXN-7F1F2BADFD69
1297,1297,paypal,completed,119.98,2024-05-26 05:46:40+00,TXN-1E0859496167
1298,1298,credit_card,failed,227.98,2024-01-15 02:55:30+00,TXN-C7DAA65F70BE
1299,1299,debit_card,completed,139.98,2024-02-17 14:54:30+00,TXN-36DE1511C178
1300,1300,upi,refunded,351.98,2025-01-07 07:45:48+00,TXN-ABC5742EF5CA
1301,1301,paypal,completed,55.98,2025-02-13 13:28:48+00,TXN-C06452112228
1302,1302,debit_card,pending,33.99,2025-04-11 21:07:48+00,TXN-D2FDE076AC09
1303,1303,bank_transfer,completed,181.22,2024-05-09 19:24:04+00,TXN-3C88E6CB124D
1304,1304,debit_card,completed,33.99,2025-10-01 18:53:08+00,TXN-7234FB27E3E0
1305,1305,credit_card,completed,80.99,2024-04-13 20:54:36+00,TXN-DF20E6453144
1306,1306,credit_card,completed,955.17,2024-05-11 00:39:36+00,TXN-7E82A4371E87
1307,1307,credit_card,completed,89.99,2024-06-30 08:43:36+00,TXN-224E315D2ED9
1308,1308,credit_card,completed,219.95,2025-12-10 04:23:55+00,TXN-035ABF55CE20
1309,1309,upi,failed,94.99,2024-10-23 02:58:51+00,TXN-5E44514A8236
1310,1310,apple_pay,completed,229.93,2024-11-27 15:32:51+00,TXN-8FFF3AFF8494
1311,1311,credit_card,completed,294.95,2025-04-18 22:48:53+00,TXN-F6514D174AB6
1312,1312,credit_card,completed,659.98,2024-06-12 14:37:03+00,TXN-CE054BBF4E89
1313,1313,paypal,completed,284.97,2024-12-22 22:29:50+00,TXN-A84C60E3D40A
1314,1314,debit_card,completed,75.97,2025-04-01 13:18:53+00,TXN-F3C03E6068CB
1315,1315,credit_card,completed,189.99,2025-05-22 14:21:53+00,TXN-1533B2B1285D
1316,1316,credit_card,completed,129.48,2024-12-28 03:53:33+00,TXN-4D443C893E83
1317,1317,debit_card,completed,94.99,2025-01-27 12:34:33+00,TXN-137FA541E4D0
1318,1318,credit_card,completed,70.98,2025-03-25 17:59:33+00,TXN-EC4C16A3EDE6
1319,1319,credit_card,pending,329.99,2025-04-09 09:07:21+00,TXN-3A0B97434073
1320,1320,credit_card,completed,60.98,2024-11-13 17:57:37+00,TXN-871F5317A037
1321,1321,credit_card,completed,123.98,2024-12-02 00:34:37+00,TXN-3A67632DA725
1322,1322,apple_pay,completed,89.99,2024-12-12 12:37:37+00,TXN-C13206CB65EE
1323,1323,credit_card,completed,260.22,2024-04-16 16:22:51+00,TXN-870B5BCFC16B
1324,1324,debit_card,completed,125.99,2025-10-29 23:48:38+00,TXN-9F4E2470516B
1325,1325,debit_card,completed,80.98,2025-11-24 05:49:38+00,TXN-02D940786A9B
1326,1326,debit_card,completed,453.71,2024-10-19 10:31:16+00,TXN-61C31ED092F9
1327,1327,credit_card,completed,137.99,2024-12-09 05:48:36+00,TXN-4C6A35948751
1328,1328,credit_card,completed,490.45,2025-06-08 18:12:34+00,TXN-95ABFB35427E
1329,1329,credit_card,completed,229.97,2025-05-19 05:04:50+00,TXN-A16818B6FA2B
1330,1330,debit_card,completed,282.58,2025-06-16 06:09:50+00,TXN-EC166D584B03
1331,1331,debit_card,completed,33.99,2025-01-07 03:24:52+00,TXN-03CA2E66E8BD
1332,1332,paypal,completed,309.98,2024-02-23 19:27:13+00,TXN-B07A1D70D28C
1333,1333,paypal,completed,305.08,2024-04-06 02:58:13+00,TXN-36387412791A
1334,1334,credit_card,completed,47.99,2025-06-14 10:25:58+00,TXN-D68C56E0FCBF
1335,1335,credit_card,completed,157.99,2025-08-10 21:54:58+00,TXN-BA5946EDA8BA
1336,1336,paypal,completed,207.93,2025-01-02 00:43:32+00,TXN-8D61C9CBC034
1337,1337,credit_card,completed,579.98,2025-02-02 01:44:32+00,TXN-C244334E1DF6
1338,1338,apple_pay,completed,219.98,2025-04-01 11:33:32+00,TXN-A9BEFB35F0E7
1339,1339,debit_card,completed,159.98,2025-07-09 01:31:08+00,TXN-CE7D19503555
1340,1340,apple_pay,completed,404.98,2025-06-17 14:28:15+00,TXN-BB623DED2118
1341,1341,credit_card,completed,191.99,2024-01-21 14:02:32+00,TXN-220802B52FD6
1342,1342,credit_card,completed,30.98,2024-03-08 19:08:32+00,TXN-C1FB498BC390
1343,1343,credit_card,completed,249.99,2024-04-04 20:15:32+00,TXN-24C75E52C0D5
1344,1344,apple_pay,completed,32.98,2025-07-06 20:13:43+00,TXN-3FD672D04B10
1345,1345,paypal,completed,65.98,2024-07-29 17:03:25+00,TXN-58F48BA06257
1346,1346,paypal,completed,112.00,2024-05-17 19:12:56+00,TXN-7EF8F74EA0EA
1347,1347,apple_pay,completed,68.39,2024-02-07 12:28:07+00,TXN-2F9E08EB0467
1348,1348,debit_card,completed,239.97,2024-02-14 22:54:07+00,TXN-BE332396CBBB
1349,1349,credit_card,completed,285.73,2025-06-12 09:29:44+00,TXN-A14383072CCA
1350,1350,credit_card,completed,89.99,2025-08-02 22:07:44+00,TXN-E0C9B52B35F3
1351,1351,paypal,completed,46.69,2024-01-20 20:55:22+00,TXN-177966A4D550
1352,1352,credit_card,completed,249.98,2024-02-13 09:37:22+00,TXN-6966C22F9433
1353,1353,apple_pay,refunded,155.23,2024-09-28 04:15:07+00,TXN-9F49EE3DD1ED
1354,1354,credit_card,completed,329.98,2024-10-28 08:32:07+00,TXN-251E5783D360
1355,1355,credit_card,completed,284.98,2024-12-19 18:29:40+00,TXN-53DADC85A59C
1356,1356,debit_card,refunded,169.99,2024-12-24 00:24:40+00,TXN-AB947EA3E17B
1357,1357,paypal,completed,73.99,2025-05-08 03:46:39+00,TXN-1A9E588EED52
1358,1358,credit_card,refunded,104.98,2025-06-21 12:22:39+00,TXN-CE7F779783C8
1359,1359,credit_card,completed,360.97,2025-06-28 18:55:39+00,TXN-76AC5E81031B
1360,1360,paypal,completed,199.98,2025-09-02 05:58:38+00,TXN-8960E275AE9C
1361,1361,paypal,completed,71.99,2025-11-01 15:52:38+00,TXN-7CA01B02B69A
1362,1362,paypal,completed,83.60,2025-11-07 00:27:38+00,TXN-CA99D80960E3
1363,1363,apple_pay,completed,259.48,2025-11-10 09:37:38+00,TXN-D704E1FBB2AB
1364,1364,upi,completed,99.99,2025-12-17 14:30:38+00,TXN-BCB4F3F5EB92
1365,1365,paypal,completed,594.97,2025-12-19 15:42:38+00,TXN-7C9C1D72B12B
1366,1366,paypal,completed,364.98,2026-02-11 01:56:38+00,TXN-A25C4C29D956
1367,1367,debit_card,completed,314.97,2025-01-30 18:07:13+00,TXN-869B0DD5866E
1368,1368,credit_card,completed,338.97,2025-03-10 23:38:13+00,TXN-2F92E24748F3
1369,1369,credit_card,completed,339.73,2025-04-05 07:52:13+00,TXN-ADECA8244619
1370,1370,debit_card,completed,100.00,2024-01-10 21:01:10+00,TXN-58335E0DA547
1371,1371,credit_card,refunded,33.99,2024-02-07 00:50:10+00,TXN-DC2C0EB7B402
1372,1372,credit_card,completed,249.98,2024-12-23 19:05:03+00,TXN-D2244B58A562
1373,1373,credit_card,completed,89.99,2025-04-04 14:03:47+00,TXN-007F949D70DE
1374,1374,debit_card,refunded,75.60,2025-04-10 14:52:09+00,TXN-2A0B65FDF314
1375,1375,apple_pay,completed,129.92,2025-07-18 12:38:49+00,TXN-394A6801E203
1376,1376,credit_card,completed,179.98,2025-08-31 16:05:49+00,TXN-643D135248C6
1377,1377,credit_card,completed,120.99,2024-08-31 02:13:20+00,TXN-6668C3F2180D
1378,1378,credit_card,refunded,444.98,2024-05-13 10:38:53+00,TXN-9AA175B58143
1379,1379,debit_card,completed,99.98,2024-05-17 18:19:53+00,TXN-B6EC6BD5391D
1380,1380,apple_pay,completed,249.99,2025-06-26 20:30:34+00,TXN-0F1FE2409EC8
1381,1381,paypal,completed,169.99,2024-10-18 14:55:09+00,TXN-99B9423CA456
1382,1382,credit_card,completed,79.99,2025-07-31 23:31:49+00,TXN-596000FBE83A
1383,1383,debit_card,completed,315.98,2025-06-25 02:30:57+00,TXN-70FA40A12C38
1384,1384,credit_card,completed,399.99,2025-06-29 12:30:57+00,TXN-33BC76F4F514
1385,1385,debit_card,completed,109.98,2024-08-18 08:30:46+00,TXN-F28B05B6BD97
1386,1386,credit_card,pending,259.97,2024-10-17 15:48:46+00,TXN-793BB4488307
1387,1387,paypal,pending,63.98,2024-05-23 08:54:21+00,TXN-7F73D1364A5C
1388,1388,credit_card,completed,55.98,2024-06-02 18:30:21+00,TXN-3BADE923961F
1389,1389,credit_card,pending,224.97,2024-06-10 05:03:21+00,TXN-49B1E231F18F
1390,1390,apple_pay,completed,65.83,2024-07-20 12:35:21+00,TXN-E2A372B3137D
1391,1391,paypal,completed,208.98,2024-10-06 16:15:47+00,TXN-9B71E0616D06
1392,1392,paypal,completed,224.94,2024-10-12 17:48:47+00,TXN-38311E6CC944
1393,1393,paypal,completed,99.99,2024-11-26 06:44:47+00,TXN-5EF66FCB5FE0
1394,1394,debit_card,completed,219.98,2024-05-12 08:55:00+00,TXN-5F4748A57B31
1395,1395,bank_transfer,completed,422.98,2025-06-29 22:01:58+00,TXN-1E702428A0BB
1396,1396,paypal,completed,32.98,2025-07-06 01:55:58+00,TXN-01D6C3E2BAA9
1397,1397,debit_card,completed,279.97,2025-06-25 12:43:07+00,TXN-563CEAA10B4A
1398,1398,paypal,completed,234.97,2024-01-31 17:47:59+00,TXN-EDB7D464CF66
1399,1399,paypal,completed,109.79,2024-04-24 16:28:38+00,TXN-F8AC8DFDDEAF
1400,1400,credit_card,completed,642.96,2024-04-06 13:59:42+00,TXN-4D13E5048350
1401,1401,paypal,completed,88.00,2024-05-19 18:54:42+00,TXN-F52A42456D6E
1402,1402,paypal,completed,339.98,2024-07-18 21:57:42+00,TXN-60B876979E39
1403,1403,credit_card,completed,81.97,2024-08-28 00:51:42+00,TXN-9EA0481FA593
1404,1404,credit_card,completed,351.98,2024-09-06 08:41:42+00,TXN-BC70461925BE
1405,1405,paypal,completed,179.98,2024-10-14 14:42:42+00,TXN-327CAE5B3645
1406,1406,debit_card,completed,65.97,2025-06-10 02:03:46+00,TXN-6B89E3C665A0
1407,1407,credit_card,completed,124.99,2025-06-13 07:42:46+00,TXN-7C38079B94D6
1408,1408,credit_card,completed,194.97,2024-02-02 07:37:46+00,TXN-F27E93DACBAE
1409,1409,credit_card,completed,94.94,2025-04-26 21:18:09+00,TXN-574237179F9E
1410,1410,paypal,completed,56.79,2025-05-18 07:51:09+00,TXN-9D9B72CBFE11
1411,1411,paypal,refunded,65.98,2025-06-02 10:36:09+00,TXN-B4B7934724F6
1412,1412,credit_card,completed,184.93,2024-06-06 09:29:16+00,TXN-253FD282AD14
1413,1413,paypal,completed,32.59,2025-01-07 13:27:18+00,TXN-9B45128B05D0
1414,1414,debit_card,completed,799.98,2025-01-24 01:33:18+00,TXN-0BB4059FE977
1415,1415,credit_card,completed,474.97,2024-06-28 14:50:04+00,TXN-A76EA152436F
1416,1416,paypal,refunded,33.99,2024-07-09 20:00:04+00,TXN-21E4BE1BC8D5
1417,1417,paypal,completed,99.99,2024-10-15 06:29:47+00,TXN-7B954CF3597D
1418,1418,debit_card,completed,514.96,2024-12-23 12:24:11+00,TXN-CF709C58DD52
1419,1419,credit_card,completed,159.99,2025-02-10 21:35:11+00,TXN-D7F8D13D7D2A
1420,1420,credit_card,completed,26.89,2025-03-30 10:27:11+00,TXN-DB073737AE0E
1421,1421,upi,completed,169.99,2024-02-29 21:44:31+00,TXN-7887442EDC20
1422,1422,credit_card,completed,312.97,2025-05-31 23:50:45+00,TXN-2A9B6DB2F07D
1423,1423,credit_card,completed,127.99,2025-06-30 10:19:45+00,TXN-9ED46C26AFAF
1424,1424,paypal,completed,24.69,2025-07-28 21:23:45+00,TXN-55A4DD38253D
1425,1425,credit_card,completed,161.49,2025-08-16 01:52:45+00,TXN-ADC631A141F5
1426,1426,credit_card,refunded,157.98,2024-06-07 10:21:21+00,TXN-9CCC8127E70A
1427,1427,apple_pay,completed,429.94,2025-07-20 18:54:18+00,TXN-F3919FCE2D65
1428,1428,credit_card,completed,67.19,2025-08-22 04:44:18+00,TXN-660EA6D9EFA0
1429,1429,debit_card,completed,204.97,2025-10-04 15:37:18+00,TXN-C98752C7C4EB
1430,1430,debit_card,refunded,410.98,2024-05-02 21:22:08+00,TXN-415CBC7943AD
1431,1431,debit_card,completed,70.98,2024-06-04 09:23:08+00,TXN-3414B68B87C5
1432,1432,credit_card,completed,319.95,2025-08-09 19:24:29+00,TXN-0638763ABC6F
1433,1433,credit_card,completed,35.98,2025-09-12 02:53:29+00,TXN-3934033CAEC9
1434,1434,paypal,completed,94.99,2025-05-03 19:57:53+00,TXN-7BC73F0A1A2E
1435,1435,credit_card,completed,379.99,2024-07-31 23:47:39+00,TXN-60C30DD7CED1
1436,1436,credit_card,completed,309.96,2024-04-07 00:36:14+00,TXN-E916CAF7C5F7
1437,1437,credit_card,completed,89.97,2025-06-09 18:10:44+00,TXN-6CE795D1F618
1438,1438,credit_card,completed,107.99,2025-03-25 14:49:47+00,TXN-750EA35FD653
1439,1439,paypal,completed,411.97,2025-02-10 04:53:38+00,TXN-8B8F96EF511A
1440,1440,paypal,completed,199.99,2024-01-25 17:34:52+00,TXN-1F152B9EEF23
1441,1441,credit_card,completed,208.98,2024-03-23 05:17:52+00,TXN-E10AFB45BE41
1442,1442,paypal,completed,774.96,2024-11-29 00:39:38+00,TXN-768FCE0DE56D
1443,1443,paypal,completed,478.76,2024-12-29 12:44:38+00,TXN-0B94332014B9
1444,1444,debit_card,completed,399.99,2025-02-16 22:23:38+00,TXN-BD99AE5CB670
1445,1445,paypal,completed,35.98,2024-09-07 02:57:24+00,TXN-5F0BD21E1E75
1446,1446,credit_card,completed,209.97,2024-10-23 08:48:24+00,TXN-5C62A82CE405
1447,1447,debit_card,completed,239.98,2024-02-11 21:02:09+00,TXN-C5CFA6B627E5
1448,1448,apple_pay,completed,807.96,2024-09-10 15:52:17+00,TXN-79865657B15B
1449,1449,credit_card,completed,341.98,2024-11-09 00:04:17+00,TXN-8C9BAB48C770
1450,1450,paypal,completed,47.99,2025-01-02 02:07:17+00,TXN-576B5F7BA79A
1451,1451,credit_card,refunded,33.99,2025-01-27 03:36:04+00,TXN-4D68D085A008
1452,1452,paypal,completed,184.97,2025-03-23 05:03:04+00,TXN-5FC200AD42E3
1453,1453,apple_pay,completed,643.48,2025-10-20 15:15:08+00,TXN-52D83DBDEC0F
1454,1454,paypal,completed,154.97,2024-06-27 05:00:11+00,TXN-DD30B527C9A6
1455,1455,credit_card,completed,482.83,2024-08-26 09:31:11+00,TXN-771B4C2850A4
1456,1456,debit_card,completed,47.99,2024-09-22 20:54:11+00,TXN-A343F064F9CB
1457,1457,apple_pay,completed,129.98,2024-10-23 06:40:11+00,TXN-6A4750CCCAF0
1458,1458,paypal,completed,60.98,2025-02-23 23:16:38+00,TXN-6E2E2CD1132F
1459,1459,upi,failed,70.98,2025-03-14 04:03:38+00,TXN-EB6988DCD232
1460,1460,debit_card,completed,337.47,2024-12-10 23:44:10+00,TXN-B4B0FE6D52FC
1461,1461,debit_card,completed,249.97,2024-12-13 12:36:10+00,TXN-FFB358C4629A
1462,1462,credit_card,completed,144.98,2025-01-23 20:00:10+00,TXN-D0FFF347DD27
1463,1463,apple_pay,completed,127.79,2025-06-18 05:04:25+00,TXN-B33682979447
1464,1464,debit_card,refunded,399.70,2025-08-03 06:52:25+00,TXN-75B943A58F6C
1465,1465,credit_card,completed,73.99,2025-10-05 16:07:29+00,TXN-AF63CC3009B4
1466,1466,credit_card,completed,211.97,2025-11-17 03:27:29+00,TXN-D3DBFC083E06
1467,1467,credit_card,completed,199.97,2024-02-19 02:39:30+00,TXN-931456A08040
1468,1468,debit_card,completed,99.99,2024-11-20 05:04:20+00,TXN-7CEEDD0107DA
1469,1469,apple_pay,completed,329.98,2024-11-29 17:58:20+00,TXN-29DDD70B329A
1470,1470,debit_card,completed,479.96,2024-12-25 00:48:20+00,TXN-6E54859A26B9
1471,1471,paypal,completed,289.99,2024-07-08 04:41:44+00,TXN-50ED1409E8A5
1472,1472,credit_card,completed,148.78,2025-03-24 10:50:40+00,TXN-339238F30907
1473,1473,credit_card,completed,509.96,2025-04-02 14:11:40+00,TXN-D686D1E4B89E
1474,1474,credit_card,completed,479.95,2025-09-17 23:42:14+00,TXN-1CE9840857DB
1475,1475,upi,refunded,139.98,2025-10-01 02:09:14+00,TXN-63038E2D4744
1476,1476,credit_card,completed,179.99,2025-11-20 09:35:14+00,TXN-E4614F302E67
1477,1477,debit_card,completed,305.72,2024-03-10 16:38:36+00,TXN-C55D9584BE50
1478,1478,credit_card,refunded,216.98,2024-05-01 03:21:36+00,TXN-1977FE111F67
1479,1479,paypal,completed,65.48,2025-07-20 06:47:31+00,TXN-4F08A52AC05C
1480,1480,debit_card,completed,179.99,2025-09-05 11:23:31+00,TXN-5D92AA1D78EC
1481,1481,debit_card,completed,60.98,2025-03-28 13:22:29+00,TXN-27C771F265C9
1482,1482,credit_card,completed,179.99,2025-05-16 19:18:29+00,TXN-A6166A854460
1483,1483,debit_card,completed,37.99,2025-05-30 08:07:29+00,TXN-18D977CE63D8
1484,1484,debit_card,completed,94.99,2025-06-28 15:22:29+00,TXN-3FF36B83D591
1485,1485,credit_card,completed,129.99,2025-04-08 09:27:48+00,TXN-0FFE798EA3B8
1486,1486,debit_card,completed,216.91,2024-08-04 01:19:59+00,TXN-F902DABC72FE
1487,1487,credit_card,completed,47.99,2024-04-10 05:00:07+00,TXN-B318BF496CC3
1488,1488,debit_card,refunded,357.99,2024-05-17 10:03:07+00,TXN-20F5ED6735B8
1489,1489,paypal,completed,184.98,2025-07-24 10:54:43+00,TXN-57016B98B3F9
1490,1490,credit_card,completed,604.77,2024-10-26 05:04:43+00,TXN-4FFB729543A2
1491,1491,credit_card,completed,33.99,2024-10-30 06:22:43+00,TXN-6AD561D4FCB8
1492,1492,credit_card,completed,35.98,2024-11-07 00:41:43+00,TXN-C445133D7339
1493,1493,paypal,completed,70.59,2025-11-21 22:04:27+00,TXN-8625AAFD40BE
1494,1494,apple_pay,completed,124.98,2025-10-29 00:27:24+00,TXN-43DBB4E862BE
1495,1495,credit_card,completed,88.00,2025-12-09 10:28:24+00,TXN-0990C09AD253
1496,1496,apple_pay,completed,329.99,2026-02-04 12:08:24+00,TXN-5F3DF1D5D73B
1497,1497,credit_card,refunded,169.99,2025-04-17 08:30:16+00,TXN-C7A7448CEF2A
1498,1498,credit_card,completed,124.99,2025-09-13 00:05:07+00,TXN-E1428FB28128
1499,1499,credit_card,completed,61.99,2024-04-08 13:15:14+00,TXN-D4E17C292CCF
1500,1500,debit_card,completed,510.22,2025-11-12 04:05:44+00,TXN-C6CBBCD284F0
1501,1501,credit_card,completed,124.99,2025-12-13 16:43:44+00,TXN-3A49EBDD5815
1502,1502,credit_card,completed,207.99,2024-11-26 12:32:24+00,TXN-0720876409C8
1503,1503,debit_card,completed,89.99,2025-05-18 02:42:34+00,TXN-68C60FCFD2B6
1504,1504,credit_card,completed,169.98,2024-12-05 16:08:17+00,TXN-7EAFD43DA2A7
1505,1505,debit_card,completed,230.98,2024-12-11 15:58:48+00,TXN-E1A204E71E3E
1506,1506,debit_card,completed,35.98,2025-02-02 20:53:48+00,TXN-22277AFB1162
1507,1507,apple_pay,completed,149.97,2025-02-27 06:59:48+00,TXN-8AC84DB89733
1508,1508,debit_card,completed,82.79,2025-04-19 14:37:48+00,TXN-808878E2B566
1509,1509,bank_transfer,completed,129.98,2025-06-06 19:39:48+00,TXN-3461B3C99FE3
1510,1510,debit_card,completed,129.99,2025-01-23 11:08:43+00,TXN-55F487EBA2B4
1511,1511,debit_card,completed,206.97,2024-11-26 18:52:28+00,TXN-AC3E2471DE83
1512,1512,credit_card,completed,35.98,2024-12-13 02:45:28+00,TXN-1FC29EC08ADD
1513,1513,apple_pay,completed,199.98,2025-06-27 03:21:46+00,TXN-5278DC850C74
1514,1514,credit_card,completed,35.98,2025-06-30 11:49:46+00,TXN-752B8E17A9C9
1515,1515,paypal,completed,273.98,2025-08-23 14:02:46+00,TXN-B7A438E5A151
1516,1516,upi,completed,89.99,2025-10-04 22:14:46+00,TXN-EF9D50FCC394
1517,1517,credit_card,completed,75.98,2025-11-18 09:35:46+00,TXN-1E437E7D66A8
1518,1518,upi,completed,787.47,2026-01-08 11:28:46+00,TXN-A76D82E2D4C8
1519,1519,debit_card,completed,102.74,2025-07-11 20:34:45+00,TXN-670E4801FC17
1520,1520,debit_card,completed,289.99,2024-07-01 21:23:42+00,TXN-9DC0A59C5EDA
1521,1521,apple_pay,completed,104.98,2024-07-16 03:10:42+00,TXN-8170399AFBEE
1522,1522,debit_card,completed,129.97,2025-05-07 02:18:36+00,TXN-5972DB4A488F
1523,1523,credit_card,completed,167.98,2025-05-30 10:40:36+00,TXN-6696FC9C7E65
1524,1524,paypal,completed,79.90,2025-07-27 20:56:36+00,TXN-49A2E5F772A4
1525,1525,credit_card,completed,224.99,2024-05-18 17:20:27+00,TXN-D406E9EFB168
1526,1526,debit_card,completed,161.99,2024-07-28 19:58:11+00,TXN-93F2430EFAF0
1527,1527,credit_card,refunded,215.99,2024-08-26 06:55:11+00,TXN-AE675745FB4D
1528,1528,credit_card,completed,112.49,2025-11-26 22:20:44+00,TXN-649D105C367D
1529,1529,credit_card,refunded,215.95,2025-12-25 04:13:44+00,TXN-D7CA5236AFFF
1530,1530,credit_card,completed,149.98,2024-05-01 02:31:45+00,TXN-33FA6A286758
1531,1531,credit_card,completed,239.38,2024-07-27 18:53:34+00,TXN-27C815E0B8C4
1532,1532,credit_card,completed,249.98,2025-03-18 03:26:09+00,TXN-F27902787BFB
1533,1533,paypal,completed,73.99,2025-11-15 18:28:11+00,TXN-C43F9CBA347E
1534,1534,credit_card,completed,114.79,2024-01-18 19:29:32+00,TXN-D3907ED70C8B
1535,1535,credit_card,completed,636.97,2024-03-15 22:10:32+00,TXN-688A5EE4AA5D
1536,1536,credit_card,completed,359.98,2024-01-30 16:35:11+00,TXN-EFF333AB5887
1537,1537,paypal,completed,619.98,2024-03-28 17:44:11+00,TXN-D895F00A90EF
1538,1538,credit_card,completed,170.97,2024-04-24 02:40:11+00,TXN-F9A497DA8E59
1539,1539,credit_card,completed,319.98,2025-01-06 05:11:05+00,TXN-052387A6FA63
1540,1540,bank_transfer,refunded,55.98,2025-05-29 07:07:48+00,TXN-D0105AAFB682
1541,1541,bank_transfer,completed,76.99,2025-07-23 12:17:48+00,TXN-0317B3D48C3A
1542,1542,paypal,completed,199.97,2024-02-25 20:45:52+00,TXN-518F6E2E7620
1543,1543,upi,completed,169.97,2024-03-01 22:00:52+00,TXN-C7E946EA4C9F
1544,1544,paypal,refunded,79.20,2025-09-03 11:02:52+00,TXN-7F151066752A
1545,1545,debit_card,completed,305.99,2025-06-02 13:15:32+00,TXN-926624740674
1546,1546,credit_card,completed,864.97,2025-06-11 17:21:51+00,TXN-D8AD3DA4979E
1547,1547,debit_card,completed,73.48,2025-07-13 04:35:51+00,TXN-AC6C41D2795D
1548,1548,debit_card,completed,65.39,2025-04-16 19:28:45+00,TXN-865466B304C7
1549,1549,paypal,completed,209.96,2025-05-11 03:52:45+00,TXN-175C4BEC9E77
1550,1550,credit_card,completed,249.99,2025-02-07 13:32:42+00,TXN-66DA2D38E29D
1551,1551,credit_card,completed,341.97,2025-02-23 01:16:42+00,TXN-E5DE17753C36
1552,1552,paypal,completed,79.99,2024-12-19 07:39:52+00,TXN-278A23C3E885
1553,1553,debit_card,refunded,249.98,2025-02-09 16:34:52+00,TXN-9E1B01BA210B
1554,1554,credit_card,completed,177.97,2024-08-19 04:14:36+00,TXN-C1B70C813119
1555,1555,debit_card,failed,84.00,2024-03-22 05:38:58+00,TXN-1FF1B607C291
1556,1556,paypal,completed,80.98,2024-04-08 08:35:58+00,TXN-99B745E48F9E
1557,1557,credit_card,completed,399.99,2024-04-26 20:28:58+00,TXN-2E3C0BA3B904
1558,1558,debit_card,completed,70.98,2025-05-30 16:58:49+00,TXN-DD4A1051BF75
1559,1559,credit_card,completed,200.89,2025-07-26 22:17:11+00,TXN-C46CBAF2B92E
1560,1560,credit_card,completed,239.98,2025-08-17 03:25:11+00,TXN-75FD546D2F3C
1561,1561,paypal,completed,75.98,2025-04-15 16:42:42+00,TXN-92E91A92E3C0
1562,1562,paypal,completed,229.96,2025-06-05 01:08:58+00,TXN-88BBDEC8F899
1563,1563,credit_card,completed,333.09,2025-07-29 09:39:58+00,TXN-23D9CE78FF5D
1564,1564,credit_card,completed,129.79,2025-09-06 14:59:58+00,TXN-1CA2C8D4722B
1565,1565,credit_card,completed,35.98,2025-04-29 17:48:24+00,TXN-390E609D9FBF
1566,1566,credit_card,completed,179.98,2025-05-09 19:11:24+00,TXN-67FB663F0549
1567,1567,debit_card,completed,130.98,2024-01-27 00:04:20+00,TXN-9D6AF5EE1722
1568,1568,upi,completed,264.98,2025-05-11 20:52:18+00,TXN-04783628FFD5
1569,1569,debit_card,completed,267.98,2025-07-09 00:33:18+00,TXN-D00FCCC721C2
1570,1570,debit_card,completed,392.96,2024-04-01 22:14:59+00,TXN-6BDA6DA68C15
1571,1571,credit_card,completed,307.77,2024-04-09 07:40:59+00,TXN-9B0CF92DB0CB
1572,1572,paypal,completed,224.96,2024-05-29 09:09:59+00,TXN-25F71B5B68B1
1573,1573,credit_card,completed,597.96,2024-07-10 10:25:59+00,TXN-B604A09371BA
1574,1574,credit_card,completed,684.87,2024-08-19 12:08:20+00,TXN-D16006A13003
1575,1575,credit_card,completed,129.99,2024-10-11 23:38:20+00,TXN-8CFF8C351507
1576,1576,credit_card,completed,341.95,2024-10-30 02:18:20+00,TXN-0901E2A69A03
1577,1577,paypal,completed,129.98,2024-11-12 05:01:20+00,TXN-2CE495FC901B
1578,1578,apple_pay,completed,79.98,2024-12-29 15:20:20+00,TXN-A5EB3321CAD5
1579,1579,credit_card,completed,119.98,2025-08-03 23:54:08+00,TXN-5E7B5E26E820
1580,1580,apple_pay,completed,417.97,2025-05-03 13:37:54+00,TXN-9783F719D0BE
1581,1581,credit_card,completed,65.98,2025-06-02 18:00:54+00,TXN-999A7B4614F9
1582,1582,debit_card,completed,65.48,2024-02-25 21:45:22+00,TXN-05C963A86F9C
1583,1583,credit_card,completed,169.99,2024-01-29 16:23:09+00,TXN-82E6D759CBC3
1584,1584,bank_transfer,completed,329.99,2024-03-22 23:09:09+00,TXN-9F9F58432470
1585,1585,credit_card,completed,89.99,2024-04-19 02:32:09+00,TXN-0569821CDA04
1586,1586,debit_card,completed,70.98,2025-06-26 21:39:32+00,TXN-9426327CD69E
1587,1587,paypal,completed,221.98,2025-06-10 10:42:45+00,TXN-FB28AE9F3592
1588,1588,credit_card,completed,229.48,2025-06-23 19:28:45+00,TXN-7682300B1150
1589,1589,debit_card,completed,45.94,2024-04-16 20:17:03+00,TXN-10E968D70174
1590,1590,paypal,completed,169.99,2024-06-23 03:40:46+00,TXN-EA947F13CCEC
1591,1591,credit_card,completed,65.98,2024-08-09 07:08:46+00,TXN-E7A0ADF659D6
1592,1592,credit_card,completed,73.99,2024-08-25 19:04:46+00,TXN-76C09762979F
1593,1593,credit_card,completed,75.98,2024-09-03 20:04:46+00,TXN-39F21FF83852
1594,1594,paypal,completed,187.97,2025-12-10 12:35:44+00,TXN-5C1639C8A767
1595,1595,apple_pay,completed,31.19,2025-01-20 12:43:22+00,TXN-1DCA8164B84E
1596,1596,paypal,completed,97.99,2025-11-11 11:11:04+00,TXN-E5F43A42CA71
1597,1597,credit_card,completed,149.98,2025-04-25 23:43:31+00,TXN-F5D47677C4CB
1598,1598,paypal,completed,107.23,2025-06-24 10:16:31+00,TXN-B58287D1D0A7
1599,1599,credit_card,completed,460.97,2024-05-14 15:12:55+00,TXN-223C05395502
1600,1600,credit_card,completed,561.96,2024-09-29 13:52:10+00,TXN-3ED00CCE3A75
1601,1601,apple_pay,completed,33.99,2025-01-04 15:41:28+00,TXN-FF37F58798E8
1602,1602,paypal,completed,454.97,2025-02-19 21:39:28+00,TXN-97439CE1592F
1603,1603,debit_card,completed,89.98,2025-03-09 23:07:28+00,TXN-133F302A5953
1604,1604,debit_card,refunded,55.98,2025-04-10 10:16:28+00,TXN-4CF5FD3F08ED
1605,1605,apple_pay,completed,419.98,2025-06-08 04:27:36+00,TXN-75527CC7D859
1606,1606,apple_pay,completed,199.99,2025-12-06 22:25:59+00,TXN-875B923604EE
1607,1607,credit_card,refunded,188.98,2026-01-28 08:36:59+00,TXN-EF65C91E9973
1608,1608,credit_card,completed,148.47,2024-03-20 08:22:49+00,TXN-472F949726BF
1609,1609,debit_card,completed,467.99,2024-05-12 17:35:49+00,TXN-CD3B8E58A391
1610,1610,credit_card,completed,414.98,2024-06-17 23:14:49+00,TXN-0921D5E406F5
1611,1611,apple_pay,completed,125.98,2024-07-07 03:29:49+00,TXN-FA1C1C5E52A9
1612,1612,apple_pay,refunded,94.99,2024-08-09 09:26:49+00,TXN-010029AAB8EE
1613,1613,debit_card,completed,321.98,2025-05-24 22:14:18+00,TXN-1F5B361B28B8
1614,1614,credit_card,completed,289.99,2024-01-09 19:50:29+00,TXN-BAE30DE86D27
1615,1615,paypal,completed,224.97,2025-04-27 15:03:58+00,TXN-D1BC543397BA
1616,1616,credit_card,completed,73.94,2024-09-29 11:28:00+00,TXN-BF74DE24AD76
1617,1617,credit_card,completed,159.99,2025-02-16 14:23:17+00,TXN-B42EAFC22EA8
1618,1618,debit_card,completed,222.28,2025-04-06 21:17:17+00,TXN-E0ABE8BBB7CE
1619,1619,paypal,completed,256.57,2025-05-10 06:25:17+00,TXN-5EBE5459F77B
1620,1620,debit_card,completed,205.72,2024-09-05 18:01:28+00,TXN-A73E5EEF0A69
1621,1621,debit_card,pending,449.98,2024-10-02 17:57:43+00,TXN-F16ACC40DDE7
1622,1622,credit_card,completed,65.98,2024-07-13 22:32:23+00,TXN-38548C0D9E9E
1623,1623,credit_card,completed,289.99,2025-07-14 07:27:02+00,TXN-8B78BB0ED7D3
1624,1624,credit_card,failed,136.00,2024-05-08 14:24:02+00,TXN-ECB12DEFB3F4
1625,1625,credit_card,completed,409.92,2024-06-13 22:06:02+00,TXN-BED301307594
1626,1626,apple_pay,completed,35.98,2024-07-24 03:46:02+00,TXN-CD6524B2ABC7
1627,1627,bank_transfer,completed,349.96,2024-09-01 11:58:02+00,TXN-6C7DC15C040A
1628,1628,paypal,completed,169.97,2024-12-21 08:35:05+00,TXN-60DF9608F314
1629,1629,bank_transfer,completed,37.99,2025-04-05 16:23:42+00,TXN-CFCE4842B197
1630,1630,credit_card,completed,66.73,2025-05-10 19:41:42+00,TXN-7DF877C9102E
1631,1631,debit_card,completed,139.98,2025-01-25 07:27:48+00,TXN-8F45906DE264
1632,1632,debit_card,completed,199.99,2025-08-14 13:54:59+00,TXN-D9F7ADD99D51
1633,1633,paypal,completed,99.99,2025-10-13 23:54:59+00,TXN-DD372D2E938A
1634,1634,credit_card,completed,60.98,2024-08-16 14:48:34+00,TXN-E755B9B2E311
1635,1635,paypal,completed,32.98,2024-09-13 21:54:34+00,TXN-6FF2BF57BE8C
1636,1636,credit_card,completed,192.96,2024-01-28 03:31:37+00,TXN-37D996829942
1637,1637,apple_pay,completed,170.18,2024-03-23 07:09:37+00,TXN-F8D61AD4B1B2
1638,1638,credit_card,completed,314.98,2024-04-12 10:14:37+00,TXN-36C770A3D7AE
1639,1639,debit_card,completed,75.98,2024-06-02 21:05:37+00,TXN-2EDBC266E525
1640,1640,apple_pay,completed,289.99,2025-08-12 04:41:04+00,TXN-07FAD149F8C5
1641,1641,credit_card,completed,59.53,2024-09-04 23:18:41+00,TXN-3C2B27CEBF98
1642,1642,credit_card,completed,265.47,2024-12-26 15:00:22+00,TXN-05C2D0A42775
1643,1643,paypal,completed,69.99,2025-02-06 19:14:22+00,TXN-92D8ECA55C66
1644,1644,credit_card,failed,499.96,2024-11-10 15:04:12+00,TXN-1904AE6EF6A0
1645,1645,credit_card,completed,82.99,2025-03-29 22:05:20+00,TXN-C18F4D46C169
1646,1646,debit_card,completed,199.41,2025-03-01 10:53:26+00,TXN-AC34D36C50A3
1647,1647,upi,completed,124.99,2024-04-07 02:23:27+00,TXN-34D6F7A71655
1648,1648,credit_card,completed,827.98,2025-09-29 14:04:53+00,TXN-ADF509F620F9
1649,1649,bank_transfer,refunded,56.48,2025-11-04 18:46:53+00,TXN-D9E82A350CFD
1650,1650,debit_card,completed,132.99,2024-11-23 03:33:32+00,TXN-15B68808E67B
1651,1651,paypal,completed,209.98,2024-08-12 06:44:30+00,TXN-6CA43D844492
1652,1652,credit_card,completed,249.98,2024-09-21 10:36:29+00,TXN-6C3D7C018C63
1653,1653,debit_card,completed,139.93,2024-09-15 05:53:27+00,TXN-5583DB297E9E
1654,1654,paypal,failed,389.94,2025-02-07 12:35:37+00,TXN-BB81E93511EB
1655,1655,credit_card,completed,299.98,2025-03-23 00:33:37+00,TXN-FE94511CD690
1656,1656,debit_card,completed,47.99,2024-11-20 03:51:05+00,TXN-403217264FBD
1657,1657,credit_card,refunded,45.94,2025-05-31 12:57:21+00,TXN-4C66B948B293
1658,1658,debit_card,completed,83.69,2024-04-22 04:03:49+00,TXN-3292BC5597D7
1659,1659,paypal,completed,33.99,2024-12-28 09:23:31+00,TXN-457D5586E6E1
1660,1660,paypal,completed,479.97,2025-06-25 16:56:39+00,TXN-023E0A50AE8F
1661,1661,credit_card,completed,40.98,2025-08-05 19:03:39+00,TXN-54F33CF18704
1662,1662,credit_card,completed,254.63,2025-08-20 00:43:39+00,TXN-6103026AAB02
1663,1663,debit_card,completed,177.98,2025-03-16 05:04:05+00,TXN-B26906C95DE8
1664,1664,debit_card,completed,119.96,2025-03-31 09:00:05+00,TXN-CC2F4669A7AD
1665,1665,credit_card,completed,319.98,2025-11-13 15:38:45+00,TXN-EA2B0BB18089
1666,1666,credit_card,refunded,124.99,2026-01-08 16:56:45+00,TXN-CB766751E90D
1667,1667,credit_card,completed,75.98,2026-02-07 23:46:45+00,TXN-64C340103CAA
1668,1668,paypal,completed,84.98,2025-06-05 19:30:18+00,TXN-D9DEFFC7DB6B
1669,1669,credit_card,completed,239.37,2024-01-10 03:09:06+00,TXN-691ADFC7F562
1670,1670,apple_pay,completed,28.48,2024-01-16 13:47:06+00,TXN-E04ACE09FB0A
1671,1671,upi,completed,60.98,2025-07-02 02:32:22+00,TXN-4A1693286C0D
1672,1672,paypal,completed,94.99,2025-10-22 21:03:02+00,TXN-A092C346E828
1673,1673,credit_card,completed,55.98,2025-08-31 03:26:15+00,TXN-268242C69943
1674,1674,upi,completed,274.97,2025-09-29 08:47:15+00,TXN-832A7F9C67E1
1675,1675,debit_card,completed,117.99,2025-10-13 20:56:15+00,TXN-BA48EC2FB9FA
1676,1676,credit_card,failed,99.99,2024-01-26 03:41:25+00,TXN-7D2D735C1CB2
1677,1677,credit_card,completed,70.98,2024-01-29 13:56:25+00,TXN-7A27E86F5E2C
1678,1678,paypal,completed,80.98,2024-02-16 00:31:25+00,TXN-ED8B50627F31
1679,1679,credit_card,completed,271.93,2024-04-08 04:01:25+00,TXN-8B6F54016C1D
1680,1680,credit_card,completed,70.98,2025-02-02 09:36:38+00,TXN-B646C337D69B
1681,1681,credit_card,completed,249.99,2025-10-10 08:04:03+00,TXN-06E94B380FFA
1682,1682,credit_card,completed,99.99,2025-11-11 19:22:03+00,TXN-6AB7F1DB5B32
1683,1683,credit_card,completed,199.99,2025-12-01 04:03:03+00,TXN-D70AAFA7D83C
1684,1684,credit_card,completed,119.98,2025-06-07 06:55:46+00,TXN-19B6D34C3D92
1685,1685,debit_card,completed,355.45,2025-03-27 04:40:02+00,TXN-5D121D10DBD2
1686,1686,credit_card,completed,541.98,2025-03-21 16:29:06+00,TXN-6B8F6D6E2763
1687,1687,credit_card,completed,43.79,2025-02-08 01:34:26+00,TXN-17AFBEC7F58A
1688,1688,credit_card,completed,72.48,2024-12-05 19:59:28+00,TXN-7A6B6B5F5750
1689,1689,credit_card,completed,869.97,2025-09-22 00:16:51+00,TXN-18874421289F
1690,1690,credit_card,completed,75.98,2025-11-19 02:32:51+00,TXN-6384D6BCCC0B
1691,1691,debit_card,completed,214.98,2025-05-08 23:19:12+00,TXN-0F5868BAC025
1692,1692,credit_card,pending,65.98,2025-05-21 09:04:12+00,TXN-89134A685243
1693,1693,apple_pay,completed,499.98,2025-01-17 12:50:22+00,TXN-4576E54A368A
1694,1694,credit_card,completed,32.98,2025-02-28 14:52:22+00,TXN-73DA6EA32C0C
1695,1695,apple_pay,completed,369.94,2025-03-11 00:14:22+00,TXN-E4BBBBF83B3F
1696,1696,apple_pay,completed,40.98,2025-08-21 22:40:47+00,TXN-1B22F97A3341
1697,1697,credit_card,completed,75.98,2025-09-30 03:43:47+00,TXN-4D8165EF097E
1698,1698,paypal,completed,427.96,2025-11-19 16:20:47+00,TXN-7BC5592269D6
1699,1699,apple_pay,completed,91.99,2025-10-28 05:01:36+00,TXN-BCE157F060C1
1700,1700,credit_card,completed,203.82,2024-02-24 20:50:09+00,TXN-596488F790B1
1701,1701,credit_card,completed,279.96,2024-04-03 09:10:09+00,TXN-253F3EE72E7D
1702,1702,debit_card,completed,73.48,2024-04-06 14:13:09+00,TXN-545DAEC5A972
1703,1703,paypal,completed,892.96,2024-11-22 19:09:31+00,TXN-83F30C0D4185
1704,1704,debit_card,completed,296.99,2025-06-22 11:40:46+00,TXN-8DA90A0186C1
1705,1705,credit_card,pending,37.99,2025-07-08 19:06:52+00,TXN-02F45B0DD81B
1706,1706,credit_card,failed,89.99,2025-08-06 01:54:52+00,TXN-3AF174DCBE73
1707,1707,debit_card,completed,80.99,2025-09-09 04:33:52+00,TXN-D67B06E5C2AF
1708,1708,credit_card,completed,274.96,2025-07-17 13:36:08+00,TXN-F16AFE063B98
1709,1709,paypal,completed,509.98,2024-12-05 00:11:52+00,TXN-0EF5A5194280
1710,1710,credit_card,completed,75.98,2025-04-17 11:08:36+00,TXN-AF348EC87BFD
1711,1711,debit_card,completed,649.97,2025-04-29 17:18:36+00,TXN-20952E522B57
1712,1712,credit_card,completed,179.93,2025-10-07 17:18:33+00,TXN-955A2FAABB3B
1713,1713,apple_pay,completed,579.98,2025-10-29 00:34:33+00,TXN-6B997522F764
1714,1714,credit_card,completed,49.99,2025-06-11 08:09:55+00,TXN-E998A57E8FC1
1715,1715,apple_pay,refunded,1017.97,2024-09-19 15:41:11+00,TXN-6A78C3A1CB83
1716,1716,credit_card,completed,116.99,2025-01-08 22:34:31+00,TXN-6E7932664492
1717,1717,paypal,completed,169.99,2024-05-28 18:53:59+00,TXN-94762B961862
1718,1718,debit_card,completed,679.97,2024-06-11 22:41:59+00,TXN-C52C949D6532
1719,1719,credit_card,completed,340.96,2024-07-06 05:28:59+00,TXN-793B9A74AFAC
1720,1720,apple_pay,completed,432.97,2024-06-13 10:10:34+00,TXN-660B83C638CC
1721,1721,bank_transfer,completed,27.99,2024-08-04 08:56:45+00,TXN-368FD0396282
1722,1722,debit_card,pending,65.48,2024-08-11 19:23:45+00,TXN-1BF0C434F278
1723,1723,credit_card,completed,40.98,2024-07-24 19:53:35+00,TXN-8552B1655BB5
1724,1724,apple_pay,completed,129.97,2024-09-09 21:00:35+00,TXN-2E3ADBE82CDB
1725,1725,debit_card,completed,179.99,2024-10-04 01:51:35+00,TXN-0272B3D3BA6B
1726,1726,upi,completed,50.98,2024-07-12 07:29:09+00,TXN-FB68EDADD64D
1727,1727,apple_pay,completed,129.99,2024-04-24 07:22:22+00,TXN-680B2C03354B
1728,1728,credit_card,completed,72.98,2025-05-15 22:18:50+00,TXN-04D3AB3D004F
1729,1729,credit_card,completed,30.98,2025-07-07 08:19:50+00,TXN-7EF252F51D4C
1730,1730,credit_card,completed,319.59,2025-05-12 11:19:07+00,TXN-CC6AF4417E39
1731,1731,credit_card,completed,463.47,2025-04-25 10:34:51+00,TXN-73792C6791A6
1732,1732,apple_pay,completed,339.98,2025-06-15 17:55:51+00,TXN-85EB93AB418C
1733,1733,credit_card,completed,65.98,2024-12-28 04:41:09+00,TXN-163AA55F6F2E
1734,1734,paypal,completed,329.89,2025-01-25 10:49:09+00,TXN-9B6CB8471B37
1735,1735,credit_card,completed,284.98,2025-02-04 21:08:09+00,TXN-DEFB4151F360
1736,1736,debit_card,completed,439.97,2024-11-16 04:04:35+00,TXN-F9D9FED036C2
1737,1737,credit_card,completed,33.99,2024-12-08 12:59:00+00,TXN-BED81B3EC0DB
1738,1738,apple_pay,completed,689.96,2025-02-09 09:13:09+00,TXN-6516D6CBF0C0
1739,1739,bank_transfer,refunded,60.98,2025-02-25 17:23:09+00,TXN-EA2B5C3F8159
1740,1740,credit_card,completed,269.98,2025-03-26 01:23:09+00,TXN-5202FBD0D5FB
1741,1741,bank_transfer,completed,80.97,2025-04-27 02:43:09+00,TXN-E19AF55E1B41
1742,1742,debit_card,completed,351.73,2025-06-09 12:14:09+00,TXN-CF523176D720
1743,1743,apple_pay,completed,359.98,2025-07-13 13:57:09+00,TXN-E44BE7A47579
1744,1744,paypal,completed,307.97,2024-12-13 07:31:23+00,TXN-48324E305A61
1745,1745,paypal,completed,224.99,2024-08-02 22:12:23+00,TXN-8374940431A6
1746,1746,debit_card,completed,624.95,2025-09-13 21:06:24+00,TXN-760C1519621C
1747,1747,credit_card,completed,196.97,2025-09-18 09:49:24+00,TXN-7FA9C9E4D2C7
1748,1748,credit_card,completed,57.98,2024-06-07 04:42:11+00,TXN-A3372193AB93
1749,1749,credit_card,completed,267.99,2024-06-22 16:21:11+00,TXN-23828BEAE22E
1750,1750,credit_card,completed,25.79,2024-04-18 19:19:31+00,TXN-BA878C495BF0
1751,1751,bank_transfer,completed,224.97,2024-11-12 12:25:06+00,TXN-5E54A52E1513
1752,1752,debit_card,completed,161.99,2025-08-12 09:57:38+00,TXN-1370C862BA3F
1753,1753,apple_pay,completed,33.99,2024-03-12 11:20:31+00,TXN-A43085448CDD
1754,1754,upi,completed,179.98,2024-03-30 23:43:31+00,TXN-9886701369FD
1755,1755,apple_pay,failed,189.47,2024-05-01 16:49:11+00,TXN-96DFC0BCEB24
1756,1756,apple_pay,completed,107.99,2024-12-02 02:19:01+00,TXN-15BECFAAD471
1757,1757,upi,completed,296.99,2024-04-21 19:26:34+00,TXN-A6CF01868F87
1758,1758,credit_card,completed,181.97,2024-05-06 07:41:34+00,TXN-484AC6A25E9A
1759,1759,credit_card,completed,35.98,2024-05-28 14:27:34+00,TXN-398456FA67F9
1760,1760,credit_card,completed,403.84,2024-07-03 03:09:34+00,TXN-6AB90B72421A
1761,1761,paypal,completed,249.99,2024-07-27 14:26:34+00,TXN-3EFA0670547F
1762,1762,credit_card,completed,112.99,2024-08-31 02:26:34+00,TXN-5C50F3503C73
1763,1763,credit_card,completed,65.97,2024-09-23 08:43:34+00,TXN-255C40C5E9EC
1764,1764,debit_card,completed,329.99,2024-11-03 00:24:08+00,TXN-41350B3C15B4
1765,1765,credit_card,completed,75.98,2025-05-25 01:30:05+00,TXN-267F441D0AC0
1766,1766,debit_card,completed,205.99,2025-04-24 03:50:06+00,TXN-98E9E8456F9A
1767,1767,debit_card,completed,719.98,2025-06-04 02:29:26+00,TXN-0AA0B6BEB5AE
1768,1768,paypal,completed,75.98,2024-11-17 20:49:30+00,TXN-2788623FBC64
1769,1769,credit_card,completed,439.83,2025-01-13 08:34:30+00,TXN-D2A0B31A009C
1770,1770,credit_card,completed,249.99,2025-03-14 15:43:30+00,TXN-0873960FDA43
1771,1771,credit_card,completed,381.98,2025-05-04 23:30:30+00,TXN-8A9A93D67360
1772,1772,apple_pay,completed,47.99,2025-11-16 21:45:29+00,TXN-64FE9BBC3F11
1773,1773,credit_card,completed,146.98,2024-09-12 19:57:02+00,TXN-AD676C88F355
1774,1774,debit_card,completed,579.97,2024-09-25 06:30:02+00,TXN-501A7411CA33
1775,1775,paypal,completed,55.98,2024-10-02 11:59:02+00,TXN-DF6BD4503124
1776,1776,credit_card,completed,123.23,2025-10-04 02:10:03+00,TXN-4F9B442F0915
1777,1777,paypal,completed,169.99,2025-11-22 06:55:03+00,TXN-69984E9DC296
1778,1778,upi,completed,169.98,2026-01-10 10:26:03+00,TXN-2D6D9C3F986C
1779,1779,credit_card,completed,229.47,2025-08-06 07:27:42+00,TXN-6D6C87E0F074
1780,1780,debit_card,completed,596.47,2025-10-01 12:44:37+00,TXN-CBB25A4BFF56
1781,1781,paypal,completed,159.99,2025-06-07 08:38:32+00,TXN-04BB301DF966
1782,1782,credit_card,completed,65.98,2025-07-12 15:59:32+00,TXN-68E9B0CFED9F
1783,1783,credit_card,completed,124.99,2024-02-29 09:17:44+00,TXN-17CEE7B34AE2
1784,1784,debit_card,failed,279.98,2024-03-10 19:00:44+00,TXN-542DFC032F64
1785,1785,debit_card,completed,164.98,2024-04-12 03:23:44+00,TXN-09716A0F0109
1786,1786,credit_card,completed,33.99,2024-03-25 12:24:40+00,TXN-33F2B0F5989C
1787,1787,debit_card,completed,89.97,2024-05-04 18:32:40+00,TXN-30DE47C603FA
1788,1788,credit_card,completed,159.99,2024-05-22 00:17:40+00,TXN-7EB7FABA0F7E
1789,1789,credit_card,completed,579.97,2024-02-02 10:15:26+00,TXN-98A8D76E3256
1790,1790,debit_card,completed,959.97,2024-03-03 14:54:26+00,TXN-A4FD43664E4C
1791,1791,credit_card,completed,1045.95,2024-04-08 02:55:26+00,TXN-EF94763F475D
1792,1792,credit_card,completed,37.99,2024-05-16 13:01:26+00,TXN-933358880C7E
1793,1793,apple_pay,completed,213.94,2024-06-15 22:59:26+00,TXN-1C078EB55730
1794,1794,debit_card,completed,179.99,2024-07-27 10:53:26+00,TXN-679D8560C6EE
1795,1795,debit_card,completed,398.46,2024-07-17 01:22:46+00,TXN-D9FE4C51F454
1796,1796,upi,completed,129.19,2024-07-18 17:40:48+00,TXN-2014AAEFA28E
1797,1797,debit_card,completed,73.99,2024-05-29 09:27:47+00,TXN-EE1588E90897
1798,1798,apple_pay,completed,355.98,2024-10-19 17:20:31+00,TXN-AADB900DCBE9
1799,1799,upi,failed,99.98,2024-12-03 05:35:31+00,TXN-E3B61374F27B
1800,1800,debit_card,completed,85.49,2025-07-21 07:28:30+00,TXN-15DBAF53606E
1801,1801,credit_card,completed,72.48,2025-08-30 05:18:45+00,TXN-6B0F88A673D7
1802,1802,paypal,completed,159.98,2025-09-23 08:48:45+00,TXN-A345E935DC53
1803,1803,credit_card,refunded,399.99,2025-11-19 13:59:45+00,TXN-488E535B0436
1804,1804,debit_card,completed,589.44,2026-01-19 02:25:45+00,TXN-90AAC5487D18
1805,1805,credit_card,completed,914.96,2024-01-19 18:46:02+00,TXN-93C7FAA9C777
1806,1806,credit_card,pending,399.99,2025-02-12 13:06:39+00,TXN-43E521D94895
1807,1807,credit_card,completed,73.46,2024-12-11 03:19:00+00,TXN-03F662FD1CB0
1808,1808,paypal,completed,99.99,2024-09-13 10:15:42+00,TXN-62BE3877159F
1809,1809,apple_pay,completed,453.45,2024-03-03 16:31:44+00,TXN-3E3DD0DC51C6
1810,1810,apple_pay,completed,235.22,2024-03-25 04:41:00+00,TXN-C46624C2777F
1811,1811,credit_card,completed,159.98,2024-05-03 12:22:00+00,TXN-44D73DDA6055
1812,1812,credit_card,completed,309.97,2024-05-26 23:44:00+00,TXN-782B6FEDD8CC
1813,1813,paypal,completed,399.99,2024-07-19 04:01:00+00,TXN-0C14FA2D7ECF
1814,1814,apple_pay,completed,79.99,2024-09-02 11:05:00+00,TXN-3F02C77CD925
1815,1815,debit_card,completed,224.99,2024-10-21 22:37:00+00,TXN-A0CEDD9FE5C2
1816,1816,apple_pay,completed,707.47,2024-01-28 12:45:50+00,TXN-D1CD0BDF6317
1817,1817,debit_card,completed,354.96,2024-02-16 13:57:50+00,TXN-831E3104BA17
1818,1818,upi,completed,101.47,2024-01-12 18:12:29+00,TXN-3EB6F2FCB53B
1819,1819,credit_card,completed,262.47,2024-03-03 23:21:29+00,TXN-4A99C09C307E
1820,1820,credit_card,completed,80.98,2024-02-25 23:56:45+00,TXN-8028FD2537F0
1821,1821,credit_card,completed,84.00,2024-04-11 06:27:45+00,TXN-7FD4D6610AE4
1822,1822,debit_card,completed,101.99,2024-07-13 17:38:02+00,TXN-526F2935861C
1823,1823,credit_card,completed,536.87,2024-08-14 20:55:02+00,TXN-40B61D20253E
1824,1824,credit_card,completed,80.98,2024-09-10 23:27:02+00,TXN-74D68E77FCEF
1825,1825,debit_card,completed,58.62,2024-09-30 03:10:02+00,TXN-201F4C4BAECD
1826,1826,credit_card,pending,239.97,2024-11-20 20:52:24+00,TXN-438C11CADAE7
1827,1827,paypal,completed,159.99,2024-12-27 00:57:24+00,TXN-482B3FE639A7
1828,1828,apple_pay,completed,724.97,2024-02-22 16:53:43+00,TXN-B0B511A6EBFB
1829,1829,credit_card,completed,449.98,2024-03-09 23:35:43+00,TXN-3E6A4F5DD494
1830,1830,debit_card,completed,126.00,2024-04-08 08:29:43+00,TXN-CF2907246A71
1831,1831,debit_card,completed,33.99,2024-05-25 10:34:43+00,TXN-B45E08FC3FFC
1832,1832,upi,completed,174.74,2024-01-16 10:06:36+00,TXN-89B343BE8106
1833,1833,credit_card,completed,279.96,2024-03-07 13:35:36+00,TXN-A880D2F70591
1834,1834,debit_card,completed,30.98,2024-05-21 06:47:07+00,TXN-ACE3A7AA3006
1835,1835,credit_card,completed,579.98,2025-07-29 09:38:26+00,TXN-F49A9FE0B4FB
1836,1836,credit_card,completed,75.98,2025-05-20 05:13:47+00,TXN-DD8243D9587F
1837,1837,debit_card,completed,60.98,2025-07-06 16:58:47+00,TXN-D7D12EF959FC
1838,1838,credit_card,completed,499.97,2024-11-30 20:23:52+00,TXN-0728BBA445F5
1839,1839,apple_pay,completed,124.99,2025-08-17 02:21:39+00,TXN-B252C208A656
1840,1840,credit_card,completed,409.98,2024-12-20 18:47:29+00,TXN-AB9E46C06AE9
1841,1841,apple_pay,completed,469.98,2025-01-28 20:23:29+00,TXN-18C9101DC1E2
1842,1842,upi,completed,194.48,2024-06-12 19:32:21+00,TXN-BF74706BC3B2
1843,1843,paypal,completed,89.99,2024-11-23 20:16:58+00,TXN-463D62CADB92
1844,1844,apple_pay,completed,27.99,2024-04-18 12:02:44+00,TXN-5D0443688C66
1845,1845,credit_card,completed,102.89,2025-05-14 20:48:49+00,TXN-548A529EA833
1846,1846,credit_card,completed,124.99,2025-09-30 07:28:29+00,TXN-2E6CDDCBFAB0
1847,1847,credit_card,failed,111.99,2025-04-05 14:34:20+00,TXN-40F2AD71ED78
1848,1848,apple_pay,completed,117.98,2025-12-11 05:57:34+00,TXN-DFF9D03916D5
1849,1849,paypal,completed,399.99,2025-02-27 18:00:34+00,TXN-3DE60A45DF4C
1850,1850,apple_pay,completed,61.99,2025-08-26 21:17:18+00,TXN-E85A134A2D07
1851,1851,debit_card,completed,138.99,2025-10-07 21:59:03+00,TXN-8471774AF05E
1852,1852,bank_transfer,completed,199.99,2024-08-19 15:33:07+00,TXN-3C2FADD80044
1853,1853,credit_card,completed,94.99,2025-02-01 04:11:57+00,TXN-6F3AF7F2415E
1854,1854,credit_card,completed,55.98,2025-02-28 13:47:57+00,TXN-D6F810A0FF29
1855,1855,debit_card,completed,79.20,2025-04-01 16:31:57+00,TXN-CDC931F400D4
1856,1856,credit_card,refunded,75.98,2024-06-05 16:41:33+00,TXN-941501A9CBAD
1857,1857,credit_card,completed,159.98,2024-07-11 23:16:33+00,TXN-5D23284AF2CF
1858,1858,paypal,completed,47.99,2024-10-25 20:56:13+00,TXN-5E3CC6CDF4B4
1859,1859,paypal,completed,199.98,2024-12-05 08:22:13+00,TXN-BF1B57258FC4
1860,1860,upi,completed,35.98,2025-08-15 10:44:25+00,TXN-2F7BEE4F6B1D
1861,1861,paypal,completed,249.99,2025-09-17 14:32:15+00,TXN-AA9302EE2616
1862,1862,credit_card,completed,65.97,2025-04-26 23:34:08+00,TXN-0D87540FC64B
1863,1863,credit_card,completed,292.96,2025-06-18 10:52:08+00,TXN-CD88C6094EE8
1864,1864,debit_card,completed,73.99,2024-02-28 22:35:34+00,TXN-539FE4A36043
1865,1865,apple_pay,completed,27.99,2024-03-19 23:55:34+00,TXN-7A87A5DDD741
1866,1866,debit_card,completed,202.47,2024-04-11 22:33:12+00,TXN-489B782A26D3
1867,1867,debit_card,completed,75.99,2024-05-04 08:40:12+00,TXN-237A8FCC2822
1868,1868,credit_card,completed,179.98,2024-06-04 19:04:40+00,TXN-1705AC735C56
1869,1869,debit_card,pending,35.98,2025-01-25 23:28:30+00,TXN-E08B5097DECA
1870,1870,paypal,completed,65.98,2025-02-14 03:56:30+00,TXN-45B16165EEBD
1871,1871,credit_card,completed,47.99,2024-06-02 06:17:52+00,TXN-D64084BCC9B9
1872,1872,credit_card,completed,179.99,2024-07-26 16:19:52+00,TXN-270D9B6D4F81
1873,1873,upi,completed,24.69,2024-09-02 20:36:52+00,TXN-168426025CA7
1874,1874,paypal,completed,549.75,2024-03-21 06:49:23+00,TXN-2FFD28EFD52D
1875,1875,credit_card,completed,384.98,2024-05-20 08:22:23+00,TXN-C57D99EB1F43
1876,1876,paypal,completed,379.97,2024-06-14 03:47:15+00,TXN-A4B10FF1EF1C
1877,1877,credit_card,completed,449.98,2025-08-24 16:40:54+00,TXN-30E176CF1958
1878,1878,credit_card,completed,99.99,2025-01-25 14:08:35+00,TXN-167E29BA7DD4
1879,1879,apple_pay,completed,129.99,2025-07-20 23:59:06+00,TXN-D4D13E2CEE3E
1880,1880,credit_card,completed,344.97,2024-04-05 07:51:14+00,TXN-224AA5EDB59B
1881,1881,credit_card,completed,249.98,2024-06-01 18:14:14+00,TXN-7EB62BCF10EE
1882,1882,debit_card,completed,198.00,2024-10-27 22:56:01+00,TXN-1BDB5BFD24C7
1883,1883,apple_pay,completed,125.23,2024-09-06 22:49:37+00,TXN-42117943A8C6
1884,1884,credit_card,completed,89.99,2025-11-07 11:37:47+00,TXN-EE77BA08370D
1885,1885,apple_pay,completed,179.99,2025-12-15 18:05:47+00,TXN-8F3989DA1944
1886,1886,credit_card,completed,479.97,2024-04-28 16:31:36+00,TXN-3428042AA672
1887,1887,upi,completed,152.99,2024-05-09 18:04:36+00,TXN-0A0FC7A519E9
1888,1888,credit_card,completed,379.98,2025-07-09 14:23:46+00,TXN-CFE443FE684A
1889,1889,debit_card,completed,31.48,2025-08-16 00:31:46+00,TXN-D026D3BCA8FF
1890,1890,debit_card,completed,75.97,2024-09-19 13:40:52+00,TXN-8E6342F11B32
1891,1891,debit_card,completed,339.98,2024-10-22 15:13:52+00,TXN-FCB0DB2269D8
1892,1892,upi,completed,439.97,2024-12-03 03:06:52+00,TXN-F8D4DAB858BF
1893,1893,paypal,completed,463.47,2025-01-09 12:57:52+00,TXN-5CB7F4B5034B
1894,1894,credit_card,refunded,677.98,2025-09-26 16:21:40+00,TXN-4DD43748E41C
1895,1895,debit_card,completed,80.99,2025-08-18 03:57:58+00,TXN-F11FB25833C9
1896,1896,debit_card,pending,299.98,2025-03-04 10:00:50+00,TXN-9C1B8448FAEA
1897,1897,upi,completed,194.97,2025-04-03 12:29:50+00,TXN-080F5D53220B
1898,1898,credit_card,completed,151.99,2024-05-20 16:57:09+00,TXN-2BBD39BD084D
1899,1899,credit_card,completed,323.72,2024-06-06 12:21:29+00,TXN-828E48FA69CB
1900,1900,credit_card,completed,221.99,2024-06-29 00:31:29+00,TXN-A178B05F9447
1901,1901,credit_card,completed,45.94,2024-11-29 06:17:38+00,TXN-1A9C5CA6F751
1902,1902,debit_card,completed,251.97,2025-02-09 19:17:29+00,TXN-871717CBE1F6
1903,1903,credit_card,completed,129.98,2025-03-08 23:30:29+00,TXN-4A1BE4ED731F
1904,1904,paypal,completed,579.97,2024-07-17 17:20:13+00,TXN-F8B545B5C979
1905,1905,apple_pay,completed,47.99,2025-11-12 13:01:33+00,TXN-CBE18A70CBA4
1906,1906,credit_card,completed,659.98,2025-01-28 18:37:33+00,TXN-A795BBB821F7
1907,1907,credit_card,completed,277.98,2024-03-15 00:51:00+00,TXN-5F5054AA4E8E
1908,1908,apple_pay,completed,202.97,2024-03-26 15:38:09+00,TXN-D1A4DD791B24
1909,1909,credit_card,completed,649.97,2025-03-01 01:55:01+00,TXN-94B120E6A815
1910,1910,credit_card,completed,1122.43,2025-04-27 10:30:01+00,TXN-59C4A504C2B2
1911,1911,apple_pay,completed,89.97,2025-12-08 13:56:10+00,TXN-94C82EBE925C
1912,1912,upi,refunded,99.98,2024-04-24 15:21:14+00,TXN-3C8162DD8E55
1913,1913,credit_card,completed,33.99,2025-01-28 19:31:18+00,TXN-C7077C760CC5
1914,1914,upi,completed,119.99,2025-02-09 21:05:14+00,TXN-ED3D0C6C9867
1915,1915,credit_card,completed,127.98,2025-03-16 04:02:14+00,TXN-3F842FFF4BE2
1916,1916,debit_card,completed,89.99,2024-10-03 06:25:20+00,TXN-659ECB8D1861
1917,1917,credit_card,completed,99.99,2024-04-27 15:10:13+00,TXN-25E4F0BA4698
1918,1918,apple_pay,completed,96.00,2024-06-22 01:21:13+00,TXN-D02146B8F3A7
1919,1919,debit_card,completed,31.48,2024-08-03 12:44:13+00,TXN-B94E95CF24C2
1920,1920,bank_transfer,completed,708.71,2025-04-30 04:41:01+00,TXN-50EE3DD5693A
1921,1921,credit_card,completed,176.00,2025-05-22 07:41:01+00,TXN-AEDE257E190B
1922,1922,credit_card,completed,249.99,2024-07-20 22:02:50+00,TXN-5BD35B555551
1923,1923,debit_card,completed,89.99,2024-09-11 08:20:50+00,TXN-070061F923B8
1924,1924,bank_transfer,completed,231.98,2024-10-28 09:20:50+00,TXN-1F5D595AFC71
1925,1925,paypal,completed,143.99,2024-11-22 19:43:50+00,TXN-D9C8A6E30528
1926,1926,upi,refunded,116.99,2024-12-28 03:13:50+00,TXN-F5A744D8C9FC
1927,1927,debit_card,completed,91.99,2025-01-22 11:41:50+00,TXN-612A65843752
1928,1928,debit_card,completed,89.99,2025-03-18 20:25:50+00,TXN-69F8CBD2C650
1929,1929,credit_card,completed,249.99,2025-03-23 15:10:04+00,TXN-BB78932A34BD
1930,1930,credit_card,completed,246.78,2025-04-01 18:28:04+00,TXN-1CB3A6A86720
1931,1931,credit_card,completed,141.72,2025-05-25 19:40:04+00,TXN-D1ACFF41D231
1932,1932,credit_card,completed,475.92,2025-07-07 06:45:04+00,TXN-597EFBC810BC
1933,1933,credit_card,completed,69.99,2025-04-28 12:38:16+00,TXN-95329FBC875D
1934,1934,apple_pay,completed,514.96,2025-05-25 16:39:24+00,TXN-AD44E62BD006
1935,1935,credit_card,completed,99.99,2025-06-12 23:42:24+00,TXN-DFB1A07B80E7
1936,1936,credit_card,pending,659.98,2024-06-27 03:23:05+00,TXN-D15D8CA83EFF
1937,1937,credit_card,completed,499.98,2025-01-21 03:01:08+00,TXN-4CD6F6F9C515
1938,1938,paypal,refunded,119.99,2024-02-09 01:06:01+00,TXN-E05D93B7C70F
1939,1939,credit_card,completed,779.95,2025-10-22 08:50:05+00,TXN-520ACB0AAEF3
1940,1940,credit_card,completed,194.97,2025-10-26 11:32:05+00,TXN-58939440350F
1941,1941,credit_card,completed,399.99,2024-05-02 11:50:51+00,TXN-2DB97FA28BA5
1942,1942,credit_card,completed,79.99,2024-07-01 21:59:51+00,TXN-2E8F14611867
1943,1943,credit_card,completed,359.96,2025-01-05 01:03:38+00,TXN-849093F5F992
1944,1944,debit_card,completed,80.97,2025-02-08 13:00:38+00,TXN-EACADF1AE3E3
1945,1945,credit_card,refunded,223.79,2025-07-24 11:20:31+00,TXN-0CD4014FA34C
1946,1946,paypal,completed,687.96,2024-03-08 05:47:54+00,TXN-257A0ECB9B1E
1947,1947,debit_card,completed,159.99,2025-01-22 07:21:59+00,TXN-A1E34885519C
1948,1948,paypal,refunded,351.77,2024-11-24 17:53:08+00,TXN-F9708FC81421
1949,1949,credit_card,completed,88.00,2025-06-06 05:41:43+00,TXN-EA267E47CFED
1950,1950,credit_card,refunded,79.98,2025-07-18 08:08:43+00,TXN-FC5DCFC8A31F
1951,1951,paypal,completed,254.93,2024-10-19 16:31:31+00,TXN-BD29885B0638
1952,1952,debit_card,completed,341.98,2024-04-12 19:44:32+00,TXN-CDFF9EB2574F
1953,1953,credit_card,completed,89.99,2024-06-10 04:17:32+00,TXN-7A163582BE39
1954,1954,paypal,completed,154.97,2024-01-12 11:52:01+00,TXN-2ADF38C87DD6
1955,1955,debit_card,completed,61.99,2025-10-31 12:06:24+00,TXN-285A4AC597AE
1956,1956,debit_card,completed,61.99,2024-01-10 14:24:06+00,TXN-83E3AEE6D571
1957,1957,debit_card,completed,176.47,2025-02-23 19:10:29+00,TXN-31B2B7BD2F72
1958,1958,credit_card,completed,80.99,2025-04-04 04:58:29+00,TXN-92BEC26A44E7
1959,1959,credit_card,completed,106.18,2025-04-07 12:24:29+00,TXN-A1080F950B58
1960,1960,debit_card,completed,68.98,2024-11-12 14:32:21+00,TXN-EEDC4AC85B04
1961,1961,credit_card,completed,434.97,2025-06-03 13:37:21+00,TXN-D4115D4FDDED
1962,1962,credit_card,completed,129.99,2025-07-09 12:23:30+00,TXN-F56B7D1C38EC
1963,1963,credit_card,completed,782.96,2025-12-12 08:12:59+00,TXN-D62BA5C648D6
1964,1964,credit_card,completed,839.94,2025-01-29 07:56:58+00,TXN-20E21CEC6FC3
1965,1965,debit_card,completed,534.96,2025-03-17 16:43:58+00,TXN-C32F546E63C0
1966,1966,paypal,completed,88.00,2024-04-08 15:43:16+00,TXN-B8CA2BD3B443
1967,1967,debit_card,completed,311.98,2024-05-19 02:58:16+00,TXN-69152D3F3B0A
1968,1968,credit_card,completed,68.98,2024-07-10 08:25:16+00,TXN-3D4718004402
1969,1969,credit_card,completed,365.47,2024-09-04 14:41:16+00,TXN-159B0AEA424F
1970,1970,apple_pay,completed,55.98,2024-09-11 19:14:16+00,TXN-5AE76202818A
1971,1971,apple_pay,completed,156.48,2024-10-08 01:25:16+00,TXN-E1EE0FB512D9
1972,1972,debit_card,completed,331.93,2024-09-27 04:38:13+00,TXN-D46D2B6490CE
1973,1973,credit_card,completed,319.98,2024-10-02 08:01:13+00,TXN-FF8AE73AE586
1974,1974,paypal,completed,565.48,2024-07-20 21:36:39+00,TXN-CE0E330EC9F1
1975,1975,paypal,failed,161.98,2024-09-01 00:53:39+00,TXN-68D99346BA45
1976,1976,debit_card,completed,709.96,2024-07-24 16:59:10+00,TXN-7BAFC7110E0C
1977,1977,apple_pay,completed,27.99,2025-11-06 17:29:03+00,TXN-52CCB23F2760
1978,1978,debit_card,completed,35.98,2024-04-27 03:26:08+00,TXN-249D78ED053B
1979,1979,credit_card,completed,139.98,2025-05-13 07:29:12+00,TXN-FDD06B89A45B
1980,1980,credit_card,pending,89.99,2025-06-21 16:23:12+00,TXN-EA99DFBBC5E8
1981,1981,apple_pay,completed,79.99,2024-09-07 03:49:35+00,TXN-1FC202FFAB99
1982,1982,credit_card,completed,209.97,2024-09-26 05:11:35+00,TXN-79559379ED0A
1983,1983,credit_card,completed,159.98,2024-02-11 08:10:55+00,TXN-7EB2955A116E
1984,1984,paypal,completed,83.95,2024-08-20 11:07:55+00,TXN-3BA454DF422E
1985,1985,apple_pay,refunded,402.97,2024-08-23 00:04:55+00,TXN-67A4BE1333DD
1986,1986,debit_card,completed,319.48,2024-09-25 01:49:55+00,TXN-4CBFDDE89F0B
1987,1987,credit_card,completed,75.98,2024-03-30 19:22:31+00,TXN-BA46466AF18D
1988,1988,credit_card,completed,589.42,2024-10-18 04:29:56+00,TXN-E132EFD990B8
1989,1989,debit_card,completed,136.00,2025-04-15 20:31:11+00,TXN-EA9296C0E57E
1990,1990,debit_card,completed,45.94,2025-03-03 02:37:17+00,TXN-D7744DCAB570
1991,1991,apple_pay,refunded,84.00,2025-03-07 06:41:17+00,TXN-CC42159D696F
1992,1992,debit_card,refunded,1049.96,2025-04-15 12:47:17+00,TXN-A02AE62C47A0
1993,1993,debit_card,completed,389.97,2024-06-04 17:17:20+00,TXN-1E8971B8807B
1994,1994,credit_card,completed,185.97,2024-03-04 04:13:40+00,TXN-4BE908C4757E
1995,1995,paypal,completed,33.99,2024-04-14 14:22:40+00,TXN-035AC7BD8432
1996,1996,credit_card,completed,284.95,2025-03-27 12:11:45+00,TXN-B4FECEB9312F
1997,1997,credit_card,completed,99.44,2025-05-23 23:01:45+00,TXN-A92D3E45FB7D
1998,1998,credit_card,completed,102.99,2025-06-01 09:05:45+00,TXN-DAEDC57B861F
1999,1999,debit_card,completed,539.97,2025-08-11 11:39:49+00,TXN-77078120F345
2000,2000,upi,completed,143.97,2025-09-29 00:24:49+00,TXN-C969F4547BEE
2001,2001,paypal,completed,107.99,2025-11-14 08:37:49+00,TXN-796CF53FBC19
2002,2002,credit_card,completed,441.97,2024-05-10 17:44:23+00,TXN-5620D81EC9B0
2003,2003,credit_card,completed,149.97,2024-05-29 22:05:23+00,TXN-42A505751B98
2004,2004,debit_card,completed,261.97,2025-10-29 22:15:14+00,TXN-26FB4EE53342
2005,2005,debit_card,completed,579.98,2024-08-21 07:24:12+00,TXN-00AABC70632C
2006,2006,credit_card,completed,159.99,2024-01-06 13:16:49+00,TXN-429D2EB6808F
2007,2007,paypal,completed,41.69,2024-11-26 17:59:46+00,TXN-3F2B8B429C5A
2008,2008,credit_card,completed,354.96,2024-08-13 14:51:45+00,TXN-DF4958A82423
2009,2009,paypal,completed,175.48,2024-07-30 12:46:41+00,TXN-2D5EBE1B123A
2010,2010,debit_card,completed,79.99,2024-09-19 16:12:41+00,TXN-9C531D179523
2011,2011,paypal,completed,35.98,2025-09-19 18:41:01+00,TXN-1E9312C6251D
2012,2012,paypal,completed,419.96,2025-01-18 12:03:08+00,TXN-7D8AA27CE260
2013,2013,credit_card,completed,75.98,2025-08-04 07:27:33+00,TXN-EABF66611BDC
2014,2014,debit_card,completed,329.38,2024-04-28 02:58:02+00,TXN-29C876E996BF
2015,2015,credit_card,completed,63.98,2024-05-07 09:08:02+00,TXN-2F36F1720549
2016,2016,debit_card,completed,197.99,2025-08-08 17:06:37+00,TXN-0EC2868CAD8F
2017,2017,credit_card,completed,71.99,2025-09-13 21:32:37+00,TXN-45422DF29B5E
2018,2018,debit_card,completed,139.98,2025-09-01 13:48:59+00,TXN-216B663EECED
2019,2019,credit_card,refunded,234.96,2025-10-18 20:57:59+00,TXN-428100F182E5
2020,2020,apple_pay,completed,65.98,2024-10-04 07:53:42+00,TXN-AE82B583A3FF
2021,2021,apple_pay,completed,231.98,2025-01-16 16:04:57+00,TXN-1D01F4A86922
2022,2022,credit_card,completed,149.98,2024-02-05 05:25:19+00,TXN-1C6396ADDDBB
2023,2023,paypal,completed,281.98,2024-03-29 12:18:19+00,TXN-537A2CC8C90E
2024,2024,credit_card,completed,27.99,2024-04-21 00:53:19+00,TXN-90188F84B052
2025,2025,apple_pay,completed,68.98,2024-06-16 09:20:19+00,TXN-75D50EEE1A11
2026,2026,credit_card,completed,32.98,2024-07-22 16:18:19+00,TXN-9CDFB2DBAC67
2027,2027,debit_card,completed,110.49,2024-08-25 19:50:19+00,TXN-756A578E359A
2028,2028,apple_pay,completed,89.99,2024-09-07 01:19:19+00,TXN-5EAD0C3C3E5D
2029,2029,credit_card,completed,644.97,2024-01-28 10:41:31+00,TXN-7553596091FA
2030,2030,apple_pay,completed,119.94,2025-06-19 03:18:59+00,TXN-B536B69C8FDF
2031,2031,apple_pay,completed,154.97,2025-06-24 10:21:59+00,TXN-70CA2E03318C
2032,2032,credit_card,completed,329.99,2025-07-04 21:41:59+00,TXN-0E8475E66064
2033,2033,upi,completed,450.95,2025-05-04 17:30:10+00,TXN-000718CDD800
2034,2034,paypal,completed,612.95,2024-09-26 18:52:44+00,TXN-6AFA359C1BE5
2035,2035,debit_card,completed,719.97,2024-11-17 00:07:44+00,TXN-6C5223594E52
2036,2036,credit_card,completed,189.98,2024-10-04 07:23:47+00,TXN-8721191B49A9
2037,2037,credit_card,completed,33.99,2024-04-25 21:32:19+00,TXN-EC6A5B32302F
2038,2038,credit_card,completed,207.96,2024-05-23 00:38:19+00,TXN-D8BA9DDA2A66
2039,2039,credit_card,completed,65.48,2024-12-04 18:01:15+00,TXN-A81499726684
2040,2040,credit_card,completed,55.98,2025-01-10 05:18:15+00,TXN-3D64DA71E8C9
2041,2041,debit_card,completed,75.98,2025-02-20 13:56:15+00,TXN-B7563DF5DF87
2042,2042,credit_card,completed,579.93,2025-01-30 09:56:35+00,TXN-7006A75D03C7
2043,2043,apple_pay,completed,296.99,2025-03-04 04:29:33+00,TXN-7D439056FFB9
2044,2044,credit_card,completed,94.99,2025-07-20 02:24:39+00,TXN-2B59250021A8
2045,2045,debit_card,pending,249.99,2025-09-09 09:09:39+00,TXN-79F0A8295C4F
2046,2046,credit_card,completed,249.99,2025-11-06 02:35:31+00,TXN-E9F32FBAF2C9
2047,2047,credit_card,completed,179.97,2025-11-04 09:20:32+00,TXN-3AA626E438D0
2048,2048,credit_card,completed,83.80,2025-11-16 17:34:32+00,TXN-FFFA179ABB3D
2049,2049,debit_card,completed,45.94,2025-12-04 19:22:32+00,TXN-2CDD303CBEAF
2050,2050,debit_card,completed,79.20,2026-01-18 00:31:32+00,TXN-23D41359FFA2
2051,2051,credit_card,completed,122.99,2024-02-25 22:30:41+00,TXN-10BFFA274BA2
2052,2052,debit_card,completed,287.20,2025-07-07 10:12:35+00,TXN-735F1EB79C01
2053,2053,paypal,completed,236.68,2025-07-12 20:10:35+00,TXN-CCD1A305DA75
2054,2054,upi,completed,369.96,2024-07-18 23:03:05+00,TXN-E458135358B4
2055,2055,upi,completed,309.98,2024-08-31 11:58:05+00,TXN-F9D7CDFDDEEF
2056,2056,apple_pay,completed,30.98,2024-10-24 16:01:05+00,TXN-78372A89699E
2057,2057,apple_pay,completed,389.96,2025-08-11 11:56:39+00,TXN-616F06A8DECE
2058,2058,credit_card,pending,249.97,2024-05-07 16:05:02+00,TXN-6118E37C2BF0
2059,2059,credit_card,completed,249.97,2024-05-14 23:05:02+00,TXN-2B19C6EC87C1
2060,2060,credit_card,completed,601.17,2025-06-23 14:07:14+00,TXN-B17EC601AC1A
2061,2061,apple_pay,failed,406.47,2025-07-24 23:34:14+00,TXN-1CF6827957D7
2062,2062,debit_card,completed,133.73,2025-08-28 04:16:14+00,TXN-DA7CA22D4D6C
2063,2063,debit_card,completed,40.98,2025-09-14 06:40:14+00,TXN-AB8B9C0E80D9
2064,2064,paypal,completed,75.98,2024-08-12 14:32:01+00,TXN-73EEA2806281
2065,2065,credit_card,completed,89.99,2024-09-30 19:46:01+00,TXN-423F548E4925
2066,2066,credit_card,completed,80.98,2024-11-20 21:12:01+00,TXN-0C1A1F6858AD
2067,2067,credit_card,completed,120.60,2024-12-21 06:59:01+00,TXN-C3B9B7306CC7
2068,2068,paypal,completed,90.99,2024-11-06 06:06:00+00,TXN-400907C05330
2069,2069,debit_card,completed,559.95,2024-11-17 10:49:32+00,TXN-D078ADBDCE54
2070,2070,credit_card,completed,281.97,2025-01-08 23:43:32+00,TXN-006A9764C969
2071,2071,credit_card,completed,359.98,2025-02-03 05:00:32+00,TXN-CDC174F15F5B
2072,2072,apple_pay,pending,35.98,2025-02-11 12:51:32+00,TXN-77C96D2EE64B
2073,2073,paypal,completed,73.99,2024-03-13 02:33:25+00,TXN-52C3AF64E7A9
2074,2074,paypal,completed,75.98,2025-04-18 10:44:04+00,TXN-43C86C3DFE39
2075,2075,debit_card,completed,185.99,2025-06-17 18:47:04+00,TXN-E57C049D66E3
2076,2076,paypal,completed,381.98,2025-06-30 07:22:04+00,TXN-AA97469E2C33
2077,2077,credit_card,completed,72.47,2025-03-20 16:47:31+00,TXN-0DF46CA45A03
2078,2078,debit_card,completed,143.99,2024-01-14 09:20:17+00,TXN-902D853F60E3
2079,2079,debit_card,completed,33.99,2024-03-09 13:09:17+00,TXN-A5F0D6273929
2080,2080,paypal,completed,399.99,2025-07-01 03:40:20+00,TXN-F17EDD7C60A0
2081,2081,credit_card,completed,211.98,2025-07-30 06:19:20+00,TXN-17746472B04D
2082,2082,credit_card,completed,228.21,2024-05-10 11:34:56+00,TXN-3E130791C04F
2083,2083,apple_pay,completed,47.99,2024-03-02 22:53:34+00,TXN-B1E35379DEB9
2084,2084,paypal,completed,327.98,2025-02-07 07:06:22+00,TXN-469995254F19
2085,2085,debit_card,completed,208.93,2024-12-15 07:44:06+00,TXN-09AF804B404D
2086,2086,credit_card,completed,280.49,2025-02-01 05:09:51+00,TXN-3F8B8EA3539D
2087,2087,apple_pay,completed,69.99,2024-05-26 14:09:57+00,TXN-B8281BD041DA
2088,2088,bank_transfer,completed,399.97,2025-07-16 16:08:11+00,TXN-EF684983AAA3
2089,2089,bank_transfer,completed,179.98,2025-01-22 17:32:26+00,TXN-3EE04C074160
2090,2090,credit_card,completed,179.96,2025-10-21 20:20:40+00,TXN-8D654A946618
2091,2091,credit_card,refunded,249.96,2025-11-03 05:31:40+00,TXN-637025D753FE
2092,2092,paypal,completed,158.46,2025-12-25 11:34:40+00,TXN-A1604DEE046C
2093,2093,credit_card,completed,859.97,2025-11-19 21:14:56+00,TXN-2BEE32AF3E71
2094,2094,apple_pay,completed,79.99,2024-08-22 04:39:22+00,TXN-0CE5C9BC90B6
2095,2095,debit_card,completed,579.98,2024-08-28 15:22:22+00,TXN-4FCDE300CF33
2096,2096,paypal,completed,659.98,2024-10-12 13:59:30+00,TXN-EDD49BB98FCC
2097,2097,credit_card,completed,230.98,2024-11-18 01:52:19+00,TXN-982294609E42
2098,2098,paypal,completed,170.99,2024-12-21 14:35:19+00,TXN-E8125903FEF8
2099,2099,credit_card,completed,127.99,2025-07-07 02:16:00+00,TXN-45D3A11E1760
2100,2100,credit_card,completed,30.98,2024-04-28 11:12:25+00,TXN-A370A02E75FE
2101,2101,debit_card,completed,229.98,2024-10-12 13:52:48+00,TXN-6EE73C4CAD45
2102,2102,credit_card,failed,597.97,2024-05-29 05:33:48+00,TXN-203DFD5E1AE4
2103,2103,paypal,completed,106.59,2024-07-09 13:48:48+00,TXN-A6919AF56FBE
2104,2104,paypal,completed,29.79,2025-02-18 05:01:11+00,TXN-62A5CD0482B5
2105,2105,paypal,refunded,239.98,2025-04-07 14:03:11+00,TXN-DED59FB793E2
2106,2106,credit_card,completed,209.97,2024-10-09 18:34:52+00,TXN-87E13E75C57E
2107,2107,apple_pay,completed,619.95,2025-03-21 14:37:37+00,TXN-05ECBE823BC2
2108,2108,credit_card,completed,37.99,2025-04-20 23:36:37+00,TXN-014B7149E041
2109,2109,paypal,completed,65.97,2025-05-27 07:36:37+00,TXN-38847227B7A3
2110,2110,paypal,completed,99.99,2025-10-14 03:55:25+00,TXN-AA997C7F2F5F
2111,2111,credit_card,completed,259.98,2025-11-16 11:12:25+00,TXN-75F0F457615D
2112,2112,debit_card,completed,234.98,2025-06-20 01:04:04+00,TXN-A052A20AE1AF
2113,2113,credit_card,completed,272.48,2025-07-16 03:02:04+00,TXN-19EA2DEB388F
2114,2114,paypal,completed,124.99,2024-06-26 12:48:25+00,TXN-D8C22D8AF9FD
2115,2115,paypal,completed,84.98,2024-07-24 16:08:25+00,TXN-EA660E2B7BC0
2116,2116,paypal,completed,97.48,2024-06-12 05:15:43+00,TXN-467B66B00E2E
2117,2117,paypal,completed,299.97,2024-06-27 17:40:43+00,TXN-0D2EEA398255
2118,2118,paypal,completed,189.98,2024-07-27 06:25:43+00,TXN-1D3E6A6BB46C
2119,2119,credit_card,completed,225.99,2024-09-24 12:09:43+00,TXN-CA9356BD3D6E
2120,2120,credit_card,completed,55.98,2024-04-19 15:19:18+00,TXN-1667BF48C990
2121,2121,paypal,completed,63.79,2025-08-28 22:27:46+00,TXN-9B70CF9E4093
2122,2122,credit_card,completed,75.98,2025-03-06 06:55:00+00,TXN-79B65BAF3484
2123,2123,upi,completed,35.98,2024-04-04 07:21:48+00,TXN-9DEE4BC2A106
2124,2124,paypal,completed,55.97,2025-02-09 09:49:19+00,TXN-78BFFFF6C96F
2125,2125,upi,completed,479.95,2024-06-15 15:26:25+00,TXN-E7C4429A67E5
2126,2126,credit_card,completed,85.47,2024-07-18 19:23:25+00,TXN-1C6DB645594A
2127,2127,credit_card,completed,98.78,2025-09-03 01:24:28+00,TXN-B9C49DFCABB4
2128,2128,upi,completed,399.98,2025-09-19 12:32:28+00,TXN-538A7482E0FE
2129,2129,bank_transfer,completed,73.48,2025-09-27 00:25:28+00,TXN-36C8338F8327
2130,2130,credit_card,completed,674.97,2024-01-08 17:44:08+00,TXN-7655CA53334D
2131,2131,credit_card,completed,169.99,2024-05-22 23:36:11+00,TXN-0EEF4A3D3CF5
2132,2132,debit_card,completed,249.99,2025-04-06 15:56:19+00,TXN-47164607C9C3
2133,2133,debit_card,completed,369.97,2024-03-19 02:23:01+00,TXN-6AC73DF7A523
2134,2134,paypal,completed,1039.96,2024-05-15 22:14:57+00,TXN-74BE9BB0863D
2135,2135,debit_card,completed,179.99,2024-07-10 09:45:57+00,TXN-C22D5D659AEB
2136,2136,debit_card,completed,362.47,2025-05-01 21:33:44+00,TXN-F8FA845466E4
2137,2137,bank_transfer,completed,449.96,2025-05-22 03:46:44+00,TXN-9EC1BAFEC73B
2138,2138,debit_card,completed,224.97,2025-06-15 09:16:44+00,TXN-B0137CC35A94
2139,2139,credit_card,completed,137.69,2025-08-31 15:21:24+00,TXN-863609B914D8
2140,2140,credit_card,completed,35.98,2025-09-23 17:28:09+00,TXN-50D272FAB221
2141,2141,debit_card,completed,73.99,2024-04-04 17:29:48+00,TXN-53BF2A240203
